drug_idx,side_effect_idx
213,0
213,3
213,160
213,19
213,22
213,28
213,94
213,29
213,32
213,37
213,40
213,42
213,59
213,67
213,72
213,212
213,81
213,85
213,100
213,107
213,113
213,120
213,123
213,126
213,319
213,101
213,143
213,53
213,156
213,158
213,177
213,175
213,171
213,192
213,196
213,198
213,199
213,207
213,216
213,88
213,253
213,243
213,200
213,266
213,293
213,296
213,299
213,301
213,314
213,325
213,330
213,83
213,338
213,354
213,377
213,27
213,391
213,396
213,398
213,397
213,285
213,220
213,8
213,221
213,259
213,256
213,222
213,255
541,23
541,26
541,293
541,379
541,219
8,22
8,248
8,212
8,107
8,284
8,319
8,101
8,143
8,53
8,158
8,177
8,64
8,175
8,171
8,186
8,190
8,202
8,207
8,232
8,266
8,269
8,273
8,274
8,356
8,293
8,299
8,300
8,314
8,328
8,83
8,340
8,307
8,360
8,370
8,137
8,27
8,396
8,73
8,322
8,155
8,36
8,16
8,118
8,371
8,379
8,109
8,355
8,341
8,183
8,47
8,306
8,149
8,321
8,347
8,9
8,214
8,213
8,46
680,18
680,28
680,94
680,212
680,81
680,101
680,107
680,319
680,142
680,147
680,37
680,198
680,231
680,233
680,266
680,314
680,83
680,348
680,360
680,137
680,379
680,396
680,399
680,240
680,109
680,148
680,209
680,24
680,23
680,48
680,326
680,53
680,353
680,113
680,238
680,337
680,3
680,160
680,78
680,120
680,123
680,126
680,158
680,340
680,327
680,4
680,332
680,73
680,277
680,278
961,3
961,160
961,23
961,32
961,33
961,256
961,37
961,38
961,42
961,60
961,72
961,85
961,96
961,107
961,113
961,126
961,319
961,101
961,53
961,152
961,177
961,63
961,188
961,198
961,199
961,207
961,210
961,215
961,229
961,88
961,253
961,87
961,200
961,261
961,10
961,266
961,293
961,299
961,301
961,73
961,337
961,353
961,238
961,354
961,368
961,382
961,381
961,27
961,396
961,399
961,375
961,258
961,145
961,339
961,259
961,71
961,356
961,24
961,393
961,189
961,245
961,351
961,195
961,46
961,178
961,93
1032,3
1032,160
1032,23
1032,22
1032,28
1032,94
1032,29
1032,33
1032,256
1032,34
1032,37
1032,42
1032,248
1032,69
1032,267
1032,72
1032,212
1032,80
1032,81
1032,85
1032,90
1032,100
1032,107
1032,113
1032,123
1032,126
1032,131
1032,284
1032,132
1032,134
1032,319
1032,101
1032,147
1032,53
1032,150
1032,152
1032,156
1032,158
1032,177
1032,64
1032,65
1032,170
1032,175
1032,171
1032,192
1032,190
1032,196
1032,198
1032,202
1032,207
1032,290
1032,88
1032,253
1032,242
1032,257
1032,261
1032,10
1032,266
1032,273
1032,274
1032,356
1032,293
1032,295
1032,296
1032,298
1032,299
1032,301
1032,308
1032,309
1032,314
1032,317
1032,316
1032,330
1032,336
1032,337
1032,338
1032,342
1032,350
1032,195
1032,353
1032,238
1032,354
1032,358
1032,360
1032,368
1032,377
1032,379
1032,27
1032,385
1032,386
1032,396
1032,397
1032,117
1032,73
1032,180
1032,14
1032,285
1032,220
1032,219
1032,371
1032,340
1032,259
1032,71
1032,1
1032,323
1032,2
1032,218
1032,217
1032,197
1032,56
1032,214
1032,213
1032,46
1032,222
1032,78
1032,344
1033,3
1033,160
1033,42
1033,107
1033,53
1033,198
1033,207
1033,210
1033,266
1033,27
1033,396
1033,336
1033,56
1033,46
29,170
29,293
29,347
32,126
32,152
32,207
32,350
32,195
32,56
41,23
41,26
41,31
41,32
41,37
41,40
41,41
41,42
41,60
41,72
41,85
41,113
41,114
41,344
41,126
41,319
41,101
41,152
41,177
41,63
41,64
41,65
41,198
41,199
41,207
41,242
41,261
41,10
41,264
41,266
41,274
41,356
41,282
41,335
41,202
41,293
41,296
41,299
41,334
41,83
41,70
41,350
41,195
41,353
41,238
41,337
41,354
41,364
41,368
41,379
41,389
41,390
41,396
41,117
41,310
41,387
41,61
41,251
41,11
41,388
41,220
41,262
41,235
41,141
41,1
41,29
41,109
41,14
41,256
41,71
41,120
41,393
41,56
41,50
41,328
41,363
559,7
559,37
559,273
559,77
559,78
559,148
559,96
559,113
559,284
559,142
559,53
559,177
559,66
559,199
559,205
559,224
559,268
559,293
559,303
559,316
559,333
559,83
559,337
559,354
559,358
559,361
559,238
559,14
559,355
559,227
559,151
559,328
559,344
960,22
960,31
960,37
960,42
960,59
960,212
960,85
960,107
960,113
960,123
960,130
960,284
960,319
960,101
960,53
960,152
960,177
960,63
960,66
960,169
960,170
960,175
960,171
960,191
960,193
960,194
960,196
960,199
960,202
960,204
960,205
960,207
960,216
960,88
960,253
960,294
960,231
960,260
960,261
960,10
960,264
960,266
960,282
960,335
960,293
960,301
960,314
960,325
960,330
960,83
960,337
960,338
960,340
960,352
960,353
960,238
960,354
960,360
960,137
960,372
960,373
960,310
960,377
960,385
960,386
960,389
960,399
960,221
960,117
960,61
960,220
960,8
960,219
960,109
960,148
960,106
960,336
960,324
960,218
960,217
960,149
960,258
960,56
960,3
960,274
960,48
960,351
960,195
960,153
960,6
960,395
74,212
74,142
74,53
74,293
74,303
97,23
97,28
97,94
97,319
97,101
97,142
97,152
97,177
97,170
97,198
97,231
97,266
97,268
97,282
97,335
97,202
97,350
97,195
97,352
97,354
97,396
97,220
97,341
142,284
142,319
142,101
142,202
142,293
142,299
142,314
142,137
142,144
142,341
148,18
148,28
148,94
148,248
148,107
148,158
148,164
148,177
148,224
148,266
148,273
148,343
148,374
148,376
148,373
148,379
148,396
148,14
148,241
148,371
148,340
148,1
148,120
194,7
194,28
194,94
194,32
194,37
194,77
194,78
194,148
194,81
194,97
194,107
194,113
194,284
194,63
194,192
194,198
194,207
194,266
194,268
194,314
194,353
194,238
194,337
194,385
194,386
194,396
194,349
194,99
194,56
194,363
194,299
194,120
568,96
245,2
245,15
245,23
245,30
245,26
245,78
245,148
245,90
245,97
245,101
245,107
245,319
245,143
245,53
245,164
245,177
245,49
245,198
245,210
245,233
245,266
245,273
245,276
245,278
245,298
245,314
245,348
245,360
245,379
245,396
245,61
245,371
245,340
245,337
245,144
245,321
245,158
245,347
245,293
245,115
245,46
157,107
157,161
157,158
157,225
157,266
157,273
157,278
157,314
157,371
157,340
157,240
157,109
157,148
157,209
157,183
157,367
256,220
270,37
270,78
270,148
270,107
270,196
270,203
270,207
270,266
270,299
270,396
270,73
270,1
270,119
270,4
270,363
248,7
248,212
248,107
248,319
248,101
248,142
248,53
248,150
248,159
248,196
248,206
248,266
248,268
248,303
248,370
248,396
248,1
248,355
1107,28
1107,94
1107,38
1107,78
1107,148
1107,81
1107,107
1107,113
1107,114
1107,344
1107,120
1107,123
1107,130
1107,284
1107,134
1107,138
1107,286
1107,319
1107,101
1107,176
1107,177
1107,182
1107,231
1107,266
1107,314
1107,364
1107,137
1107,379
1107,396
1107,398
1107,61
1107,235
1107,4
1107,1
1107,341
1107,347
1107,293
1107,178
1107,93
319,13
319,77
319,78
319,148
319,114
319,344
319,119
319,291
319,319
319,101
319,177
319,66
319,198
319,299
319,315
319,83
319,368
319,391
319,110
181,2
181,3
181,160
181,13
181,18
181,19
181,20
181,21
181,23
181,22
181,26
181,28
181,94
181,29
181,32
181,33
181,256
181,34
181,37
181,38
181,39
181,42
181,248
181,57
181,60
181,59
181,67
181,267
181,72
181,76
181,77
181,212
181,78
181,148
181,79
181,80
181,81
181,82
181,85
181,91
181,92
181,43
181,93
181,234
181,112
181,124
181,96
181,97
181,98
181,105
181,102
181,107
181,108
181,113
181,119
181,291
181,120
181,121
181,122
181,123
181,126
181,127
181,129
181,130
181,131
181,284
181,134
181,136
181,138
181,286
181,319
181,101
181,140
181,143
181,147
181,53
181,150
181,152
181,156
181,157
181,161
181,158
181,159
181,162
181,164
181,165
181,167
181,176
181,177
181,64
181,175
181,171
181,182
181,187
181,193
181,194
181,195
181,198
181,199
181,202
181,204
181,207
181,290
181,210
181,216
181,224
181,225
181,116
181,229
181,88
181,253
181,231
181,232
181,233
181,242
181,249
181,87
181,200
181,257
181,153
181,260
181,261
181,10
181,264
181,265
181,266
181,269
181,273
181,274
181,356
181,275
181,280
181,281
181,293
181,294
181,295
181,296
181,297
181,298
181,299
181,301
181,303
181,309
181,311
181,378
181,314
181,315
181,316
181,329
181,330
181,83
181,333
181,338
181,340
181,343
181,346
181,348
181,70
181,307
181,350
181,353
181,238
181,337
181,354
181,358
181,360
181,364
181,368
181,372
181,310
181,374
181,377
181,376
181,373
181,379
181,382
181,381
181,27
181,385
181,386
181,391
181,396
181,398
181,397
181,399
181,117
181,375
181,73
181,14
181,251
181,11
181,305
181,285
181,181
181,252
181,250
181,365
181,8
181,221
181,184
181,237
181,255
181,145
181,118
181,227
181,241
181,371
181,240
181,109
181,209
181,259
181,254
181,211
181,4
181,110
181,111
181,357
181,247
181,244
181,5
181,320
181,139
181,222
181,1
181,185
181,71
181,179
181,190
181,135
181,178
181,141
181,393
181,306
181,218
181,217
181,321
181,197
181,332
181,277
181,278
181,239
181,50
181,84
181,146
181,394
181,395
181,99
181,86
181,189
181,245
181,351
181,9
181,214
181,213
181,128
181,302
181,228
181,258
181,331
181,344
181,149
181,380
446,0
446,3
446,2
446,160
446,18
446,20
446,21
446,23
446,26
446,29
446,33
446,256
446,34
446,37
446,38
446,42
446,248
446,75
446,54
446,57
446,60
446,59
446,270
446,62
446,67
446,267
446,72
446,265
446,330
446,212
446,78
446,148
446,79
446,80
446,81
446,82
446,85
446,91
446,92
446,43
446,234
446,112
446,124
446,100
446,101
446,104
446,107
446,113
446,120
446,122
446,123
446,126
446,129
446,131
446,284
446,132
446,134
446,138
446,319
446,143
446,147
446,53
446,150
446,152
446,156
446,157
446,161
446,158
446,167
446,177
446,64
446,169
446,170
446,174
446,175
446,171
446,182
446,186
446,187
446,192
446,190
446,194
446,195
446,198
446,199
446,202
446,203
446,210
446,215
446,216
446,224
446,225
446,226
446,35
446,291
446,229
446,88
446,253
446,294
446,231
446,58
446,242
446,246
446,249
446,87
446,200
446,257
446,153
446,261
446,10
446,264
446,266
446,269
446,273
446,274
446,356
446,276
446,278
446,282
446,335
446,292
446,293
446,296
446,297
446,299
446,301
446,303
446,309
446,311
446,378
446,314
446,316
446,318
446,383
446,337
446,338
446,340
446,342
446,70
446,307
446,352
446,353
446,238
446,354
446,361
446,362
446,364
446,368
446,370
446,137
446,372
446,373
446,310
446,374
446,377
446,376
446,379
446,382
446,381
446,27
446,385
446,386
446,391
446,392
446,395
446,396
446,398
446,397
446,117
446,14
446,251
446,11
446,285
446,181
446,95
446,250
446,258
446,388
446,8
446,221
446,262
446,236
446,55
446,304
446,45
446,16
446,339
446,118
446,241
446,371
446,240
446,109
446,209
446,259
446,211
446,94
446,1
446,4
446,355
446,119
446,320
446,144
446,71
446,245
446,183
446,151
446,116
446,324
446,24
446,218
446,217
446,332
446,73
446,121
446,239
446,50
446,341
446,146
446,394
446,86
446,154
446,189
446,115
446,351
446,9
446,214
446,213
446,46
446,128
446,302
446,228
446,222
446,178
446,93
446,344
446,380
446,6
731,25
731,42
731,96
731,107
731,311
731,284
731,198
731,207
731,266
731,293
731,330
731,83
731,354
731,358
731,379
731,391
731,396
731,375
731,73
731,393
731,33
731,256
731,248
731,60
731,59
731,62
731,72
731,212
731,80
731,85
731,106
731,113
731,126
731,129
731,136
731,319
731,101
731,142
731,147
731,37
731,53
731,150
731,161
731,158
731,177
731,65
731,66
731,174
731,199
731,206
731,242
731,257
731,273
731,301
731,303
731,314
731,317
731,325
731,348
731,361
731,372
731,374
731,376
731,373
731,399
731,341
731,241
731,371
731,340
731,240
731,109
731,148
731,209
731,94
731,4
731,71
731,294
731,359
731,288
731,289
731,217
731,274
731,9
731,214
731,213
731,128
731,45
731,302
731,228
731,331
731,265
731,125
410,3
410,160
410,15
410,23
410,75
410,78
410,148
410,97
410,107
410,113
410,126
410,284
410,319
410,101
410,176
410,177
410,198
410,207
410,233
410,263
410,264
410,266
410,268
410,293
410,314
410,316
410,325
410,329
410,83
410,70
410,353
410,238
410,337
410,360
410,362
410,364
410,396
410,51
410,220
410,255
410,240
410,109
410,209
410,259
410,256
410,24
410,56
410,227
828,23
828,26
828,38
828,85
828,114
828,344
828,123
828,126
828,129
828,284
828,319
828,101
828,53
828,152
828,158
828,64
828,174
828,198
828,207
828,210
828,242
828,266
828,301
828,314
828,348
828,350
828,195
828,353
828,113
828,238
828,337
828,354
828,379
828,27
828,396
828,399
828,60
828,145
828,371
828,340
828,71
828,357
828,247
828,137
828,24
828,146
828,154
828,128
828,331
828,265
828,149
317,3
317,160
317,18
317,23
317,22
317,28
317,94
317,29
317,33
317,256
317,37
317,42
317,248
317,69
317,273
317,267
317,72
317,77
317,212
317,78
317,148
317,79
317,80
317,81
317,82
317,85
317,93
317,124
317,96
317,100
317,107
317,113
317,126
317,284
317,286
317,319
317,101
317,142
317,143
317,147
317,53
317,158
317,159
317,177
317,64
317,49
317,175
317,171
317,191
317,194
317,198
317,199
317,202
317,203
317,205
317,206
317,207
317,210
317,215
317,225
317,326
317,231
317,233
317,242
317,266
317,276
317,278
317,279
317,282
317,335
317,293
317,294
317,297
317,299
317,309
317,314
317,315
317,317
317,329
317,83
317,342
317,353
317,238
317,337
317,354
317,360
317,361
317,368
317,370
317,374
317,377
317,376
317,373
317,379
317,27
317,396
317,398
317,375
317,14
317,305
317,285
317,181
317,258
317,220
317,184
317,237
317,255
317,55
317,145
317,241
317,371
317,340
317,223
317,240
317,109
317,209
317,259
317,244
317,341
317,359
317,288
317,289
317,336
317,183
317,47
317,393
317,227
317,321
317,367
317,277
317,394
317,395
317,154
317,351
317,195
317,201
317,52
317,21
317,214
317,213
317,46
317,128
317,298
317,222
317,208
317,178
317,344
755,3
755,160
755,15
755,18
755,22
755,28
755,94
755,29
755,32
755,33
755,256
755,37
755,42
755,72
755,78
755,148
755,79
755,81
755,85
755,96
755,107
755,113
755,120
755,123
755,126
755,127
755,284
755,319
755,101
755,142
755,147
755,53
755,150
755,152
755,177
755,170
755,174
755,182
755,190
755,195
755,198
755,199
755,205
755,207
755,233
755,264
755,266
755,293
755,294
755,295
755,299
755,301
755,309
755,330
755,83
755,354
755,360
755,137
755,396
755,117
755,305
755,285
755,220
755,235
755,240
755,109
755,209
755,259
755,4
755,218
755,217
755,332
755,73
755,239
755,146
755,351
755,222
755,344
665,131
665,319
665,101
665,300
665,340
665,137
665,341
665,347
665,293
386,109
394,25
394,29
394,40
394,126
394,142
394,177
394,199
394,266
394,268
394,296
394,354
394,396
394,387
394,90
394,141
394,246
394,56
450,0
450,3
450,23
450,26
450,33
450,256
450,100
450,113
450,122
450,284
450,138
450,319
450,101
450,177
450,203
450,224
450,226
450,88
450,253
450,249
450,261
450,10
450,266
450,274
450,356
450,293
450,297
450,314
450,316
450,70
450,361
450,379
450,382
450,381
450,396
450,250
450,355
450,318
450,38
450,50
450,150
450,2
450,251
450,380
891,0
891,3
891,160
891,18
891,20
891,23
891,26
891,29
891,33
891,256
891,37
891,42
891,248
891,54
891,57
891,212
891,81
891,100
891,107
891,113
891,122
891,123
891,284
891,138
891,319
891,101
891,143
891,147
891,53
891,150
891,158
891,177
891,64
891,198
891,203
891,210
891,216
891,224
891,226
891,88
891,253
891,58
891,242
891,249
891,200
891,261
891,10
891,266
891,269
891,273
891,274
891,356
891,293
891,296
891,297
891,299
891,301
891,314
891,316
891,330
891,338
891,70
891,361
891,372
891,379
891,382
891,381
891,27
891,391
891,396
891,398
891,285
891,250
891,8
891,221
891,241
891,371
891,340
891,259
891,355
891,318
891,183
891,24
891,38
891,50
891,86
891,85
891,214
891,213
891,222
891,2
891,344
891,251
891,380
816,7
816,23
816,286
816,53
816,326
816,268
816,293
816,308
816,309
816,370
816,72
816,227
693,18
693,101
693,113
693,177
693,293
693,299
693,314
693,83
693,379
693,104
560,3
560,160
560,33
560,256
560,42
560,248
560,62
560,72
560,212
560,81
560,96
560,100
560,113
560,284
560,319
560,101
560,147
560,37
560,53
560,150
560,177
560,198
560,272
560,229
560,153
560,266
560,293
560,297
560,278
560,301
560,314
560,330
560,358
560,376
560,373
560,27
560,392
560,396
560,117
560,73
560,181
560,220
560,219
560,241
560,240
560,109
560,148
560,209
560,259
560,336
560,2
560,332
560,58
560,351
560,195
560,222
562,25
562,42
562,67
562,77
562,96
562,107
562,311
562,284
562,198
562,206
562,207
562,266
562,293
562,330
562,333
562,83
562,354
562,358
562,361
562,379
562,391
562,396
562,375
562,73
562,235
562,113
562,393
562,394
562,395
561,23
561,26
561,38
561,79
561,85
561,90
561,126
561,152
561,207
561,293
561,295
561,314
561,330
561,352
561,353
561,113
561,238
561,337
561,354
561,137
561,379
561,399
561,285
561,227
561,56
155,3
155,160
155,29
155,32
155,37
155,69
155,78
155,148
155,126
155,319
155,101
155,142
155,147
155,150
155,196
155,224
155,266
155,268
155,282
155,335
155,202
155,370
155,396
155,1
155,149
155,363
155,299
701,18
701,22
701,40
701,78
701,148
701,107
701,126
701,130
701,284
701,133
701,53
701,177
701,65
701,169
701,170
701,175
701,171
701,196
701,198
701,215
701,184
701,266
701,293
701,309
701,314
701,317
701,318
701,383
701,337
701,360
701,362
701,137
701,379
701,384
701,285
701,341
701,219
701,103
701,322
701,36
701,16
701,240
701,106
701,24
701,23
701,102
701,261
584,0
584,3
584,2
584,23
584,22
584,28
584,94
584,29
584,33
584,256
584,37
584,38
584,42
584,248
584,72
584,212
584,80
584,81
584,85
584,96
584,107
584,113
584,120
584,123
584,126
584,132
584,133
584,319
584,101
584,147
584,53
584,152
584,156
584,158
584,177
584,64
584,195
584,198
584,199
584,207
584,233
584,242
584,264
584,266
584,269
584,273
584,279
584,293
584,294
584,296
584,299
584,309
584,314
584,337
584,348
584,354
584,360
584,137
584,372
584,379
584,27
584,391
584,396
584,397
584,399
584,117
584,60
584,73
584,285
584,220
584,219
584,118
584,241
584,371
584,340
584,240
584,109
584,148
584,209
584,259
584,4
584,217
584,189
584,245
584,214
584,213
584,46
584,128
584,222
584,149
1048,104
1048,198
1048,137
1048,102
1048,347
1048,293
999,3
999,160
999,32
999,37
999,212
999,78
999,148
999,107
999,319
999,101
999,142
999,53
999,150
999,63
999,41
999,175
999,171
999,196
999,207
999,266
999,293
999,303
999,370
999,396
999,1
999,109
999,119
999,299
999,208
655,17
655,31
655,107
655,319
655,101
655,177
655,266
655,283
655,287
655,293
655,299
655,364
655,391
655,396
655,53
655,178
655,93
431,32
431,248
431,72
431,82
431,114
431,344
431,142
431,152
431,158
431,176
431,175
431,171
431,194
431,202
431,204
431,205
431,260
431,261
431,10
431,266
431,268
431,273
431,274
431,356
431,296
431,299
431,315
431,317
431,70
431,350
431,195
431,354
431,137
431,389
431,396
431,387
431,388
431,262
431,341
431,371
431,340
431,235
431,113
431,110
431,244
431,14
431,295
431,50
431,115
431,351
431,199
431,222
431,327
431,325
431,363
1212,0
1212,3
1212,160
1212,18
1212,25
1212,26
1212,29
1212,32
1212,33
1212,256
1212,77
1212,78
1212,148
1212,124
1212,107
1212,126
1212,319
1212,101
1212,147
1212,37
1212,53
1212,152
1212,177
1212,63
1212,65
1212,66
1212,204
1212,224
1212,261
1212,10
1212,266
1212,274
1212,356
1212,296
1212,314
1212,83
1212,337
1212,350
1212,195
1212,354
1212,368
1212,379
1212,396
1212,397
1212,399
1212,251
1212,11
1212,255
1212,211
1212,110
1212,96
1212,197
1212,14
1212,351
1212,222
1265,25
1265,32
1265,53
1265,66
1265,199
1265,207
1265,261
1265,10
1265,303
1265,354
1265,254
728,152
728,203
728,207
728,337
728,350
728,195
728,349
728,99
745,3
745,160
745,13
745,25
745,26
745,29
745,33
745,256
745,34
745,37
745,42
745,248
745,57
745,267
745,72
745,212
745,80
745,101
745,113
745,123
745,131
745,319
745,143
745,147
745,150
745,156
745,161
745,158
745,165
745,177
745,64
745,170
745,187
745,191
745,198
745,199
745,203
745,206
745,210
745,112
745,224
745,231
745,233
745,265
745,266
745,273
745,274
745,356
745,280
745,281
745,293
745,294
745,296
745,299
745,311
745,378
745,313
745,312
745,314
745,333
745,253
745,353
745,238
745,337
745,358
745,360
745,137
745,376
745,373
745,27
745,391
745,396
745,398
745,117
745,14
745,251
745,11
745,252
745,348
745,250
745,365
745,236
745,118
745,227
745,241
745,371
745,340
745,1
745,4
745,110
745,111
745,244
745,5
745,179
745,245
745,183
745,393
745,189
745,214
745,213
745,46
745,128
745,222
745,344
1130,3
1130,160
1130,7
1130,23
1130,28
1130,94
1130,29
1130,32
1130,37
1130,75
1130,60
1130,69
1130,72
1130,212
1130,81
1130,90
1130,124
1130,96
1130,107
1130,2
1130,113
1130,126
1130,284
1130,319
1130,101
1130,142
1130,147
1130,53
1130,177
1130,66
1130,198
1130,203
1130,205
1130,207
1130,224
1130,326
1130,261
1130,10
1130,266
1130,268
1130,287
1130,296
1130,299
1130,303
1130,314
1130,83
1130,70
1130,352
1130,353
1130,238
1130,337
1130,354
1130,370
1130,379
1130,396
1130,59
1130,51
1130,89
1130,48
1130,235
1130,110
1130,355
1130,336
1130,393
1130,149
1130,151
1130,351
1130,195
1130,202
1130,120
1130,150
1130,327
1130,325
1130,363
859,3
859,160
859,18
859,19
859,23
859,25
859,26
859,28
859,94
859,32
859,33
859,256
859,34
859,37
859,40
859,54
859,59
859,74
859,85
859,124
859,104
859,106
859,107
859,113
859,123
859,126
859,131
859,284
859,136
859,286
859,319
859,101
859,143
859,53
859,150
859,152
859,158
859,159
859,163
859,166
859,177
859,174
859,175
859,171
859,182
859,187
859,191
859,198
859,202
859,207
859,290
859,112
859,216
859,225
859,226
859,230
859,229
859,88
859,253
859,233
859,58
859,200
859,263
859,266
859,268
859,274
859,356
859,293
859,296
859,299
859,311
859,378
859,314
859,329
859,330
859,337
859,342
859,348
859,350
859,195
859,353
859,238
859,354
859,364
859,365
859,379
859,382
859,381
859,27
859,391
859,396
859,117
859,375
859,73
859,61
859,285
859,181
859,250
859,151
859,236
859,103
859,322
859,339
859,118
859,241
859,371
859,340
859,259
859,254
859,149
859,185
859,341
859,135
859,324
859,137
859,393
859,2
859,321
859,146
859,86
859,201
859,52
859,222
859,255
859,363
859,344
859,6
859,395
862,40
862,85
862,113
862,177
862,188
862,264
862,266
862,296
862,396
862,222
862,1
862,3
862,160
862,21
862,23
862,26
862,29
862,32
862,33
862,256
862,34
862,37
862,42
862,248
862,44
862,103
862,60
862,59
862,72
862,78
862,148
862,81
862,91
862,92
862,43
862,124
862,107
862,120
862,122
862,123
862,126
862,129
862,284
862,134
862,136
862,319
862,101
862,147
862,53
862,150
862,152
862,158
862,162
862,64
862,65
862,125
862,198
862,199
862,207
862,210
862,216
862,224
862,88
862,253
862,242
862,273
862,274
862,356
862,282
862,335
862,202
862,293
862,295
862,299
862,301
862,314
862,330
862,333
862,83
862,337
862,338
862,343
862,348
862,252
862,353
862,238
862,354
862,365
862,368
862,137
862,379
862,391
862,398
862,117
862,61
862,14
862,251
862,11
862,285
862,250
862,240
862,109
862,209
862,259
862,254
862,71
862,211
862,4
862,244
862,355
862,247
862,111
862,144
862,5
862,324
862,141
862,218
862,217
862,50
862,84
862,151
862,189
862,245
862,351
862,195
862,9
862,302
862,228
862,328
862,331
862,265
862,363
862,344
862,227
862,6
862,395
871,3
871,160
871,29
871,32
871,37
871,90
871,113
871,147
871,296
871,353
871,238
871,337
871,354
871,379
871,235
871,393
871,351
871,195
871,202
871,363
871,299
876,32
876,78
876,148
876,113
876,114
876,344
876,177
876,207
876,233
876,266
876,83
876,360
876,396
876,298
876,139
876,277
876,278
878,29
878,32
878,126
878,142
878,177
878,199
878,295
878,350
878,195
878,396
878,305
878,72
878,13
878,56
878,50
599,212
599,284
599,142
599,53
599,206
599,303
975,3
975,160
975,23
975,32
975,33
975,256
975,37
975,60
975,78
975,148
975,124
975,107
975,113
975,126
975,319
975,101
975,147
975,177
975,63
975,41
975,198
975,207
975,326
975,87
975,253
975,266
975,282
975,335
975,202
975,287
975,293
975,299
975,314
975,83
975,352
975,358
975,379
975,396
975,398
975,51
975,89
975,48
975,4
975,119
975,285
975,255
975,150
975,2
975,327
975,325
975,363
975,1
1039,28
1039,94
1039,33
1039,256
1039,166
1039,75
1039,127
1039,319
1039,101
1039,53
1039,182
1039,198
1039,266
1039,271
1039,369
1039,314
1039,360
1039,379
1039,396
1039,240
1039,109
1039,148
1039,209
1039,259
1039,158
1039,123
1039,185
1039,306
1039,307
1039,321
1039,201
1039,52
1041,177
1041,266
1041,299
1041,278
1041,344
1047,15
1047,173
1047,25
1047,26
1047,32
1047,33
1047,256
1047,37
1047,39
1047,60
1047,78
1047,148
1047,93
1047,97
1047,107
1047,108
1047,113
1047,286
1047,319
1047,101
1047,147
1047,53
1047,152
1047,177
1047,123
1047,207
1047,260
1047,266
1047,274
1047,356
1047,293
1047,296
1047,309
1047,314
1047,315
1047,334
1047,83
1047,353
1047,238
1047,337
1047,360
1047,364
1047,368
1047,379
1047,384
1047,391
1047,396
1047,305
1047,388
1047,235
1047,259
1047,29
1047,185
1047,393
1047,306
1047,307
1047,239
1047,1
1047,3
1047,160
1047,30
1047,28
1047,94
1047,38
1047,41
1047,248
1047,75
1047,54
1047,57
1047,72
1047,77
1047,105
1047,126
1047,130
1047,131
1047,284
1047,366
1047,138
1047,143
1047,158
1047,178
1047,63
1047,64
1047,175
1047,171
1047,182
1047,198
1047,204
1047,290
1047,210
1047,225
1047,326
1047,233
1047,242
1047,268
1047,273
1047,279
1047,287
1047,298
1047,300
1047,317
1047,325
1047,346
1047,350
1047,195
1047,354
1047,137
1047,376
1047,373
1047,385
1047,386
1047,389
1047,390
1047,395
1047,318
1047,73
1047,14
1047,103
1047,369
1047,236
1047,255
1047,241
1047,104
1047,371
1047,340
1047,4
1047,110
1047,56
1047,394
1047,128
1047,327
1073,23
1073,198
1208,75
1208,177
1208,207
1208,266
1208,396
1208,110
1208,120
1199,3
1199,160
1199,33
1199,256
1199,67
1199,212
1199,82
1199,85
1199,107
1199,113
1199,319
1199,101
1199,53
1199,156
1199,158
1199,159
1199,177
1199,198
1199,224
1199,261
1199,10
1199,264
1199,266
1199,273
1199,279
1199,311
1199,378
1199,83
1199,372
1199,377
1199,396
1199,14
1199,285
1199,371
1199,340
1199,214
1199,213
1199,302
1199,228
1199,328
1199,331
1199,265
1199,23
1199,123
1199,242
1199,301
1199,241
1199,4
1199,197
1199,289
1205,23
1205,26
1205,37
1205,90
1205,175
1205,171
1205,198
1205,266
1205,314
1205,317
1205,350
1205,195
1205,379
1205,14
1205,355
1205,337
1205,149
1211,2
1211,3
1211,160
1211,33
1211,256
1211,42
1211,267
1211,72
1211,80
1211,85
1211,107
1211,113
1211,120
1211,123
1211,319
1211,101
1211,147
1211,37
1211,53
1211,156
1211,158
1211,177
1211,182
1211,202
1211,216
1211,242
1211,87
1211,253
1211,263
1211,257
1211,265
1211,266
1211,273
1211,279
1211,293
1211,294
1211,299
1211,278
1211,301
1211,314
1211,329
1211,360
1211,372
1211,396
1211,250
1211,255
1211,36
1211,16
1211,241
1211,371
1211,340
1211,240
1211,109
1211,148
1211,209
1211,259
1211,1
1211,4
1211,355
1211,71
1211,336
1211,183
1211,218
1211,217
1211,258
1211,302
1211,228
1211,222
1211,331
1211,327
1211,325
762,81
762,107
762,113
762,177
762,198
762,296
762,354
762,368
762,379
762,14
762,158
762,123
762,139
762,135
762,315
762,222
844,3
844,160
844,7
844,15
844,17
844,18
844,19
844,21
844,23
844,22
844,30
844,173
844,25
844,26
844,28
844,94
844,29
844,31
844,32
844,33
844,256
844,37
844,38
844,248
844,44
844,103
844,54
844,57
844,59
844,270
844,69
844,267
844,72
844,74
844,76
844,77
844,212
844,78
844,148
844,79
844,80
844,81
844,91
844,92
844,43
844,124
844,96
844,100
844,105
844,104
844,106
844,107
844,108
844,113
844,114
844,344
844,123
844,126
844,127
844,130
844,131
844,284
844,133
844,366
844,134
844,136
844,138
844,286
844,319
844,101
844,143
844,147
844,53
844,150
844,156
844,157
844,159
844,164
844,165
844,176
844,177
844,64
844,65
844,66
844,168
844,49
844,170
844,175
844,171
844,182
844,186
844,187
844,193
844,194
844,196
844,198
844,199
844,204
844,205
844,207
844,210
844,215
844,216
844,225
844,35
844,291
844,272
844,229
844,233
844,242
844,243
844,246
844,249
844,87
844,253
844,200
844,261
844,10
844,266
844,268
844,271
844,369
844,273
844,274
844,356
844,275
844,276
844,278
844,281
844,287
844,292
844,293
844,296
844,297
844,298
844,299
844,301
844,309
844,311
844,378
844,313
844,312
844,314
844,317
844,318
844,383
844,325
844,330
844,83
844,338
844,342
844,346
844,348
844,252
844,307
844,350
844,195
844,352
844,353
844,238
844,337
844,354
844,358
844,360
844,361
844,364
844,368
844,370
844,310
844,374
844,377
844,376
844,373
844,379
844,382
844,381
844,27
844,384
844,385
844,386
844,391
844,396
844,397
844,399
844,117
844,375
844,73
844,180
844,251
844,11
844,285
844,68
844,250
844,258
844,51
844,327
844,236
844,255
844,341
844,55
844,145
844,118
844,241
844,371
844,340
844,235
844,4
844,240
844,109
844,209
844,259
844,1
844,110
844,355
844,247
844,111
844,179
844,359
844,288
844,289
844,336
844,323
844,183
844,324
844,137
844,24
844,393
844,306
844,2
844,218
844,217
844,239
844,84
844,158
844,394
844,395
844,86
844,85
844,48
844,9
844,201
844,52
844,46
844,128
844,222
844,178
844,93
271,3
271,160
271,18
271,22
271,30
271,173
271,28
271,94
271,29
271,32
271,33
271,256
271,34
271,37
271,39
271,40
271,42
271,248
271,54
271,270
271,62
271,69
271,72
271,212
271,78
271,148
271,79
271,80
271,81
271,82
271,85
271,107
271,113
271,126
271,130
271,284
271,366
271,134
271,319
271,101
271,142
271,143
271,147
271,53
271,150
271,158
271,177
271,64
271,65
271,49
271,175
271,171
271,187
271,195
271,198
271,207
271,210
271,215
271,326
271,231
271,242
271,257
271,153
271,266
271,269
271,273
271,279
271,293
271,294
271,298
271,299
271,300
271,301
271,303
271,309
271,314
271,316
271,318
271,383
271,325
271,336
271,346
271,138
271,70
271,352
271,354
271,360
271,362
271,137
271,372
271,377
271,376
271,373
271,379
271,27
271,396
271,399
271,73
271,180
271,285
271,220
271,262
271,255
271,55
271,241
271,371
271,340
271,223
271,240
271,109
271,209
271,259
271,1
271,110
271,320
271,276
271,183
271,47
271,324
271,99
271,351
271,201
271,52
271,133
271,214
271,213
271,46
271,222
271,208
271,327
271,344
402,3
402,160
402,7
402,15
402,17
402,18
402,19
402,20
402,23
402,22
402,25
402,28
402,94
402,29
402,32
402,33
402,256
402,37
402,38
402,39
402,42
402,248
402,44
402,103
402,54
402,57
402,59
402,270
402,62
402,67
402,69
402,267
402,72
402,76
402,77
402,212
402,78
402,148
402,79
402,80
402,81
402,85
402,91
402,92
402,43
402,124
402,96
402,97
402,101
402,105
402,102
402,104
402,106
402,107
402,108
402,113
402,114
402,344
402,119
402,291
402,120
402,121
402,123
402,126
402,127
402,130
402,131
402,284
402,133
402,366
402,134
402,136
402,138
402,286
402,319
402,142
402,143
402,147
402,53
402,150
402,152
402,156
402,158
402,159
402,162
402,164
402,165
402,177
402,63
402,64
402,65
402,66
402,168
402,49
402,170
402,174
402,175
402,171
402,182
402,186
402,187
402,188
402,191
402,192
402,190
402,194
402,196
402,198
402,199
402,202
402,203
402,204
402,205
402,206
402,207
402,290
402,210
402,215
402,216
402,225
402,226
402,35
402,326
402,229
402,88
402,253
402,231
402,233
402,58
402,242
402,243
402,200
402,257
402,153
402,265
402,266
402,268
402,269
402,273
402,274
402,356
402,275
402,276
402,278
402,279
402,281
402,283
402,287
402,292
402,293
402,294
402,296
402,297
402,298
402,299
402,300
402,301
402,303
402,308
402,309
402,314
402,317
402,316
402,318
402,383
402,325
402,330
402,334
402,83
402,336
402,337
402,333
402,338
402,340
402,342
402,346
402,348
402,252
402,70
402,350
402,195
402,353
402,238
402,354
402,360
402,361
402,362
402,364
402,370
402,137
402,372
402,377
402,376
402,373
402,379
402,382
402,381
402,27
402,385
402,386
402,390
402,391
402,392
402,396
402,398
402,397
402,117
402,73
402,180
402,387
402,61
402,14
402,251
402,11
402,322
402,285
402,181
402,250
402,51
402,89
402,48
402,151
402,388
402,220
402,327
402,184
402,237
402,236
402,255
402,341
402,55
402,145
402,219
402,304
402,45
402,36
402,16
402,339
402,118
402,241
402,371
402,240
402,109
402,209
402,259
402,211
402,4
402,357
402,247
402,5
402,320
402,323
402,183
402,116
402,324
402,24
402,393
402,306
402,307
402,2
402,149
402,227
402,321
402,332
402,56
402,367
402,277
402,239
402,84
402,217
402,146
402,86
402,154
402,189
402,245
402,347
402,201
402,52
402,47
402,214
402,213
402,46
402,222
402,208
402,125
402,12
402,380
402,6
402,395
402,115
402,30
402,41
402,310
5,23
5,26
5,29
5,37
5,42
5,248
5,212
5,78
5,148
5,80
5,81
5,113
5,123
5,126
5,319
5,101
5,158
5,177
5,198
5,207
5,210
5,242
5,265
5,266
5,273
5,299
5,83
5,368
5,377
5,379
5,27
5,396
5,371
5,340
5,71
5,72
5,214
5,213
5,302
5,228
5,222
974,15
974,17
974,19
974,21
974,23
974,22
974,28
974,94
974,31
974,33
974,256
974,37
974,38
974,39
974,42
974,57
974,59
974,77
974,212
974,78
974,148
974,79
974,80
974,81
974,90
974,93
974,124
974,96
974,97
974,101
974,104
974,107
974,108
974,113
974,114
974,344
974,119
974,291
974,120
974,121
974,123
974,126
974,127
974,129
974,130
974,133
974,366
974,134
974,319
974,140
974,142
974,147
974,53
974,150
974,156
974,158
974,159
974,162
974,167
974,177
974,63
974,66
974,174
974,175
974,171
974,190
974,194
974,196
974,198
974,199
974,202
974,203
974,205
974,207
974,290
974,210
974,215
974,216
974,224
974,88
974,253
974,232
974,233
974,263
974,260
974,266
974,268
974,271
974,369
974,273
974,274
974,356
974,283
974,287
974,296
974,298
974,299
974,300
974,301
974,309
974,311
974,378
974,314
974,315
974,316
974,325
974,330
974,334
974,83
974,337
974,333
974,338
974,345
974,346
974,138
974,350
974,195
974,353
974,238
974,354
974,360
974,361
974,364
974,365
974,368
974,374
974,379
974,382
974,381
974,389
974,391
974,396
974,397
974,117
974,375
974,73
974,349
974,99
974,14
974,251
974,11
974,305
974,322
974,181
974,250
974,151
974,388
974,220
974,8
974,221
974,184
974,237
974,236
974,145
974,219
974,318
974,339
974,307
974,240
974,109
974,209
974,259
974,254
974,4
974,357
974,247
974,355
974,185
974,71
974,72
974,336
974,183
974,24
974,321
974,197
974,56
974,239
974,84
974,146
974,86
974,85
974,46
974,222
974,255
974,208
974,363
974,12
763,15
763,23
763,30
763,173
763,28
763,94
763,78
763,148
763,107
763,114
763,344
763,120
763,366
763,138
763,319
763,101
763,147
763,37
763,53
763,165
763,177
763,49
763,170
763,272
763,233
763,243
763,266
763,298
763,299
763,311
763,378
763,83
763,346
763,364
763,379
763,391
763,396
763,240
763,109
763,209
763,158
763,123
763,306
763,307
763,180
763,363
11,2
11,3
11,160
11,15
11,18
11,23
11,22
11,28
11,94
11,29
11,33
11,256
11,37
11,40
11,42
11,248
11,59
11,69
11,267
11,72
11,77
11,212
11,78
11,148
11,80
11,81
11,82
11,85
11,124
11,96
11,100
11,107
11,113
11,123
11,126
11,127
11,130
11,134
11,319
11,101
11,143
11,147
11,53
11,158
11,159
11,177
11,64
11,65
11,66
11,169
11,170
11,174
11,175
11,171
11,186
11,198
11,199
11,202
11,205
11,207
11,290
11,210
11,215
11,231
11,233
11,242
11,243
11,87
11,253
11,257
11,264
11,265
11,266
11,269
11,273
11,279
11,293
11,294
11,295
11,298
11,300
11,301
11,308
11,309
11,314
11,318
11,383
11,325
11,330
11,83
11,338
11,348
11,353
11,238
11,337
11,354
11,360
11,137
11,372
11,377
11,376
11,373
11,379
11,27
11,396
11,397
11,399
11,180
11,285
11,220
11,255
11,219
11,118
11,241
11,371
11,340
11,223
11,240
11,109
11,209
11,259
11,4
11,336
11,183
11,284
11,332
11,73
11,239
11,55
11,351
11,195
11,214
11,213
11,46
11,302
11,228
11,222
11,331
777,2
777,3
777,160
777,7
777,21
777,23
777,26
777,29
777,32
777,33
777,256
777,248
777,60
777,212
777,78
777,148
777,98
777,107
777,113
777,123
777,130
777,286
777,319
777,101
777,163
777,176
777,177
777,63
777,66
777,188
777,198
777,199
777,207
777,224
777,240
777,261
777,10
777,266
777,297
777,300
777,314
777,315
777,83
777,337
777,370
777,391
777,396
777,398
777,251
777,11
777,285
777,51
777,220
777,255
777,16
777,259
777,211
777,139
777,137
777,106
777,151
777,263
777,351
777,195
777,9
777,222
19,3
19,160
19,23
19,22
19,28
19,94
19,29
19,33
19,256
19,59
19,212
19,79
19,85
19,100
19,107
19,113
19,126
19,284
19,366
19,138
19,319
19,101
19,147
19,37
19,53
19,157
19,158
19,177
19,207
19,231
19,257
19,266
19,273
19,279
19,293
19,297
19,299
19,301
19,309
19,314
19,325
19,346
19,396
19,73
19,180
19,252
19,348
19,89
19,48
19,155
19,36
19,16
19,241
19,371
19,340
19,240
19,109
19,148
19,209
19,259
19,1
19,5
19,343
19,359
19,288
19,289
19,277
19,278
19,239
19,217
19,236
19,222
19,328
19,18
19,30
19,156
19,182
19,193
19,194
19,198
19,215
19,233
19,261
19,10
19,329
19,83
19,360
19,379
19,391
19,399
19,250
19,255
19,47
81,3
81,160
81,15
81,17
81,18
81,19
81,23
81,22
81,26
81,28
81,94
81,29
81,31
81,32
81,33
81,256
81,37
81,38
81,40
81,42
81,75
81,60
81,62
81,67
81,69
81,267
81,72
81,74
81,77
81,212
81,78
81,148
81,79
81,81
81,85
81,90
81,93
81,124
81,96
81,107
81,108
81,113
81,123
81,126
81,127
81,130
81,284
81,133
81,366
81,134
81,136
81,319
81,101
81,142
81,53
81,150
81,152
81,157
81,158
81,159
81,162
81,164
81,165
81,176
81,177
81,63
81,65
81,66
81,168
81,170
81,174
81,175
81,171
81,182
81,186
81,188
81,191
81,194
81,196
81,198
81,199
81,203
81,204
81,205
81,206
81,207
81,290
81,210
81,215
81,225
81,326
81,232
81,233
81,243
81,87
81,253
81,200
81,261
81,10
81,266
81,274
81,356
81,287
81,293
81,299
81,278
81,300
81,301
81,303
81,308
81,309
81,314
81,315
81,317
81,318
81,383
81,325
81,328
81,329
81,330
81,83
81,337
81,338
81,340
81,342
81,345
81,346
81,138
81,348
81,252
81,350
81,195
81,352
81,353
81,238
81,354
81,360
81,361
81,364
81,368
81,137
81,374
81,376
81,373
81,379
81,27
81,389
81,391
81,396
81,398
81,397
81,399
81,117
81,375
81,73
81,180
81,349
81,99
81,14
81,285
81,51
81,89
81,48
81,151
81,388
81,155
81,220
81,8
81,221
81,184
81,237
81,236
81,55
81,219
81,304
81,45
81,103
81,322
81,36
81,16
81,339
81,118
81,241
81,4
81,240
81,109
81,209
81,259
81,71
81,327
81,357
81,247
81,185
81,341
81,336
81,116
81,2
81,218
81,217
81,321
81,332
81,56
81,277
81,146
81,1
81,86
81,115
81,9
81,222
81,208
81,178
81,344
81,380
81,395
81,80
81,88
81,294
81,257
81,297
81,61
81,181
81,320
81,179
81,141
81,24
81,351
81,201
81,52
81,125
26,3
26,160
26,15
26,28
26,94
26,29
26,33
26,256
26,37
26,41
26,42
26,60
26,72
26,78
26,148
26,79
26,80
26,81
26,85
26,100
26,101
26,105
26,107
26,113
26,114
26,344
26,123
26,126
26,127
26,284
26,319
26,147
26,53
26,150
26,152
26,158
26,176
26,177
26,65
26,66
26,202
26,207
26,290
26,230
26,231
26,242
26,266
26,273
26,281
26,293
26,294
26,296
26,299
26,301
26,309
26,314
26,315
26,330
26,73
26,350
26,195
26,353
26,238
26,337
26,364
26,379
26,27
26,391
26,396
26,398
26,399
26,251
26,11
26,145
26,36
26,371
26,340
26,235
26,240
26,109
26,209
26,259
26,110
26,5
26,320
26,135
26,359
26,288
26,289
26,47
26,116
26,393
26,56
26,394
26,395
26,189
26,245
26,21
26,18
26,222
26,6
28,3
28,160
28,15
28,23
28,22
28,173
28,26
28,28
28,94
28,29
28,38
28,248
28,60
28,72
28,77
28,78
28,148
28,80
28,81
28,85
28,105
28,102
28,107
28,113
28,114
28,344
28,121
28,123
28,126
28,127
28,284
28,366
28,136
28,319
28,101
28,143
28,147
28,37
28,53
28,152
28,158
28,176
28,177
28,64
28,49
28,175
28,171
28,194
28,198
28,199
28,205
28,207
28,210
28,224
28,326
28,233
28,242
28,260
28,266
28,273
28,274
28,356
28,279
28,280
28,287
28,294
28,296
28,298
28,308
28,314
28,317
28,83
28,73
28,337
28,253
28,346
28,138
28,350
28,195
28,354
28,360
28,368
28,137
28,376
28,373
28,379
28,27
28,396
28,399
28,117
28,375
28,180
28,14
28,322
28,285
28,181
28,220
28,184
28,237
28,255
28,219
28,36
28,241
28,371
28,340
28,235
28,240
28,109
28,209
28,254
28,71
28,1
28,111
28,139
28,179
28,183
28,393
28,306
28,307
28,2
28,321
28,50
28,84
28,115
28,351
28,46
28,222
28,182
30,15
30,23
30,30
30,39
30,78
30,148
30,107
30,113
30,114
30,344
30,120
30,366
30,147
30,37
30,53
30,152
30,165
30,177
30,49
30,170
30,204
30,205
30,206
30,224
30,226
30,233
30,243
30,266
30,282
30,335
30,202
30,299
30,311
30,378
30,83
30,337
30,346
30,138
30,358
30,360
30,364
30,379
30,396
30,181
30,219
30,240
30,109
30,209
30,158
30,123
30,14
30,183
30,24
30,306
30,307
30,180
30,94
30,363
31,18
31,22
31,173
31,28
31,94
31,29
31,100
31,319
31,101
31,147
31,37
31,177
31,231
31,266
31,274
31,356
31,296
31,361
31,396
31,95
31,240
31,109
31,148
31,209
31,158
31,368
31,149
31,327
31,325
31,1
31,221
760,60
760,85
760,177
760,63
760,207
760,266
760,314
760,353
760,113
760,238
760,337
760,396
760,399
760,72
760,235
760,71
760,56
37,3
37,160
37,15
37,18
37,22
37,30
37,28
37,94
37,75
37,212
37,124
37,107
37,284
37,366
37,138
37,286
37,142
37,147
37,37
37,53
37,152
37,182
37,198
37,203
37,231
37,233
37,266
37,268
37,279
37,293
37,298
37,301
37,303
37,309
37,346
37,348
37,252
37,360
37,370
37,137
37,396
37,73
37,180
37,36
37,240
37,109
37,148
37,209
37,259
37,256
37,185
37,336
37,319
37,236
1138,23
1138,113
1138,53
1138,198
1138,266
1138,379
1138,73
1138,355
1138,24
1138,222
38,3
38,160
38,13
38,18
38,23
38,22
38,30
38,26
38,28
38,94
38,33
38,256
38,37
38,39
38,72
38,77
38,78
38,148
38,79
38,81
38,96
38,97
38,104
38,107
38,113
38,119
38,291
38,120
38,122
38,126
38,131
38,284
38,366
38,138
38,319
38,101
38,143
38,147
38,53
38,150
38,158
38,176
38,177
38,170
38,182
38,186
38,191
38,198
38,199
38,205
38,207
38,210
38,215
38,224
38,225
38,326
38,294
38,231
38,232
38,233
38,242
38,87
38,253
38,265
38,266
38,268
38,273
38,279
38,296
38,299
38,303
38,314
38,315
38,317
38,325
38,83
38,346
38,354
38,358
38,360
38,368
38,137
38,372
38,376
38,373
38,379
38,384
38,391
38,396
38,349
38,99
38,14
38,285
38,51
38,89
38,48
38,304
38,45
38,36
38,16
38,307
38,371
38,340
38,235
38,240
38,109
38,209
38,259
38,123
38,293
38,341
38,359
38,288
38,289
38,183
38,306
38,332
38,73
38,239
38,146
38,1
38,347
38,351
38,195
38,46
38,236
38,222
38,331
38,327
38,344
44,3
44,160
44,15
44,30
44,113
44,138
44,319
44,101
44,53
44,177
44,182
44,198
44,210
44,326
44,233
44,266
44,279
44,298
44,346
44,360
44,376
44,373
44,379
44,391
44,396
44,236
44,371
44,340
44,183
44,46
44,18
1106,3
1106,160
1106,13
1106,23
1106,25
1106,26
1106,28
1106,94
1106,29
1106,32
1106,33
1106,256
1106,37
1106,38
1106,39
1106,40
1106,42
1106,248
1106,75
1106,60
1106,59
1106,72
1106,212
1106,79
1106,80
1106,81
1106,85
1106,106
1106,107
1106,113
1106,114
1106,344
1106,120
1106,123
1106,126
1106,129
1106,284
1106,134
1106,136
1106,319
1106,101
1106,147
1106,53
1106,150
1106,152
1106,157
1106,158
1106,164
1106,165
1106,177
1106,64
1106,175
1106,171
1106,125
1106,194
1106,198
1106,199
1106,204
1106,205
1106,207
1106,210
1106,215
1106,216
1106,224
1106,225
1106,229
1106,88
1106,253
1106,58
1106,242
1106,87
1106,257
1106,260
1106,264
1106,265
1106,266
1106,273
1106,274
1106,356
1106,280
1106,292
1106,293
1106,295
1106,296
1106,299
1106,278
1106,301
1106,314
1106,317
1106,330
1106,340
1106,348
1106,350
1106,195
1106,354
1106,364
1106,368
1106,372
1106,377
1106,376
1106,373
1106,379
1106,27
1106,385
1106,386
1106,391
1106,396
1106,399
1106,117
1106,73
1106,14
1106,251
1106,11
1106,250
1106,8
1106,221
1106,262
1106,241
1106,235
1106,4
1106,240
1106,109
1106,148
1106,209
1106,259
1106,211
1106,357
1106,247
1106,139
1106,71
1106,127
1106,141
1106,197
1106,332
1106,239
1106,50
1106,149
1106,86
1106,351
1106,222
1106,208
1106,2
1106,122
1106,131
1106,161
1106,170
1106,186
1106,190
1106,202
1106,200
1106,338
1106,353
1106,238
1106,337
1106,392
52,319
52,101
52,314
52,137
52,104
52,212
47,2
47,3
47,160
47,18
47,22
47,26
47,37
47,72
47,212
47,81
47,124
47,107
47,113
47,120
47,123
47,366
47,286
47,319
47,101
47,53
47,150
47,156
47,161
47,177
47,175
47,171
47,192
47,198
47,203
47,243
47,87
47,253
47,257
47,266
47,293
47,314
47,346
47,138
47,348
47,370
47,137
47,379
47,391
47,396
47,285
47,118
47,240
47,109
47,148
47,209
47,259
47,256
47,306
47,307
47,38
47,218
47,217
47,272
47,367
47,115
47,1
49,3
49,160
49,25
49,26
49,33
49,256
49,34
49,37
49,40
49,42
49,248
49,57
49,59
49,67
49,72
49,212
49,80
49,81
49,107
49,113
49,114
49,344
49,123
49,284
49,366
49,319
49,101
49,143
49,147
49,152
49,158
49,177
49,64
49,207
49,290
49,225
49,35
49,291
49,272
49,229
49,242
49,266
49,273
49,275
49,293
49,296
49,278
49,301
49,314
49,330
49,338
49,350
49,195
49,353
49,238
49,337
49,354
49,360
49,372
49,376
49,373
49,379
49,27
49,390
49,391
49,396
49,117
49,387
49,184
49,237
49,371
49,340
49,4
49,240
49,109
49,148
49,209
49,135
49,183
49,218
49,217
49,277
49,221
49,214
49,213
49,46
49,128
49,74
51,3
51,160
51,15
51,17
51,18
51,19
51,21
51,23
51,22
51,30
51,173
51,25
51,26
51,28
51,94
51,31
51,33
51,256
51,37
51,38
51,39
51,248
51,57
51,60
51,67
51,69
51,77
51,212
51,78
51,148
51,79
51,81
51,82
51,100
51,105
51,102
51,106
51,107
51,113
51,114
51,344
51,120
51,123
51,127
51,130
51,131
51,284
51,133
51,366
51,134
51,138
51,319
51,101
51,143
51,53
51,150
51,152
51,156
51,158
51,159
51,165
51,167
51,177
51,64
51,65
51,168
51,170
51,175
51,171
51,182
51,191
51,192
51,194
51,196
51,198
51,199
51,203
51,205
51,206
51,207
51,210
51,225
51,226
51,326
51,232
51,233
51,184
51,263
51,266
51,271
51,369
51,273
51,276
51,278
51,279
51,282
51,335
51,202
51,287
51,293
51,298
51,299
51,301
51,314
51,316
51,318
51,383
51,330
51,83
51,346
51,348
51,70
51,350
51,195
51,352
51,360
51,361
51,364
51,368
51,370
51,377
51,376
51,373
51,379
51,384
51,385
51,386
51,389
51,391
51,395
51,396
51,398
51,399
51,73
51,180
51,14
51,103
51,68
51,181
51,89
51,48
51,365
51,220
51,237
51,241
51,371
51,340
51,4
51,240
51,109
51,209
51,259
51,254
51,71
51,327
51,185
51,341
51,135
51,359
51,288
51,289
51,336
51,183
51,2
51,321
51,56
51,277
51,239
51,146
51,351
51,46
51,222
51,328
51,363
51,12
51,166
55,2
55,18
55,29
55,32
55,76
55,212
55,78
55,148
55,81
55,82
55,85
55,91
55,92
55,43
55,100
55,101
55,311
55,131
55,319
55,147
55,37
55,150
55,156
55,157
55,177
55,169
55,175
55,171
55,182
55,194
55,198
55,199
55,202
55,204
55,225
55,229
55,87
55,253
55,153
55,265
55,266
55,293
55,378
55,338
55,340
55,350
55,195
55,368
55,370
55,372
55,310
55,377
55,379
55,396
55,221
55,117
55,61
55,305
55,55
55,16
55,258
55,240
55,109
55,209
55,259
55,256
55,1
55,4
55,355
55,5
55,141
55,50
55,115
55,9
55,343
55,102
55,208
57,3
57,160
57,13
57,21
57,26
57,28
57,94
57,29
57,33
57,256
57,37
57,39
57,42
57,248
57,57
57,72
57,212
57,78
57,148
57,80
57,81
57,234
57,112
57,124
57,100
57,101
57,107
57,108
57,113
57,114
57,344
57,119
57,291
57,121
57,122
57,123
57,126
57,129
57,284
57,134
57,319
57,143
57,147
57,53
57,158
57,167
57,176
57,177
57,64
57,182
57,190
57,198
57,202
57,207
57,216
57,224
57,225
57,231
57,242
57,87
57,253
57,260
57,264
57,266
57,273
57,274
57,356
57,280
57,294
57,296
57,299
57,314
57,333
57,83
57,343
57,346
57,138
57,350
57,195
57,353
57,238
57,337
57,354
57,358
57,364
57,368
57,372
57,310
57,374
57,376
57,373
57,379
57,27
57,391
57,396
57,398
57,397
57,117
57,375
57,180
57,349
57,99
57,14
57,251
57,11
57,305
57,285
57,181
57,236
57,255
57,241
57,307
57,371
57,340
57,235
57,258
57,240
57,109
57,209
57,259
57,254
57,71
57,211
57,110
57,111
57,244
57,5
57,139
57,247
57,1
57,127
57,183
57,47
57,393
57,332
57,73
57,84
57,189
57,245
57,351
57,214
57,213
57,128
57,302
57,228
57,222
57,331
57,265
57,125
57,149
582,22
582,28
582,94
582,39
582,270
582,113
582,147
582,37
582,233
582,266
582,269
582,278
582,83
582,360
582,391
582,396
582,304
582,45
582,298
60,13
60,15
60,18
60,21
60,23
60,28
60,94
60,29
60,32
60,37
60,39
60,248
60,77
60,78
60,148
60,81
60,234
60,112
60,124
60,97
60,98
60,107
60,113
60,119
60,291
60,121
60,123
60,126
60,131
60,284
60,319
60,101
60,143
60,147
60,53
60,158
60,176
60,177
60,63
60,64
60,65
60,66
60,198
60,199
60,207
60,290
60,224
60,231
60,232
60,233
60,242
60,200
60,260
60,266
60,273
60,274
60,356
60,279
60,280
60,296
60,299
60,314
60,315
60,317
60,83
60,354
60,368
60,374
60,376
60,373
60,27
60,396
60,117
60,375
60,349
60,99
60,14
60,285
60,236
60,241
60,371
60,340
60,235
60,110
60,139
60,247
60,111
60,326
60,393
60,306
60,307
60,197
60,394
60,395
60,154
60,351
60,195
60,46
60,222
60,344
62,314
62,104
62,355
62,322
62,101
62,212
62,347
62,293
362,23
362,22
362,26
362,32
362,37
362,38
362,60
362,67
362,72
362,77
362,212
362,78
362,148
362,79
362,90
362,107
362,113
362,120
362,126
362,284
362,319
362,101
362,142
362,53
362,152
362,177
362,63
362,169
362,170
362,175
362,171
362,199
362,207
362,233
362,87
362,253
362,261
362,10
362,266
362,268
362,279
362,282
362,335
362,202
362,287
362,293
362,295
362,299
362,300
362,314
362,317
362,316
362,325
362,330
362,83
362,337
362,350
362,195
362,352
362,354
362,360
362,361
362,362
362,368
362,238
362,137
362,379
362,385
362,386
362,389
362,396
362,399
362,73
362,14
362,89
362,48
362,341
362,219
362,326
362,345
362,144
362,24
362,227
362,146
362,149
362,86
362,85
362,347
362,115
362,21
362,221
64,31
64,32
64,40
64,72
64,105
64,113
64,126
64,366
64,138
64,319
64,101
64,53
64,152
64,63
64,188
64,198
64,199
64,203
64,207
64,261
64,10
64,266
64,314
64,325
64,83
64,346
64,353
64,238
64,337
64,354
64,379
64,396
64,73
64,262
64,240
64,109
64,148
64,209
64,71
64,141
64,24
64,23
64,332
64,56
64,149
64,344
65,17
65,22
65,31
65,33
65,256
65,133
65,319
65,101
65,177
65,93
65,207
65,326
65,266
65,287
65,299
65,368
65,396
65,53
65,178
67,15
67,22
67,173
67,28
67,94
67,113
67,114
67,344
67,319
67,101
67,53
67,177
67,198
67,207
67,233
67,266
67,279
67,298
67,314
67,354
67,379
67,396
67,259
67,256
67,185
922,23
922,26
922,152
922,198
922,87
922,253
922,266
922,379
922,396
922,149
922,363
922,299
1203,3
1203,160
1203,17
1203,18
1203,23
1203,28
1203,94
1203,29
1203,32
1203,40
1203,77
1203,212
1203,105
1203,104
1203,107
1203,311
1203,113
1203,319
1203,101
1203,142
1203,53
1203,152
1203,161
1203,177
1203,168
1203,170
1203,192
1203,194
1203,198
1203,205
1203,207
1203,224
1203,266
1203,273
1203,274
1203,356
1203,296
1203,303
1203,314
1203,329
1203,83
1203,337
1203,354
1203,368
1203,379
1203,396
1203,375
1203,387
1203,14
1203,388
1203,4
1203,110
1203,141
1203,24
1203,201
1203,52
1203,222
69,3
69,160
69,15
69,18
69,23
69,30
69,173
69,25
69,26
69,28
69,94
69,31
69,32
69,37
69,39
69,40
69,41
69,42
69,60
69,270
69,69
69,212
69,78
69,148
69,81
69,85
69,234
69,112
69,97
69,105
69,107
69,113
69,120
69,123
69,126
69,131
69,284
69,133
69,366
69,138
69,319
69,101
69,142
69,147
69,53
69,152
69,176
69,177
69,63
69,65
69,66
69,174
69,182
69,192
69,195
69,198
69,207
69,215
69,225
69,326
69,184
69,263
69,266
69,268
69,279
69,280
69,293
69,297
69,298
69,299
69,390
69,278
69,303
69,308
69,309
69,314
69,317
69,329
69,333
69,334
69,337
69,340
69,343
69,346
69,350
69,354
69,360
69,361
69,364
69,368
69,137
69,379
69,384
69,389
69,391
69,396
69,398
69,397
69,399
69,117
69,180
69,14
69,305
69,181
69,220
69,262
69,327
69,236
69,255
69,341
69,36
69,16
69,339
69,130
69,237
69,223
69,240
69,109
69,209
69,110
69,140
69,135
69,116
69,24
69,393
69,5
69,306
69,307
69,121
69,56
69,277
69,84
69,158
69,394
69,395
69,154
69,29
69,189
69,245
69,115
69,222
69,325
70,3
70,160
70,15
70,20
70,26
70,29
70,248
70,67
70,273
70,81
70,100
70,107
70,113
70,121
70,123
70,132
70,140
70,147
70,37
70,158
70,167
70,177
70,63
70,64
70,194
70,198
70,199
70,207
70,290
70,210
70,233
70,58
70,266
70,274
70,356
70,279
70,278
70,314
70,316
70,83
70,333
70,340
70,253
70,368
70,379
70,382
70,381
70,27
70,389
70,390
70,396
70,398
70,397
70,117
70,387
70,14
70,95
70,241
70,371
70,135
70,56
70,351
70,195
70,46
70,222
70,13
70,344
71,15
71,18
71,28
71,94
71,29
71,32
71,34
71,37
71,39
71,77
71,78
71,148
71,81
71,234
71,112
71,98
71,107
71,113
71,114
71,344
71,119
71,291
71,284
71,133
71,319
71,101
71,147
71,53
71,167
71,176
71,177
71,41
71,182
71,199
71,207
71,290
71,224
71,225
71,233
71,260
71,261
71,10
71,266
71,280
71,282
71,335
71,202
71,296
71,278
71,314
71,318
71,383
71,83
71,343
71,348
71,70
71,353
71,238
71,337
71,354
71,360
71,364
71,368
71,310
71,379
71,389
71,390
71,396
71,398
71,117
71,375
71,180
71,14
71,298
71,123
71,240
71,109
71,209
71,110
71,140
71,247
71,111
71,120
71,299
71,135
71,393
71,121
71,84
71,351
71,195
71,222
71,363
71,12
72,158
72,177
72,266
72,273
72,293
72,299
72,252
72,348
72,236
72,359
72,288
72,289
73,3
73,160
73,18
73,21
73,26
73,28
73,94
73,29
73,32
73,33
73,256
73,37
73,39
73,40
73,42
73,248
73,75
73,57
73,72
73,74
73,79
73,80
73,81
73,85
73,124
73,101
73,106
73,107
73,108
73,113
73,120
73,123
73,126
73,127
73,284
73,134
73,138
73,319
73,143
73,147
73,150
73,152
73,156
73,158
73,167
73,177
73,64
73,66
73,175
73,171
73,182
73,194
73,198
73,202
73,290
73,210
73,225
73,35
73,291
73,233
73,242
73,87
73,253
73,200
73,266
73,273
73,274
73,356
73,281
73,293
73,296
73,297
73,299
73,278
73,311
73,378
73,314
73,318
73,383
73,330
73,353
73,238
73,337
73,354
73,358
73,360
73,364
73,368
73,310
73,376
73,373
73,379
73,27
73,384
73,390
73,391
73,396
73,398
73,397
73,117
73,14
73,251
73,11
73,285
73,250
73,255
73,145
73,339
73,118
73,241
73,371
73,340
73,240
73,109
73,148
73,209
73,259
73,254
73,211
73,5
73,320
73,135
73,141
73,321
73,332
73,73
73,56
73,394
73,395
73,189
73,245
73,351
73,195
73,46
73,128
73,222
73,344
73,6
76,26
76,29
76,31
76,39
76,78
76,148
76,81
76,105
76,113
76,319
76,101
76,53
76,176
76,177
76,198
76,207
76,266
76,274
76,356
76,280
76,353
76,238
76,337
76,396
76,14
76,99
76,220
76,184
76,237
76,357
76,247
76,197
76,56
76,344
76,328
77,104
77,314
77,137
77,61
78,3
78,160
78,15
78,18
78,28
78,94
78,37
78,39
78,40
78,78
78,148
78,81
78,234
78,112
78,98
78,107
78,113
78,114
78,344
78,284
78,133
78,319
78,101
78,147
78,53
78,150
78,167
78,176
78,177
78,41
78,182
78,199
78,207
78,225
78,233
78,260
78,261
78,10
78,264
78,266
78,274
78,356
78,280
78,282
78,335
78,202
78,296
78,297
78,300
78,314
78,318
78,383
78,83
78,348
78,70
78,353
78,238
78,337
78,354
78,360
78,364
78,368
78,310
78,379
78,384
78,396
78,398
78,117
78,375
78,123
78,110
78,14
78,140
78,247
78,111
78,120
78,299
78,135
78,393
78,227
78,211
78,84
78,222
78,363
79,3
79,160
79,15
79,23
79,22
79,173
79,26
79,29
79,62
79,74
79,76
79,77
79,212
79,78
79,148
79,105
79,107
79,113
79,120
79,133
79,366
79,138
79,319
79,101
79,150
79,158
79,164
79,177
79,175
79,171
79,182
79,198
79,210
79,226
79,233
79,266
79,271
79,369
79,273
79,279
79,314
79,83
79,346
79,348
79,360
79,376
79,373
79,379
79,396
79,117
79,14
79,181
79,371
79,340
79,320
79,183
79,321
79,197
79,214
79,213
79,46
79,222
79,53
79,327
79,325
79,94
82,15
82,23
82,22
82,105
82,107
82,133
82,138
82,319
82,101
82,53
82,164
82,230
82,233
82,266
82,314
82,318
82,383
82,348
82,360
82,396
82,24
83,3
83,160
83,26
83,28
83,94
83,248
83,80
83,100
83,106
83,107
83,319
83,101
83,147
83,37
83,150
83,158
83,177
83,64
83,191
83,193
83,194
83,215
83,261
83,10
83,266
83,273
83,279
83,299
83,314
83,329
83,346
83,138
83,368
83,396
83,236
83,36
83,16
83,241
83,371
83,340
83,259
83,256
83,1
83,109
83,183
83,272
83,367
83,343
84,3
84,160
84,15
84,18
84,22
84,30
84,28
84,94
84,32
84,37
84,40
84,248
84,212
84,78
84,148
84,80
84,124
84,107
84,113
84,126
84,319
84,101
84,142
84,147
84,53
84,158
84,162
84,177
84,64
84,66
84,168
84,170
84,175
84,171
84,182
84,198
84,202
84,207
84,215
84,225
84,231
84,233
84,242
84,257
84,266
84,268
84,293
84,298
84,299
84,303
84,313
84,312
84,318
84,383
84,325
84,83
84,348
84,354
84,360
84,376
84,373
84,379
84,27
84,389
84,396
84,398
84,397
84,180
84,387
84,251
84,11
84,51
84,89
84,48
84,220
84,304
84,45
84,36
84,241
84,371
84,340
84,185
84,336
84,183
84,47
84,393
84,56
84,201
84,52
84,214
84,213
84,46
85,3
85,160
85,18
85,19
85,21
85,22
85,25
85,28
85,94
85,32
85,33
85,256
85,34
85,37
85,38
85,40
85,42
85,59
85,67
85,69
85,267
85,72
85,76
85,212
85,78
85,148
85,79
85,80
85,81
85,85
85,124
85,96
85,100
85,107
85,108
85,113
85,119
85,291
85,123
85,126
85,127
85,130
85,284
85,134
85,136
85,319
85,101
85,143
85,147
85,53
85,150
85,156
85,158
85,159
85,177
85,64
85,65
85,66
85,170
85,175
85,171
85,182
85,199
85,202
85,207
85,290
85,88
85,253
85,242
85,243
85,261
85,10
85,266
85,273
85,274
85,356
85,281
85,293
85,296
85,297
85,298
85,299
85,301
85,308
85,309
85,314
85,325
85,330
85,83
85,338
85,340
85,342
85,70
85,350
85,195
85,353
85,238
85,337
85,354
85,360
85,364
85,369
85,310
85,374
85,377
85,376
85,373
85,379
85,390
85,396
85,398
85,397
85,117
85,73
85,285
85,250
85,8
85,221
85,55
85,339
85,118
85,241
85,371
85,223
85,240
85,109
85,209
85,259
85,185
85,48
85,179
85,135
85,183
85,151
85,393
85,306
85,307
85,218
85,217
85,239
85,84
85,1
85,46
85,128
85,236
85,222
85,216
85,327
85,344
85,6
85,395
86,3
86,160
86,18
86,23
86,22
86,25
86,26
86,28
86,94
86,29
86,33
86,256
86,34
86,37
86,42
86,44
86,103
86,59
86,270
86,67
86,267
86,72
86,212
86,78
86,148
86,81
86,85
86,124
86,100
86,107
86,113
86,120
86,123
86,126
86,284
86,138
86,319
86,101
86,147
86,53
86,158
86,177
86,175
86,171
86,182
86,192
86,193
86,198
86,199
86,215
86,216
86,225
86,35
86,291
86,231
86,233
86,58
86,200
86,261
86,10
86,266
86,269
86,274
86,356
86,293
86,299
86,301
86,314
86,316
86,330
86,338
86,346
86,70
86,350
86,195
86,352
86,361
86,362
86,370
86,137
86,377
86,379
86,382
86,381
86,385
86,386
86,396
86,398
86,397
86,117
86,285
86,68
86,155
86,8
86,221
86,262
86,55
86,304
86,45
86,36
86,16
86,240
86,109
86,209
86,259
86,211
86,185
86,183
86,24
86,218
86,217
86,258
86,277
86,278
86,86
86,189
86,245
86,351
86,236
86,222
86,12
86,344
86,251
86,380
91,25
91,29
91,33
91,256
91,37
91,42
91,248
91,72
91,78
91,148
91,81
91,82
91,96
91,107
91,113
91,114
91,344
91,121
91,126
91,130
91,284
91,147
91,152
91,176
91,177
91,66
91,207
91,290
91,112
91,266
91,294
91,295
91,309
91,314
91,315
91,352
91,353
91,238
91,337
91,377
91,396
91,220
91,351
91,195
91,222
91,331
91,265
92,3
92,160
92,32
92,37
92,38
92,248
92,79
92,72
92,212
92,81
92,234
92,112
92,101
92,104
92,107
92,113
92,120
92,126
92,284
92,143
92,147
92,158
92,177
92,198
92,215
92,224
92,242
92,260
92,266
92,273
92,274
92,356
92,293
92,296
92,299
92,301
92,314
92,330
92,137
92,27
92,385
92,386
92,353
92,396
92,117
92,305
92,285
92,145
92,227
92,371
92,340
92,240
92,109
92,148
92,209
92,259
92,256
92,144
92,1
92,116
92,393
92,56
92,84
92,146
92,214
92,213
92,175
92,222
92,295
92,331
92,265
92,344
92,395
92,6
95,3
95,160
95,25
95,31
95,40
95,42
95,72
95,212
95,78
95,148
95,81
95,85
95,107
95,113
95,126
95,319
95,101
95,53
95,161
95,158
95,159
95,177
95,63
95,65
95,168
95,169
95,170
95,174
95,175
95,171
95,198
95,207
95,326
95,261
95,10
95,266
95,293
95,308
95,309
95,317
95,316
95,328
95,70
95,354
95,361
95,362
95,377
95,27
95,385
95,386
95,390
95,396
95,262
95,327
95,123
95,103
95,336
95,56
104,23
104,22
104,26
104,38
104,75
104,77
104,78
104,148
104,82
104,106
104,107
104,311
104,114
104,344
104,123
104,126
104,319
104,101
104,152
104,159
104,166
104,168
104,175
104,171
104,198
104,199
104,204
104,205
104,233
104,184
104,243
104,266
104,314
104,318
104,383
104,83
104,350
104,195
104,353
104,113
104,238
104,337
104,354
104,358
104,360
104,364
104,370
104,379
104,391
104,396
104,327
104,235
104,14
104,185
104,71
104,72
104,33
104,216
104,328
104,178
104,93
106,13
106,15
106,18
106,28
106,94
106,29
106,32
106,39
106,40
106,41
106,60
106,72
106,74
106,78
106,148
106,81
106,85
106,234
106,112
106,100
106,105
106,107
106,113
106,114
106,344
106,123
106,126
106,284
106,134
106,319
106,101
106,147
106,37
106,53
106,152
106,176
106,177
106,63
106,65
106,66
106,207
106,290
106,230
106,317
106,294
106,231
106,264
106,266
106,274
106,356
106,280
106,296
106,299
106,314
106,315
106,318
106,383
106,325
106,350
106,195
106,353
106,238
106,337
106,354
106,360
106,364
106,390
106,391
106,399
106,117
106,251
106,11
106,36
106,235
106,240
106,109
106,209
106,158
106,1
106,110
106,293
106,320
106,179
106,135
106,359
106,288
106,289
106,116
106,393
106,5
106,56
106,394
106,395
106,189
106,245
106,21
106,222
106,261
108,3
108,160
108,18
108,19
108,21
108,23
108,22
108,26
108,28
108,94
108,32
108,33
108,256
108,34
108,37
108,38
108,42
108,248
108,57
108,59
108,267
108,72
108,74
108,76
108,212
108,78
108,148
108,80
108,81
108,91
108,92
108,43
108,93
108,234
108,112
108,124
108,104
108,107
108,113
108,120
108,123
108,126
108,127
108,130
108,131
108,366
108,134
108,136
108,138
108,286
108,319
108,101
108,143
108,147
108,53
108,150
108,156
108,157
108,158
108,163
108,164
108,166
108,167
108,177
108,170
108,182
108,194
108,198
108,202
108,204
108,290
108,210
108,216
108,226
108,272
108,326
108,88
108,253
108,242
108,243
108,249
108,87
108,200
108,263
108,257
108,265
108,266
108,273
108,280
108,281
108,293
108,294
108,296
108,297
108,299
108,278
108,300
108,301
108,303
108,309
108,314
108,329
108,330
108,338
108,342
108,346
108,348
108,252
108,350
108,195
108,353
108,238
108,337
108,360
108,364
108,310
108,374
108,377
108,379
108,396
108,398
108,117
108,375
108,180
108,251
108,11
108,285
108,250
108,258
108,151
108,8
108,221
108,236
108,255
108,36
108,16
108,118
108,241
108,307
108,371
108,340
108,223
108,240
108,109
108,209
108,259
108,211
108,1
108,244
108,5
108,179
108,135
108,323
108,183
108,47
108,116
108,393
108,197
108,14
108,367
108,239
108,84
108,146
108,115
108,214
108,213
108,46
108,128
108,302
108,228
108,222
108,327
108,325
108,12
108,344
108,380
117,3
117,160
117,15
117,18
117,22
117,30
117,32
117,33
117,256
117,270
117,74
117,76
117,212
117,107
117,113
117,366
117,319
117,101
117,53
117,158
117,177
117,175
117,171
117,187
117,198
117,207
117,210
117,226
117,233
117,242
117,266
117,269
117,297
117,298
117,309
117,346
117,138
117,360
117,384
117,396
117,181
117,184
117,237
117,371
117,340
117,223
117,240
117,109
117,148
117,209
117,259
117,185
117,183
117,332
117,73
117,214
117,213
117,46
117,1
117,180
118,38
118,101
118,104
118,284
118,319
118,198
118,314
118,137
118,118
118,324
118,341
118,347
118,293
118,9
118,307
118,363
118,299
119,3
119,160
119,17
119,20
119,29
119,34
119,38
119,40
119,42
119,60
119,59
119,72
119,212
119,78
119,148
119,79
119,81
119,85
119,104
119,107
119,113
119,120
119,126
119,131
119,134
119,319
119,101
119,143
119,147
119,37
119,53
119,152
119,157
119,164
119,177
119,170
119,186
119,198
119,199
119,202
119,229
119,58
119,265
119,266
119,274
119,356
119,293
119,296
119,299
119,301
119,314
119,330
119,338
119,252
119,354
119,370
119,372
119,310
119,391
119,392
119,396
119,398
119,117
119,375
119,145
119,16
119,240
119,109
119,209
119,259
119,256
119,211
119,357
119,247
119,24
119,23
119,393
119,218
119,217
119,197
119,14
119,146
119,347
119,343
119,302
119,228
119,12
119,344
119,227
119,6
119,395
121,3
121,160
121,23
121,22
121,26
121,28
121,94
121,29
121,32
121,33
121,256
121,37
121,38
121,44
121,103
121,60
121,62
121,72
121,265
121,330
121,212
121,81
121,93
121,96
121,101
121,105
121,104
121,107
121,113
121,120
121,123
121,126
121,127
121,131
121,284
121,133
121,366
121,138
121,286
121,319
121,142
121,147
121,53
121,150
121,156
121,157
121,158
121,177
121,182
121,198
121,199
121,202
121,207
121,215
121,216
121,224
121,225
121,226
121,326
121,233
121,243
121,246
121,153
121,264
121,266
121,271
121,369
121,274
121,356
121,279
121,292
121,293
121,296
121,297
121,299
121,308
121,309
121,314
121,83
121,338
121,346
121,348
121,350
121,195
121,352
121,353
121,238
121,337
121,360
121,364
121,310
121,379
121,382
121,381
121,384
121,390
121,391
121,392
121,396
121,117
121,73
121,180
121,14
121,181
121,236
121,145
121,219
121,304
121,45
121,322
121,36
121,16
121,339
121,172
121,4
121,240
121,109
121,148
121,209
121,259
121,144
121,185
121,323
121,47
121,116
121,393
121,306
121,307
121,321
121,197
121,367
121,146
121,86
121,85
121,347
121,115
121,9
121,102
121,214
121,213
121,46
121,206
121,222
121,178
121,13
121,344
121,6
121,395
122,0
122,3
122,2
122,160
122,23
122,22
122,26
122,37
122,60
122,62
122,72
122,78
122,148
122,85
122,105
122,107
122,108
122,113
122,126
122,133
122,366
122,138
122,319
122,101
122,53
122,152
122,159
122,177
122,175
122,171
122,182
122,198
122,207
122,225
122,232
122,264
122,266
122,279
122,293
122,298
122,299
122,300
122,303
122,314
122,318
122,383
122,83
122,352
122,360
122,361
122,364
122,137
122,379
122,382
122,381
122,391
122,396
122,399
122,252
122,348
122,36
122,16
122,240
122,109
122,209
122,259
122,256
122,71
122,141
122,388
122,48
122,351
122,195
122,120
122,302
122,228
122,222
123,3
123,160
123,17
123,18
123,21
123,22
123,28
123,94
123,29
123,31
123,32
123,37
123,39
123,42
123,248
123,57
123,270
123,72
123,77
123,212
123,78
123,148
123,80
123,81
123,124
123,96
123,100
123,104
123,107
123,108
123,113
123,114
123,344
123,119
123,291
123,120
123,121
123,123
123,126
123,127
123,284
123,319
123,101
123,143
123,147
123,53
123,150
123,152
123,157
123,158
123,159
123,176
123,177
123,64
123,170
123,194
123,195
123,199
123,207
123,290
123,216
123,272
123,231
123,232
123,242
123,200
123,260
123,264
123,266
123,273
123,280
123,282
123,335
123,202
123,281
123,283
123,287
123,293
123,295
123,296
123,299
123,300
123,309
123,314
123,316
123,325
123,330
123,83
123,336
123,333
123,342
123,345
123,70
123,350
123,352
123,353
123,238
123,337
123,354
123,361
123,364
123,365
123,368
123,310
123,374
123,376
123,373
123,379
123,382
123,381
123,27
123,391
123,396
123,398
123,397
123,117
123,375
123,73
123,387
123,14
123,251
123,11
123,305
123,285
123,181
123,95
123,258
123,8
123,221
123,255
123,304
123,45
123,36
123,241
123,371
123,340
123,235
123,240
123,109
123,209
123,259
123,256
123,254
123,71
123,110
123,357
123,247
123,244
123,139
123,135
123,183
123,393
123,43
123,56
123,84
123,146
123,394
123,395
123,154
123,351
123,222
123,208
123,315
123,363
123,12
123,328
123,6
128,23
128,26
128,42
128,60
128,212
128,85
128,122
128,134
128,319
128,101
128,163
128,177
128,264
128,266
128,293
128,301
128,338
128,370
128,379
128,399
128,68
128,227
128,235
128,113
128,331
128,265
128,125
128,12
128,13
128,38
128,198
128,330
128,372
128,14
128,62
128,343
130,3
130,160
130,15
130,18
130,173
130,25
130,26
130,29
130,32
130,33
130,256
130,34
130,37
130,38
130,42
130,59
130,72
130,212
130,81
130,85
130,234
130,112
130,101
130,107
130,113
130,123
130,126
130,284
130,133
130,319
130,147
130,150
130,152
130,156
130,177
130,182
130,196
130,198
130,206
130,207
130,290
130,226
130,233
130,243
130,200
130,257
130,261
130,10
130,266
130,274
130,356
130,279
130,296
130,297
130,299
130,301
130,313
130,312
130,314
130,330
130,337
130,338
130,346
130,138
130,70
130,350
130,195
130,353
130,238
130,360
130,364
130,310
130,377
130,391
130,396
130,285
130,51
130,259
130,135
130,24
130,23
130,306
130,307
130,84
130,146
130,86
130,48
130,222
130,216
130,344
133,28
133,94
133,37
133,81
133,106
133,107
133,113
133,319
133,101
133,166
133,49
133,205
133,290
133,87
133,253
133,266
133,297
133,311
133,378
133,318
133,383
133,358
133,360
133,396
133,135
133,115
133,207
136,90
136,104
136,126
136,284
136,319
136,101
136,198
136,314
136,352
136,137
136,379
136,355
136,324
139,28
139,94
139,107
139,113
139,177
139,198
139,266
139,296
139,350
139,195
139,354
139,368
139,379
139,14
139,158
139,123
139,315
139,222
140,78
140,148
140,81
140,124
140,127
140,319
140,101
140,53
140,198
140,260
140,266
140,274
140,356
140,315
140,70
140,354
140,396
140,117
140,375
140,110
140,244
140,393
140,202
140,208
140,94
142,61
142,347
943,23
943,173
943,105
943,133
943,53
943,233
943,360
943,319
943,277
943,278
943,3
943,160
943,7
943,26
943,29
943,31
943,32
943,33
943,256
943,34
943,37
943,75
943,60
943,69
943,77
943,78
943,148
943,90
943,104
943,113
943,126
943,130
943,284
943,101
943,147
943,152
943,177
943,63
943,66
943,49
943,170
943,175
943,171
943,196
943,207
943,215
943,35
943,291
943,230
943,266
943,268
943,271
943,369
943,274
943,356
943,279
943,293
943,295
943,296
943,303
943,313
943,312
943,314
943,315
943,316
943,325
943,329
943,83
943,337
943,342
943,348
943,70
943,353
943,238
943,354
943,361
943,364
943,368
943,385
943,386
943,396
943,73
943,14
943,51
943,220
943,219
943,240
943,109
943,209
943,259
943,254
943,139
943,202
943,135
943,393
943,149
943,239
943,351
943,195
943,1
943,344
144,319
144,101
144,177
144,198
144,265
144,314
144,144
145,3
145,160
145,25
145,28
145,94
145,29
145,32
145,34
145,37
145,81
145,85
145,100
145,107
145,113
145,114
145,344
145,123
145,126
145,284
145,319
145,101
145,53
145,150
145,156
145,177
145,64
145,65
145,199
145,216
145,266
145,274
145,356
145,293
145,296
145,299
145,301
145,330
145,350
145,195
145,353
145,238
145,337
145,364
145,368
145,385
145,386
145,390
145,391
145,117
145,387
145,236
145,259
145,256
145,211
145,135
145,393
145,158
145,56
145,1
145,222
147,2
147,23
147,26
147,38
147,60
147,78
147,148
147,107
147,113
147,123
147,126
147,319
147,101
147,147
147,37
147,158
147,176
147,177
147,198
147,290
147,210
147,266
147,273
147,314
147,83
147,346
147,138
147,354
147,379
147,385
147,386
147,396
147,388
147,371
147,340
147,240
147,109
147,209
147,4
147,102
147,150
147,344
353,2
353,3
353,160
353,7
353,20
353,26
353,28
353,94
353,29
353,33
353,256
353,44
353,103
353,98
353,102
353,106
353,107
353,113
353,123
353,130
353,286
353,147
353,37
353,53
353,163
353,176
353,177
353,66
353,175
353,171
353,186
353,188
353,194
353,198
353,199
353,203
353,207
353,224
353,35
353,291
353,231
353,232
353,261
353,10
353,266
353,297
353,300
353,83
353,137
353,379
353,27
353,384
353,391
353,396
353,398
353,397
353,68
353,255
353,240
353,109
353,148
353,209
353,259
353,211
353,139
353,341
353,263
353,277
353,278
353,347
353,293
353,351
353,195
353,222
353,363
353,299
150,15
150,18
150,21
150,22
150,25
150,28
150,94
150,29
150,32
150,33
150,256
150,37
150,38
150,39
150,41
150,248
150,57
150,60
150,59
150,267
150,72
150,212
150,78
150,148
150,79
150,81
150,85
150,91
150,92
150,43
150,93
150,234
150,112
150,124
150,100
150,101
150,106
150,107
150,113
150,120
150,123
150,126
150,127
150,129
150,131
150,284
150,366
150,134
150,319
150,143
150,147
150,53
150,152
150,158
150,164
150,176
150,177
150,64
150,65
150,193
150,194
150,196
150,198
150,204
150,205
150,207
150,210
150,215
150,216
150,35
150,291
150,230
150,88
150,253
150,231
150,232
150,58
150,242
150,87
150,261
150,10
150,266
150,273
150,274
150,356
150,275
150,280
150,282
150,335
150,202
150,287
150,293
150,296
150,299
150,301
150,309
150,313
150,312
150,314
150,315
150,318
150,383
150,330
150,333
150,334
150,338
150,340
150,343
150,345
150,350
150,195
150,353
150,238
150,337
150,354
150,358
150,360
150,361
150,362
150,364
150,368
150,137
150,372
150,379
150,27
150,391
150,396
150,398
150,397
150,117
150,349
150,99
150,251
150,11
150,305
150,68
150,252
150,348
150,327
150,145
150,36
150,16
150,227
150,371
150,240
150,109
150,209
150,259
150,254
150,211
150,110
150,357
150,247
150,320
150,111
150,144
150,135
150,359
150,288
150,289
150,116
150,393
150,332
150,73
150,56
150,277
150,278
150,239
150,201
150,52
150,214
150,213
150,5
150,222
150,328
150,331
150,265
150,12
150,395
150,6
150,34
150,166
150,200
150,292
150,8
150,221
150,241
151,0
151,3
151,38
151,107
151,136
151,152
151,177
151,207
151,266
151,333
151,83
151,350
151,195
151,60
151,310
151,240
151,109
151,148
151,209
151,149
151,227
151,354
154,3
154,160
154,18
154,22
154,25
154,26
154,28
154,94
154,29
154,32
154,34
154,37
154,38
154,40
154,42
154,248
154,54
154,57
154,59
154,270
154,267
154,72
154,212
154,78
154,148
154,79
154,81
154,234
154,112
154,124
154,96
154,100
154,106
154,107
154,113
154,123
154,126
154,127
154,130
154,284
154,133
154,134
154,319
154,101
154,147
154,53
154,150
154,156
154,158
154,166
154,167
154,177
154,63
154,64
154,65
154,66
154,49
154,170
154,175
154,171
154,187
154,192
154,193
154,194
154,198
154,199
154,204
154,210
154,216
154,225
154,272
154,88
154,253
154,58
154,242
154,243
154,200
154,261
154,10
154,266
154,269
154,273
154,274
154,356
154,279
154,281
154,293
154,299
154,301
154,308
154,309
154,314
154,330
154,338
154,340
154,342
154,70
154,350
154,195
154,353
154,238
154,337
154,360
154,361
154,310
154,374
154,377
154,376
154,373
154,379
154,27
154,396
154,398
154,397
154,117
154,375
154,73
154,180
154,285
154,68
154,258
154,51
154,89
154,48
154,220
154,236
154,55
154,304
154,45
154,36
154,16
154,118
154,172
154,241
154,371
154,223
154,259
154,256
154,355
154,185
154,135
154,336
154,323
154,183
154,47
154,218
154,217
154,56
154,277
154,278
154,146
154,86
154,85
154,189
154,245
154,222
154,255
154,344
154,6
154,395
159,0
159,3
159,160
159,23
159,26
159,76
159,96
159,107
159,113
159,158
159,177
159,198
159,210
159,87
159,253
159,266
159,273
159,353
159,238
159,337
159,396
159,241
159,1
160,3
160,160
160,15
160,18
160,26
160,29
160,32
160,33
160,256
160,37
160,38
160,40
160,41
160,42
160,248
160,57
160,60
160,59
160,267
160,72
160,77
160,212
160,78
160,148
160,79
160,80
160,81
160,85
160,91
160,92
160,43
160,234
160,112
160,100
160,101
160,105
160,107
160,113
160,114
160,344
160,120
160,123
160,126
160,129
160,131
160,284
160,319
160,143
160,147
160,53
160,152
160,156
160,158
160,166
160,176
160,177
160,178
160,63
160,64
160,65
160,66
160,182
160,190
160,198
160,202
160,204
160,207
160,290
160,35
160,291
160,230
160,317
160,58
160,242
160,87
160,253
160,261
160,10
160,266
160,273
160,275
160,280
160,293
160,296
160,299
160,301
160,309
160,311
160,378
160,314
160,318
160,383
160,328
160,330
160,337
160,338
160,343
160,345
160,350
160,195
160,353
160,238
160,354
160,360
160,364
160,368
160,137
160,377
160,379
160,27
160,384
160,389
160,391
160,392
160,396
160,398
160,117
160,14
160,251
160,11
160,285
160,151
160,366
160,255
160,145
160,339
160,371
160,340
160,240
160,109
160,209
160,259
160,254
160,110
160,4
160,135
160,359
160,288
160,289
160,183
160,141
160,5
160,306
160,307
160,56
160,394
160,395
160,189
160,245
160,351
160,128
160,222
160,363
160,12
160,221
160,6
168,3
168,160
168,29
168,78
168,148
168,79
168,107
168,113
168,126
168,53
168,152
168,188
168,199
168,290
168,231
168,264
168,266
168,353
168,238
168,337
168,391
168,396
168,251
168,11
168,388
168,235
168,355
168,25
168,56
168,351
168,195
168,315
169,29
169,31
169,32
169,33
169,256
169,34
169,37
169,248
169,79
169,59
169,72
169,77
169,265
169,330
169,212
169,85
169,90
169,100
169,101
169,104
169,106
169,113
169,114
169,344
169,120
169,123
169,126
169,284
169,319
169,143
169,147
169,152
169,158
169,177
169,64
169,163
169,193
169,198
169,199
169,207
169,210
169,216
169,35
169,291
169,116
169,231
169,242
169,264
169,266
169,273
169,293
169,295
169,296
169,299
169,301
169,314
169,334
169,338
169,352
169,353
169,238
169,337
169,354
169,137
169,27
169,385
169,386
169,117
169,61
169,305
169,68
169,145
169,118
169,227
169,371
169,340
169,259
169,109
169,144
169,393
169,56
169,146
169,394
169,395
169,347
169,9
169,222
169,149
169,328
169,6
172,13
172,23
172,28
172,94
172,39
172,248
172,78
172,148
172,80
172,98
172,108
172,113
172,114
172,344
172,319
172,101
172,143
172,147
172,37
172,158
172,176
172,177
172,63
172,64
172,65
172,198
172,207
172,224
172,266
172,273
172,274
172,356
172,280
172,296
172,314
172,315
172,83
172,253
172,345
172,354
172,368
172,396
172,117
172,14
172,255
172,172
172,241
172,371
172,340
172,123
172,139
172,393
172,343
172,99
175,23
175,26
175,60
175,107
175,319
175,101
175,158
175,198
175,210
175,266
175,314
175,379
175,396
175,371
175,340
175,4
176,0
176,3
176,160
176,18
176,19
176,28
176,94
176,29
176,32
176,37
176,39
176,248
176,212
176,78
176,148
176,80
176,81
176,124
176,97
176,98
176,102
176,106
176,107
176,108
176,113
176,114
176,344
176,121
176,123
176,126
176,284
176,319
176,101
176,143
176,147
176,53
176,158
176,159
176,176
176,177
176,64
176,66
176,199
176,202
176,204
176,207
176,290
176,112
176,216
176,88
176,253
176,231
176,242
176,87
176,261
176,10
176,264
176,266
176,273
176,274
176,356
176,280
176,282
176,335
176,295
176,299
176,308
176,315
176,330
176,83
176,338
176,70
176,353
176,238
176,337
176,354
176,364
176,310
176,374
176,379
176,27
176,384
176,390
176,391
176,396
176,117
176,375
176,61
176,14
176,285
176,371
176,340
176,235
176,1
176,4
176,120
176,393
176,56
176,394
176,395
176,128
176,222
176,331
176,265
176,363
177,3
177,160
177,26
177,29
177,33
177,256
177,37
177,42
177,60
177,62
177,267
177,212
177,104
177,120
177,123
177,130
177,319
177,101
177,53
177,157
177,163
177,177
177,216
177,224
177,200
177,264
177,265
177,266
177,292
177,293
177,301
177,315
177,330
177,338
177,353
177,113
177,238
177,337
177,379
177,396
177,398
177,117
177,68
177,250
177,259
177,86
177,85
177,222
177,2
177,7
177,18
177,21
177,23
177,22
177,28
177,94
177,34
177,248
177,75
177,54
177,57
177,59
177,72
177,78
177,148
177,79
177,80
177,81
177,82
177,107
177,126
177,127
177,129
177,131
177,132
177,134
177,143
177,147
177,150
177,152
177,158
177,164
177,64
177,170
177,175
177,171
177,186
177,125
177,198
177,199
177,205
177,210
177,232
177,242
177,249
177,87
177,253
177,273
177,274
177,356
177,281
177,296
177,299
177,314
177,318
177,383
177,340
177,352
177,354
177,358
177,368
177,370
177,310
177,377
177,376
177,373
177,27
177,391
177,392
177,395
177,399
177,14
177,251
177,11
177,322
177,365
177,304
177,45
177,241
177,371
177,235
177,240
177,109
177,209
177,211
177,4
177,355
177,285
177,239
177,359
177,288
177,289
177,151
177,393
177,197
177,146
177,351
177,195
177,9
177,214
177,213
177,46
177,128
177,343
177,344
177,6
178,3
178,160
178,37
178,74
178,72
178,96
178,107
178,311
178,113
178,366
178,319
178,101
178,147
178,167
178,177
178,178
178,49
178,194
178,205
178,206
178,207
178,233
178,87
178,253
178,257
178,266
178,297
178,314
178,325
178,346
178,138
178,350
178,195
178,360
178,379
178,391
178,396
178,117
178,184
178,237
178,1
178,48
178,201
178,52
178,33
178,165
179,23
179,22
179,26
179,29
179,31
179,33
179,256
179,37
179,42
179,54
179,267
179,212
179,78
179,148
179,81
179,124
179,108
179,113
179,114
179,344
179,119
179,291
179,284
179,142
179,53
179,158
179,177
179,63
179,41
179,64
179,195
179,196
179,198
179,199
179,202
179,203
179,207
179,230
179,231
179,153
179,266
179,273
179,274
179,356
179,282
179,335
179,295
179,296
179,299
179,314
179,83
179,73
179,337
179,253
179,353
179,238
179,354
179,364
179,368
179,137
179,374
179,379
179,389
179,390
179,396
179,221
179,375
179,387
179,14
179,285
179,258
179,99
179,388
179,255
179,36
179,16
179,241
179,371
179,340
179,235
179,254
179,94
179,149
179,139
179,48
179,24
179,393
179,56
179,277
179,278
179,50
179,351
179,214
179,213
179,222
179,328
179,3
179,160
179,32
179,248
179,60
179,67
179,85
179,107
179,123
179,126
179,150
179,152
179,170
179,290
179,232
179,58
179,293
179,317
179,318
179,383
179,350
179,377
179,339
179,47
179,141
179,2
179,332
179,208
180,2
180,3
180,160
180,7
180,19
180,23
180,25
180,26
180,28
180,94
180,29
180,31
180,33
180,256
180,37
180,42
180,248
180,57
180,60
180,59
180,267
180,72
180,77
180,212
180,78
180,148
180,79
180,80
180,81
180,85
180,90
180,234
180,112
180,124
180,96
180,100
180,104
180,107
180,108
180,113
180,119
180,291
180,120
180,122
180,123
180,126
180,129
180,284
180,319
180,101
180,143
180,147
180,53
180,150
180,152
180,158
180,176
180,177
180,64
180,188
180,195
180,198
180,199
180,202
180,207
180,290
180,210
180,215
180,216
180,231
180,242
180,87
180,253
180,257
180,265
180,266
180,273
180,274
180,356
180,280
180,282
180,335
180,293
180,294
180,295
180,296
180,299
180,301
180,314
180,315
180,330
180,83
180,337
180,338
180,350
180,353
180,238
180,354
180,364
180,368
180,137
180,372
180,374
180,377
180,376
180,373
180,379
180,27
180,385
180,386
180,391
180,396
180,397
180,399
180,117
180,375
180,73
180,14
180,251
180,11
180,285
180,250
180,99
180,220
180,8
180,221
180,255
180,16
180,118
180,241
180,371
180,340
180,240
180,109
180,209
180,259
180,4
180,110
180,111
180,244
180,139
180,247
180,1
180,322
180,183
180,116
180,393
180,149
180,332
180,56
180,50
180,84
180,217
180,146
180,394
180,395
180,38
180,154
180,189
180,245
180,115
180,67
180,214
180,213
180,128
180,343
180,302
180,228
180,222
180,328
180,208
180,344
183,18
183,20
183,26
183,28
183,94
183,33
183,256
183,37
183,39
183,44
183,103
183,72
183,78
183,148
183,79
183,81
183,100
183,107
183,113
183,114
183,344
183,121
183,126
183,127
183,130
183,284
183,133
183,134
183,319
183,101
183,147
183,53
183,150
183,152
183,176
183,177
183,66
183,175
183,171
183,188
183,198
183,199
183,207
183,112
183,233
183,249
183,87
183,253
183,261
183,10
183,264
183,266
183,274
183,356
183,280
183,282
183,335
183,202
183,281
183,293
183,296
183,299
183,314
183,315
183,333
183,83
183,70
183,350
183,195
183,353
183,238
183,337
183,354
183,360
183,364
183,368
183,137
183,310
183,379
183,391
183,396
183,398
183,397
183,117
183,375
183,73
183,349
183,99
183,14
183,251
183,11
183,305
183,258
183,255
183,145
183,118
183,235
183,240
183,109
183,209
183,259
183,158
183,123
183,211
183,357
183,247
183,140
183,119
183,139
183,135
183,359
183,288
183,289
183,323
183,324
183,393
183,5
183,218
183,217
183,56
183,84
183,146
183,9
183,120
183,222
183,363
184,3
184,160
184,15
184,18
184,20
184,22
184,30
184,28
184,94
184,29
184,32
184,33
184,256
184,37
184,38
184,40
184,42
184,248
184,270
184,72
184,77
184,212
184,78
184,148
184,80
184,81
184,85
184,91
184,92
184,43
184,298
184,97
184,100
184,105
184,107
184,113
184,123
184,126
184,127
184,284
184,132
184,134
184,138
184,286
184,319
184,101
184,142
184,143
184,147
184,53
184,152
184,158
184,159
184,164
184,167
184,176
184,177
184,64
184,168
184,170
184,174
184,175
184,171
184,188
184,191
184,194
184,198
184,199
184,203
184,205
184,206
184,207
184,210
184,215
184,225
184,226
184,317
184,231
184,233
184,242
184,153
184,266
184,268
184,269
184,273
184,274
184,356
184,279
184,287
184,293
184,297
184,301
184,308
184,309
184,314
184,330
184,83
184,338
184,348
184,354
184,360
184,362
184,137
184,376
184,373
184,379
184,27
184,385
184,386
184,396
184,398
184,397
184,117
184,73
184,14
184,68
184,51
184,89
184,48
184,388
184,155
184,219
184,103
184,322
184,36
184,16
184,339
184,241
184,371
184,340
184,223
184,259
184,245
184,341
184,135
184,336
184,183
184,47
184,2
184,321
184,56
184,367
184,189
184,115
184,201
184,52
184,214
184,213
184,46
184,222
184,328
184,208
184,327
184,325
184,344
185,26
185,29
185,31
185,39
185,78
185,148
185,81
185,105
185,113
185,319
185,101
185,53
185,176
185,177
185,198
185,207
185,266
185,274
185,356
185,280
185,353
185,238
185,337
185,396
185,14
185,99
185,184
185,237
185,197
185,56
185,344
185,328
186,104
186,120
186,314
186,137
186,347
186,293
188,3
188,160
188,28
188,94
188,29
188,31
188,32
188,37
188,39
188,42
188,59
188,72
188,78
188,148
188,81
188,85
188,124
188,98
188,100
188,108
188,113
188,114
188,344
188,119
188,291
188,126
188,129
188,284
188,134
188,319
188,101
188,143
188,53
188,150
188,176
188,177
188,190
188,199
188,207
188,112
188,294
188,231
188,264
188,266
188,274
188,356
188,295
188,296
188,299
188,300
188,301
188,314
188,330
188,83
188,338
188,253
188,350
188,195
188,353
188,238
188,337
188,354
188,358
188,364
188,368
188,137
188,372
188,379
188,385
188,386
188,391
188,396
188,117
188,73
188,349
188,99
188,14
188,305
188,8
188,221
188,145
188,4
188,211
188,357
188,247
188,149
188,5
188,139
188,393
188,121
188,50
188,84
188,394
188,395
188,154
188,222
188,178
188,93
188,12
188,328
190,3
190,160
190,13
190,18
190,28
190,94
190,29
190,32
190,33
190,256
190,37
190,42
190,59
190,270
190,78
190,148
190,81
190,98
190,100
190,107
190,113
190,121
190,122
190,123
190,126
190,284
190,134
190,319
190,101
190,147
190,150
190,156
190,176
190,177
190,64
190,65
190,198
190,199
190,207
190,290
190,112
190,216
190,35
190,291
190,88
190,253
190,58
190,257
190,264
190,266
190,274
190,356
190,280
190,293
190,296
190,299
190,308
190,309
190,314
190,315
190,330
190,353
190,238
190,337
190,372
190,377
190,391
190,396
190,398
190,397
190,117
190,285
190,181
190,236
190,235
190,240
190,109
190,209
190,4
190,139
190,247
190,111
190,1
190,48
190,218
190,217
190,146
190,189
190,245
190,344
190,351
190,195
190,9
190,343
190,222
190,328
190,6
190,395
192,212
192,93
192,126
192,319
192,101
192,156
192,158
192,159
192,64
192,175
192,171
192,194
192,198
192,199
192,204
192,210
192,224
192,273
192,317
192,325
192,83
192,354
192,14
192,340
192,89
192,48
192,8
192,221
192,118
192,172
192,241
192,336
192,274
192,192
192,214
192,213
192,128
192,378
1302,18
1302,23
1302,25
1302,26
1302,33
1302,256
1302,37
1302,41
1302,60
1302,72
1302,74
1302,212
1302,78
1302,148
1302,81
1302,82
1302,107
1302,108
1302,113
1302,114
1302,344
1302,123
1302,126
1302,130
1302,284
1302,138
1302,319
1302,101
1302,140
1302,147
1302,152
1302,167
1302,177
1302,63
1302,65
1302,182
1302,198
1302,199
1302,207
1302,290
1302,216
1302,225
1302,230
1302,231
1302,87
1302,253
1302,261
1302,10
1302,266
1302,283
1302,293
1302,296
1302,299
1302,300
1302,301
1302,314
1302,315
1302,317
1302,318
1302,383
1302,330
1302,83
1302,338
1302,343
1302,346
1302,70
1302,350
1302,195
1302,353
1302,238
1302,337
1302,354
1302,364
1302,368
1302,372
1302,310
1302,379
1302,384
1302,391
1302,396
1302,117
1302,285
1302,8
1302,221
1302,255
1302,259
1302,1
1302,109
1302,185
1302,179
1302,202
1302,135
1302,393
1302,321
1302,197
1302,14
1302,56
1302,351
1302,128
1302,222
1302,328
1302,208
1302,395
193,101
193,319
193,192
193,198
193,314
193,137
193,118
193,341
193,347
193,293
193,363
193,299
0,0
0,3
0,160
0,17
0,23
0,28
0,94
0,32
0,37
0,44
0,103
0,270
0,72
0,79
0,81
0,234
0,112
0,96
0,101
0,107
0,114
0,344
0,138
0,319
0,53
0,177
0,175
0,171
0,192
0,193
0,198
0,199
0,272
0,266
0,281
0,293
0,294
0,297
0,311
0,378
0,314
0,315
0,83
0,340
0,358
0,137
0,377
0,379
0,396
0,397
0,117
0,14
0,305
0,51
0,55
0,304
0,45
0,36
0,4
0,259
0,256
0,29
0,109
0,120
0,324
0,48
0,222
0,331
0,265
197,3
197,160
197,15
197,17
197,23
197,22
197,30
197,25
197,26
197,28
197,94
197,29
197,32
197,33
197,256
197,34
197,37
197,41
197,42
197,248
197,75
197,54
197,59
197,67
197,72
197,212
197,79
197,80
197,81
197,85
197,91
197,92
197,43
197,96
197,106
197,107
197,113
197,123
197,126
197,131
197,366
197,134
197,319
197,101
197,147
197,53
197,152
197,157
197,158
197,165
197,177
197,63
197,49
197,170
197,175
197,171
197,182
197,194
197,196
197,198
197,202
197,205
197,206
197,207
197,290
197,215
197,225
197,226
197,35
197,291
197,326
197,229
197,233
197,242
197,200
197,263
197,261
197,10
197,265
197,266
197,271
197,369
197,273
197,274
197,356
197,279
197,280
197,51
197,293
197,296
197,297
197,299
197,301
197,309
197,314
197,317
197,325
197,329
197,330
197,337
197,338
197,340
197,343
197,253
197,350
197,195
197,352
197,353
197,238
197,354
197,360
197,361
197,364
197,372
197,377
197,376
197,373
197,379
197,27
197,384
197,391
197,396
197,117
197,14
197,285
197,181
197,89
197,48
197,327
197,298
197,255
197,55
197,241
197,307
197,371
197,235
197,259
197,355
197,245
197,135
197,183
197,393
197,218
197,217
197,367
197,221
197,351
197,201
197,52
197,47
197,214
197,213
197,46
197,222
197,344
197,65
197,66
197,199
200,7
200,133
200,319
200,101
200,198
200,203
200,205
200,232
200,233
200,184
200,287
200,293
200,360
200,364
200,379
200,391
200,53
200,178
200,93
200,327
200,325
201,59
201,212
201,80
201,85
201,113
201,120
201,143
201,158
201,177
201,64
201,187
201,190
201,199
201,202
201,242
201,265
201,266
201,273
201,294
201,296
201,314
201,338
201,253
201,354
201,137
201,27
201,396
201,61
201,285
201,145
201,371
201,340
201,144
201,277
201,278
201,50
201,214
201,213
202,3
202,160
202,15
202,18
202,22
202,173
202,25
202,26
202,28
202,94
202,33
202,256
202,37
202,39
202,44
202,103
202,60
202,72
202,74
202,78
202,148
202,81
202,85
202,105
202,107
202,113
202,120
202,123
202,126
202,133
202,138
202,319
202,101
202,147
202,53
202,152
202,164
202,167
202,176
202,177
202,63
202,182
202,196
202,206
202,207
202,290
202,225
202,226
202,326
202,266
202,268
202,271
202,369
202,274
202,356
202,279
202,287
202,295
202,296
202,297
202,298
202,299
202,301
202,311
202,378
202,313
202,312
202,314
202,325
202,330
202,346
202,348
202,70
202,353
202,238
202,337
202,354
202,360
202,370
202,310
202,384
202,396
202,397
202,117
202,184
202,237
202,240
202,109
202,209
202,259
202,106
202,135
202,116
202,24
202,23
202,393
202,306
202,307
202,239
202,50
202,115
202,222
202,255
202,12
202,344
203,0
203,3
203,32
203,38
203,107
203,152
203,177
203,207
203,87
203,253
203,333
203,350
203,195
203,353
203,113
203,238
203,337
203,396
203,123
203,144
203,347
203,293
203,351
204,3
204,160
204,13
204,15
204,17
204,18
204,19
204,21
204,23
204,22
204,30
204,173
204,26
204,28
204,94
204,29
204,32
204,33
204,256
204,37
204,39
204,41
204,42
204,248
204,44
204,103
204,54
204,59
204,72
204,76
204,77
204,212
204,78
204,148
204,79
204,80
204,81
204,90
204,124
204,100
204,105
204,102
204,107
204,108
204,311
204,113
204,114
204,344
204,119
204,291
204,120
204,121
204,123
204,126
204,129
204,284
204,132
204,133
204,366
204,138
204,319
204,101
204,143
204,147
204,53
204,152
204,158
204,164
204,165
204,167
204,176
204,177
204,63
204,64
204,65
204,66
204,49
204,170
204,182
204,194
204,195
204,198
204,199
204,205
204,206
204,207
204,290
204,210
204,224
204,225
204,88
204,253
204,231
204,232
204,233
204,242
204,87
204,200
204,260
204,266
204,271
204,369
204,273
204,274
204,356
204,275
204,276
204,278
204,283
204,287
204,293
204,297
204,298
204,299
204,301
204,309
204,314
204,315
204,317
204,316
204,318
204,383
204,325
204,330
204,83
204,337
204,338
204,345
204,346
204,348
204,352
204,353
204,238
204,354
204,360
204,361
204,364
204,368
204,137
204,310
204,377
204,376
204,373
204,379
204,27
204,384
204,391
204,396
204,398
204,117
204,375
204,73
204,180
204,14
204,285
204,51
204,99
204,155
204,8
204,221
204,236
204,255
204,304
204,45
204,241
204,307
204,371
204,340
204,259
204,254
204,1
204,110
204,357
204,247
204,244
204,140
204,135
204,178
204,183
204,151
204,393
204,306
204,197
204,56
204,367
204,239
204,50
204,339
204,115
204,351
204,214
204,213
204,46
204,128
204,84
204,222
204,93
204,327
205,0
205,3
205,22
205,28
205,94
205,107
205,133
205,319
205,101
205,53
205,150
205,164
205,177
205,198
205,233
205,266
205,279
205,314
205,360
205,379
205,382
205,381
205,396
205,117
205,123
205,323
205,120
206,3
206,160
206,15
206,18
206,22
206,173
206,26
206,28
206,94
206,29
206,37
206,39
206,42
206,44
206,103
206,72
206,265
206,330
206,78
206,148
206,81
206,85
206,124
206,98
206,100
206,107
206,108
206,113
206,121
206,123
206,126
206,284
206,319
206,101
206,140
206,147
206,150
206,152
206,159
206,176
206,177
206,188
206,125
206,198
206,199
206,207
206,290
206,112
206,294
206,233
206,87
206,253
206,260
206,261
206,10
206,266
206,274
206,356
206,280
206,282
206,335
206,202
206,293
206,296
206,299
206,278
206,303
206,314
206,83
206,257
206,333
206,353
206,238
206,337
206,360
206,368
206,372
206,310
206,374
206,377
206,379
206,396
206,398
206,397
206,117
206,375
206,14
206,51
206,172
206,240
206,109
206,209
206,254
206,110
206,244
206,139
206,315
206,393
206,154
206,189
206,245
206,48
206,351
206,195
206,343
206,222
206,344
208,15
208,173
208,28
208,94
208,78
208,148
208,81
208,107
208,108
208,113
208,114
208,344
208,147
208,37
208,177
208,207
208,224
208,264
208,266
208,274
208,356
208,276
208,278
208,296
208,299
208,83
208,354
208,360
208,364
208,368
208,310
208,379
208,391
208,396
208,399
208,375
208,73
208,14
208,123
208,71
208,139
208,141
208,393
208,306
208,307
208,351
208,195
208,222
212,39
212,113
212,114
212,344
212,152
212,177
212,49
212,188
212,290
212,224
212,233
212,42
212,266
212,298
212,83
212,353
212,238
212,337
212,354
212,368
212,391
212,392
212,396
212,14
212,123
212,222
127,3
127,160
127,7
127,18
127,21
127,22
127,28
127,94
127,29
127,32
127,37
127,39
127,42
127,248
127,62
127,267
127,72
127,77
127,212
127,78
127,148
127,80
127,81
127,124
127,100
127,101
127,106
127,107
127,108
127,113
127,126
127,284
127,319
127,142
127,143
127,53
127,152
127,158
127,159
127,167
127,176
127,177
127,175
127,171
127,194
127,198
127,199
127,202
127,205
127,206
127,207
127,232
127,233
127,266
127,268
127,269
127,279
127,293
127,299
127,303
127,309
127,316
127,325
127,334
127,83
127,345
127,348
127,352
127,354
127,360
127,361
127,362
127,368
127,137
127,374
127,377
127,396
127,61
127,349
127,99
127,14
127,285
127,220
127,8
127,221
127,236
127,341
127,145
127,241
127,259
127,256
127,357
127,247
127,185
127,223
127,336
127,393
127,367
127,277
127,278
127,84
127,219
127,146
127,154
127,115
127,298
127,222
127,255
127,344
127,6
127,395
214,32
214,37
214,79
214,60
214,100
214,108
214,113
214,120
214,126
214,284
214,177
214,41
214,66
214,198
214,204
214,207
214,266
214,296
214,338
214,70
214,353
214,238
214,337
214,305
214,144
214,106
214,393
214,227
214,56
214,394
214,395
214,222
214,328
215,3
215,160
215,17
215,18
215,21
215,23
215,22
215,30
215,25
215,26
215,28
215,94
215,33
215,256
215,34
215,37
215,40
215,41
215,42
215,75
215,60
215,59
215,67
215,72
215,212
215,78
215,148
215,81
215,85
215,234
215,112
215,96
215,105
215,106
215,107
215,113
215,123
215,126
215,284
215,366
215,138
215,319
215,101
215,147
215,53
215,150
215,158
215,159
215,165
215,166
215,177
215,178
215,63
215,65
215,170
215,175
215,171
215,191
215,193
215,190
215,194
215,196
215,198
215,199
215,202
215,204
215,205
215,206
215,207
215,290
215,210
215,216
215,326
215,88
215,253
215,233
215,242
215,243
215,87
215,261
215,10
215,264
215,265
215,266
215,274
215,356
215,275
215,280
215,51
215,293
215,294
215,296
215,298
215,299
215,301
215,309
215,314
215,317
215,318
215,383
215,325
215,330
215,83
215,337
215,338
215,343
215,346
215,70
215,352
215,353
215,238
215,354
215,360
215,364
215,372
215,310
215,374
215,377
215,376
215,373
215,379
215,27
215,389
215,390
215,391
215,392
215,396
215,398
215,397
215,399
215,117
215,251
215,11
215,285
215,250
215,89
215,48
215,151
215,155
215,8
215,221
215,262
215,327
215,304
215,45
215,36
215,16
215,237
215,241
215,307
215,371
215,340
215,223
215,235
215,240
215,109
215,209
215,259
215,357
215,247
215,320
215,111
215,100
215,135
215,141
215,24
215,393
215,321
215,56
215,86
215,351
215,195
215,201
215,52
215,46
215,222
215,315
215,344
215,6
215,395
217,3
217,160
217,15
217,23
217,30
217,173
217,26
217,28
217,94
217,29
217,33
217,256
217,37
217,38
217,42
217,62
217,267
217,72
217,74
217,76
217,78
217,148
217,79
217,81
217,107
217,113
217,122
217,123
217,126
217,127
217,129
217,284
217,133
217,366
217,134
217,138
217,319
217,101
217,53
217,150
217,156
217,158
217,176
217,177
217,66
217,170
217,175
217,171
217,182
217,198
217,207
217,210
217,216
217,226
217,233
217,200
217,266
217,271
217,369
217,273
217,274
217,356
217,279
217,281
217,292
217,293
217,296
217,298
217,299
217,314
217,330
217,83
217,338
217,346
217,350
217,195
217,353
217,238
217,337
217,360
217,368
217,376
217,373
217,379
217,382
217,381
217,391
217,396
217,73
217,14
217,285
217,181
217,89
217,48
217,155
217,8
217,221
217,304
217,45
217,16
217,172
217,240
217,109
217,209
217,259
217,183
217,47
217,24
217,321
217,197
217,146
217,86
217,85
217,214
217,213
217,46
217,51
217,206
217,222
217,344
218,3
218,160
218,15
218,23
218,30
218,173
218,26
218,33
218,256
218,74
218,107
218,123
218,133
218,366
218,138
218,319
218,101
218,53
218,175
218,171
218,198
218,266
218,279
218,298
218,314
218,83
218,346
218,360
218,379
218,382
218,381
218,396
218,180
218,181
218,51
218,89
218,48
218,304
218,45
218,36
218,16
218,47
218,37
218,113
218,114
218,344
218,177
218,87
218,253
218,274
218,356
218,352
218,391
218,158
219,3
219,160
219,15
219,23
219,30
219,173
219,28
219,94
219,62
219,74
219,76
219,107
219,133
219,366
219,138
219,319
219,101
219,175
219,171
219,182
219,198
219,233
219,200
219,266
219,271
219,369
219,279
219,298
219,303
219,314
219,325
219,83
219,346
219,360
219,379
219,382
219,381
219,396
219,181
219,51
219,89
219,48
219,47
219,4
219,197
219,14
219,53
219,22
219,37
219,78
219,148
219,113
219,147
219,150
219,177
219,123
219,49
219,207
219,226
219,293
219,353
219,238
219,337
219,252
219,348
219,36
219,235
219,344
222,3
222,160
222,15
222,23
222,22
222,30
222,173
222,59
222,62
222,74
222,76
222,77
222,212
222,78
222,148
222,81
222,107
222,113
222,120
222,126
222,133
222,366
222,138
222,319
222,101
222,142
222,53
222,176
222,177
222,175
222,171
222,198
222,203
222,215
222,233
222,266
222,279
222,293
222,298
222,299
222,303
222,309
222,314
222,325
222,83
222,336
222,337
222,346
222,360
222,137
222,377
222,379
222,382
222,381
222,385
222,386
222,396
222,73
222,180
222,349
222,99
222,181
222,304
222,45
222,16
222,14
222,158
222,192
222,327
224,3
224,160
224,15
224,23
224,30
224,173
224,26
224,32
224,60
224,62
224,74
224,76
224,107
224,133
224,366
224,138
224,319
224,101
224,53
224,177
224,175
224,171
224,182
224,198
224,225
224,233
224,266
224,271
224,369
224,279
224,293
224,314
224,83
224,337
224,346
224,360
224,379
224,382
224,381
224,396
224,181
224,237
224,240
224,109
224,148
224,209
224,327
224,355
224,103
224,325
226,3
226,160
226,15
226,23
226,22
226,30
226,173
226,26
226,62
226,74
226,76
226,105
226,107
226,126
226,133
226,366
226,138
226,319
226,101
226,53
226,152
226,175
226,171
226,198
226,207
226,225
226,326
226,233
226,266
226,271
226,369
226,279
226,293
226,298
226,303
226,314
226,83
226,346
226,360
226,361
226,137
226,376
226,373
226,379
226,382
226,381
226,396
226,181
226,355
226,47
226,321
228,3
228,160
228,15
228,23
228,30
228,173
228,26
228,76
228,78
228,148
228,105
228,107
228,113
228,114
228,344
228,133
228,366
228,138
228,319
228,101
228,53
228,177
228,175
228,171
228,198
228,226
228,266
228,274
228,356
228,279
228,293
228,298
228,301
228,314
228,83
228,346
228,360
228,137
228,379
228,382
228,381
228,396
228,51
228,197
228,14
228,222
230,3
230,160
230,15
230,23
230,30
230,173
230,26
230,60
230,62
230,74
230,76
230,77
230,107
230,113
230,133
230,366
230,138
230,319
230,101
230,53
230,177
230,175
230,171
230,191
230,198
230,207
230,215
230,225
230,233
230,266
230,279
230,298
230,299
230,303
230,314
230,325
230,83
230,346
230,360
230,379
230,382
230,381
230,396
230,181
230,219
230,14
230,158
230,152
230,176
230,210
230,231
230,273
230,293
230,361
230,368
230,27
230,371
230,340
230,341
230,183
230,393
230,120
230,189
230,245
230,214
230,213
230,46
230,102
230,327
238,3
238,160
238,15
238,23
238,30
238,173
238,28
238,94
238,62
238,74
238,81
238,96
238,107
238,113
238,120
238,123
238,126
238,127
238,366
238,136
238,319
238,101
238,147
238,37
238,53
238,150
238,177
238,170
238,175
238,171
238,198
238,224
238,225
238,243
238,264
238,266
238,279
238,298
238,299
238,314
238,315
238,83
238,346
238,138
238,379
238,382
238,381
238,396
238,117
238,14
238,158
238,197
238,332
238,73
238,222
238,327
238,325
238,344
231,15
231,23
231,22
231,30
231,173
231,69
231,107
231,133
231,366
231,138
231,319
231,101
231,53
231,175
231,171
231,198
231,233
231,266
231,279
231,282
231,335
231,202
231,293
231,298
231,299
231,303
231,314
231,83
231,346
231,360
231,382
231,381
231,396
231,355
231,219
233,3
233,160
233,15
233,23
233,22
233,30
233,173
233,39
233,75
233,60
233,62
233,74
233,76
233,101
233,105
233,102
233,107
233,113
233,120
233,123
233,284
233,133
233,366
233,134
233,138
233,319
233,53
233,150
233,152
233,164
233,165
233,177
233,170
233,175
233,171
233,198
233,225
233,232
233,233
233,200
233,153
233,266
233,279
233,287
233,293
233,296
233,297
233,299
233,303
233,313
233,312
233,314
233,83
233,73
233,346
233,348
233,360
233,361
233,379
233,382
233,381
233,396
233,181
233,36
233,4
233,240
233,109
233,148
233,209
233,355
233,24
233,149
233,272
233,197
233,14
233,212
233,115
233,48
233,351
233,195
233,327
233,325
234,0
234,3
234,160
234,15
234,23
234,30
234,173
234,26
234,28
234,94
234,33
234,256
234,62
234,72
234,74
234,76
234,85
234,107
234,113
234,114
234,344
234,123
234,126
234,127
234,133
234,366
234,138
234,319
234,101
234,53
234,150
234,158
234,177
234,175
234,171
234,182
234,198
234,210
234,224
234,225
234,233
234,87
234,253
234,266
234,271
234,369
234,279
234,293
234,296
234,298
234,314
234,83
234,333
234,338
234,346
234,350
234,195
234,354
234,358
234,360
234,361
234,137
234,372
234,377
234,376
234,373
234,379
234,382
234,381
234,27
234,396
234,73
234,181
234,59
234,252
234,348
234,51
234,89
234,48
234,219
234,304
234,45
234,172
234,371
234,340
234,258
234,179
234,183
234,47
234,197
234,14
234,214
234,213
234,46
234,327
234,325
235,3
235,160
235,15
235,17
235,18
235,23
235,22
235,30
235,25
235,26
235,28
235,94
235,29
235,32
235,33
235,256
235,37
235,39
235,42
235,248
235,75
235,54
235,57
235,60
235,59
235,62
235,69
235,72
235,74
235,76
235,212
235,78
235,148
235,79
235,80
235,81
235,85
235,91
235,92
235,43
235,93
235,124
235,101
235,105
235,102
235,104
235,106
235,107
235,113
235,120
235,123
235,126
235,127
235,129
235,130
235,284
235,133
235,366
235,134
235,136
235,138
235,286
235,319
235,143
235,147
235,53
235,150
235,152
235,156
235,157
235,161
235,158
235,159
235,163
235,176
235,177
235,178
235,64
235,65
235,66
235,169
235,170
235,175
235,171
235,182
235,186
235,187
235,193
235,194
235,198
235,199
235,202
235,204
235,205
235,206
235,210
235,225
235,35
235,291
235,272
235,326
235,229
235,88
235,253
235,233
235,58
235,242
235,243
235,200
235,153
235,261
235,10
235,265
235,266
235,269
235,271
235,369
235,273
235,274
235,356
235,275
235,51
235,281
235,292
235,296
235,297
235,298
235,299
235,301
235,309
235,313
235,312
235,314
235,316
235,330
235,338
235,340
235,346
235,348
235,70
235,353
235,238
235,337
235,354
235,360
235,361
235,364
235,370
235,372
235,310
235,374
235,377
235,376
235,373
235,379
235,382
235,381
235,27
235,384
235,389
235,391
235,392
235,396
235,398
235,117
235,180
235,285
235,68
235,181
235,252
235,95
235,250
235,258
235,89
235,48
235,151
235,220
235,236
235,145
235,304
235,45
235,36
235,16
235,118
235,172
235,307
235,371
235,259
235,211
235,4
235,320
235,52
235,103
235,245
235,341
235,336
235,183
235,24
235,393
235,306
235,218
235,217
235,321
235,367
235,277
235,278
235,50
235,146
235,189
235,115
235,351
235,195
235,214
235,213
235,46
235,128
235,343
235,222
235,208
235,125
235,12
235,344
235,380
236,32
236,37
236,41
236,60
236,78
236,148
236,100
236,106
236,107
236,113
236,126
236,319
236,101
236,147
236,176
236,177
236,65
236,204
236,207
236,266
236,280
236,296
236,299
236,315
236,340
236,343
236,354
236,368
236,396
236,4
236,3
236,116
236,56
236,394
236,395
236,189
236,245
236,222
236,344
237,3
237,160
237,15
237,23
237,30
237,173
237,26
237,33
237,256
237,34
237,248
237,57
237,74
237,76
237,78
237,148
237,80
237,107
237,113
237,123
237,133
237,366
237,138
237,319
237,101
237,147
237,37
237,53
237,156
237,158
237,176
237,177
237,175
237,171
237,182
237,198
237,210
237,226
237,35
237,291
237,233
237,266
237,271
237,369
237,273
237,279
237,298
237,314
237,83
237,346
237,360
237,376
237,373
237,379
237,382
237,381
237,396
237,14
237,181
237,51
237,89
237,48
237,304
237,45
237,36
237,16
237,371
237,340
237,183
237,47
237,214
237,213
237,46
223,3
223,160
223,15
223,23
223,30
223,173
223,26
223,44
223,103
223,62
223,74
223,107
223,113
223,123
223,133
223,366
223,138
223,319
223,101
223,150
223,177
223,175
223,171
223,198
223,233
223,266
223,279
223,298
223,314
223,83
223,346
223,360
223,377
223,379
223,382
223,381
223,396
223,181
223,47
223,53
223,76
223,182
223,191
223,225
223,326
223,337
223,24
223,146
223,327
223,325
239,3
239,160
239,18
239,23
239,22
239,173
239,25
239,26
239,28
239,94
239,29
239,33
239,256
239,34
239,37
239,42
239,59
239,72
239,76
239,81
239,85
239,107
239,113
239,120
239,123
239,126
239,284
239,133
239,366
239,134
239,138
239,319
239,101
239,53
239,150
239,152
239,158
239,159
239,167
239,177
239,182
239,198
239,216
239,226
239,326
239,294
239,233
239,87
239,253
239,200
239,263
239,266
239,297
239,299
239,278
239,301
239,314
239,318
239,383
239,329
239,330
239,338
239,346
239,360
239,368
239,379
239,384
239,391
239,396
239,73
239,68
239,8
239,221
239,327
239,240
239,109
239,148
239,209
239,259
239,135
239,24
239,393
239,306
239,307
239,197
239,14
239,367
239,394
239,395
239,21
239,222
239,255
239,344
240,3
240,160
240,13
240,18
240,21
240,23
240,173
240,26
240,28
240,94
240,29
240,32
240,33
240,256
240,34
240,37
240,39
240,42
240,248
240,54
240,60
240,59
240,72
240,74
240,212
240,78
240,148
240,79
240,81
240,85
240,91
240,92
240,43
240,93
240,234
240,112
240,96
240,101
240,106
240,107
240,113
240,120
240,121
240,122
240,123
240,126
240,127
240,129
240,131
240,284
240,134
240,136
240,319
240,143
240,147
240,53
240,150
240,152
240,156
240,158
240,163
240,176
240,177
240,64
240,65
240,170
240,182
240,186
240,190
240,198
240,199
240,202
240,207
240,210
240,224
240,225
240,35
240,291
240,88
240,253
240,243
240,246
240,249
240,200
240,153
240,266
240,273
240,274
240,356
240,280
240,293
240,295
240,296
240,299
240,301
240,309
240,311
240,378
240,314
240,318
240,383
240,330
240,334
240,83
240,333
240,338
240,340
240,345
240,348
240,252
240,353
240,238
240,337
240,354
240,358
240,360
240,364
240,365
240,368
240,372
240,310
240,374
240,377
240,376
240,373
240,382
240,381
240,391
240,392
240,396
240,398
240,117
240,375
240,14
240,251
240,11
240,285
240,181
240,250
240,151
240,155
240,8
240,221
240,255
240,145
240,118
240,307
240,371
240,240
240,109
240,209
240,259
240,254
240,211
240,357
240,247
240,244
240,320
240,139
240,111
240,103
240,323
240,47
240,393
240,2
240,321
240,197
240,332
240,73
240,367
240,239
240,84
240,146
240,58
240,189
240,245
240,351
240,195
240,46
240,343
240,45
240,222
240,125
240,12
240,344
240,6
240,395
240,265
240,292
240,379
240,140
240,394
242,3
242,160
242,7
242,15
242,17
242,18
242,20
242,21
242,22
242,25
242,28
242,94
242,29
242,31
242,32
242,33
242,256
242,34
242,37
242,38
242,42
242,54
242,60
242,59
242,62
242,67
242,69
242,72
242,77
242,212
242,78
242,148
242,79
242,81
242,85
242,91
242,92
242,43
242,93
242,124
242,96
242,97
242,98
242,101
242,104
242,106
242,107
242,108
242,113
242,120
242,121
242,122
242,123
242,126
242,127
242,129
242,131
242,284
242,132
242,133
242,134
242,136
242,286
242,319
242,143
242,147
242,53
242,150
242,152
242,156
242,157
242,161
242,159
242,162
242,163
242,164
242,165
242,166
242,176
242,177
242,178
242,64
242,49
242,169
242,170
242,174
242,175
242,171
242,186
242,187
242,188
242,192
242,193
242,190
242,194
242,196
242,198
242,199
242,202
242,204
242,205
242,206
242,207
242,290
242,35
242,291
242,272
242,229
242,88
242,253
242,294
242,232
242,233
242,243
242,246
242,249
242,200
242,153
242,260
242,261
242,10
242,266
242,269
242,273
242,275
242,280
242,281
242,287
242,292
242,293
242,295
242,296
242,299
242,301
242,308
242,309
242,311
242,378
242,314
242,316
242,318
242,383
242,330
242,83
242,333
242,338
242,340
242,342
242,345
242,348
242,252
242,353
242,238
242,337
242,354
242,358
242,360
242,361
242,364
242,365
242,368
242,372
242,373
242,310
242,374
242,377
242,379
242,382
242,381
242,27
242,384
242,391
242,392
242,396
242,398
242,397
242,221
242,375
242,14
242,251
242,11
242,285
242,68
242,250
242,51
242,327
242,255
242,55
242,145
242,304
242,45
242,16
242,339
242,118
242,241
242,307
242,240
242,109
242,209
242,259
242,211
242,357
242,247
242,320
242,239
242,103
242,100
242,341
242,135
242,336
242,141
242,2
242,218
242,217
242,197
242,332
242,73
242,277
242,278
242,84
242,146
242,58
242,154
242,189
242,245
242,351
242,195
242,201
242,52
242,222
242,208
242,13
242,125
242,344
242,380
242,6
242,395
244,3
244,160
244,18
244,20
244,22
244,173
244,26
244,28
244,94
244,39
244,270
244,212
244,78
244,148
244,91
244,92
244,43
244,107
244,366
244,138
244,147
244,37
244,53
244,176
244,198
244,225
244,326
244,233
244,121
244,266
244,269
244,279
244,293
244,298
244,278
244,309
244,314
244,83
244,346
244,360
244,368
244,379
244,396
244,14
244,252
244,348
244,223
244,254
244,158
244,123
244,276
244,185
244,239
244,102
244,201
244,52
246,15
246,39
246,78
246,148
246,81
246,234
246,112
246,114
246,344
246,284
246,49
246,225
246,266
246,353
246,113
246,238
246,337
246,181
246,140
246,319
247,7
247,23
247,33
247,256
247,42
247,59
247,85
247,120
247,122
247,123
247,164
247,177
247,198
247,199
247,202
247,35
247,291
247,293
247,299
247,301
247,330
247,338
247,348
247,252
247,352
247,370
247,137
247,372
247,379
247,221
247,117
247,61
247,365
247,259
247,109
247,355
247,341
247,324
247,218
247,217
250,0
250,3
250,15
250,18
250,30
250,26
250,28
250,94
250,29
250,37
250,78
250,148
250,97
250,105
250,107
250,121
250,133
250,366
250,138
250,140
250,176
250,178
250,182
250,207
250,263
250,266
250,279
250,298
250,314
250,315
250,334
250,346
250,360
250,364
250,379
250,396
250,14
250,341
250,319
250,24
250,23
250,393
250,306
250,307
250,158
250,394
250,395
250,83
250,222
250,177
1206,15
1206,18
1206,23
1206,30
1206,173
1206,28
1206,94
1206,37
1206,81
1206,105
1206,107
1206,113
1206,366
1206,138
1206,319
1206,101
1206,53
1206,165
1206,177
1206,170
1206,194
1206,198
1206,207
1206,290
1206,225
1206,226
1206,233
1206,87
1206,253
1206,266
1206,271
1206,369
1206,297
1206,299
1206,309
1206,317
1206,318
1206,383
1206,325
1206,346
1206,360
1206,137
1206,379
1206,384
1206,391
1206,396
1206,14
1206,135
1206,393
1206,306
1206,307
1206,201
1206,52
251,15
251,173
251,28
251,94
251,29
251,78
251,148
251,81
251,107
251,108
251,113
251,114
251,344
251,121
251,147
251,37
251,176
251,177
251,199
251,207
251,224
251,260
251,264
251,266
251,274
251,356
251,276
251,278
251,296
251,299
251,83
251,354
251,360
251,364
251,368
251,310
251,391
251,396
251,399
251,117
251,73
251,14
251,123
251,71
251,139
251,247
251,111
251,141
251,393
251,306
251,307
251,351
251,195
251,222
251,375
252,15
252,20
252,30
252,173
252,26
252,38
252,212
252,81
252,85
252,124
252,105
252,104
252,113
252,114
252,344
252,126
252,132
252,133
252,53
252,165
252,167
252,63
252,49
252,194
252,198
252,204
252,207
252,290
252,216
252,225
252,226
252,233
252,260
252,264
252,298
252,337
252,253
252,353
252,238
252,354
252,368
252,117
252,375
252,285
252,121
252,154
252,140
252,135
252,359
252,288
252,289
252,24
252,23
252,306
252,307
252,246
252,274
252,83
252,222
252,395
253,15
253,30
253,173
253,28
253,94
253,105
253,107
253,113
253,133
253,138
253,177
253,204
253,206
253,226
253,233
253,266
253,298
253,314
253,360
253,379
253,396
253,307
253,158
253,123
253,319
253,151
253,115
254,15
254,30
254,28
254,94
254,32
254,37
254,74
254,81
254,107
254,113
254,133
254,366
254,319
254,101
254,165
254,166
254,177
254,192
254,194
254,198
254,205
254,206
254,290
254,225
254,226
254,233
254,87
254,253
254,266
254,271
254,369
254,297
254,299
254,317
254,318
254,383
254,360
254,379
254,384
254,391
254,396
254,14
254,4
254,3
254,135
254,306
254,307
254,1
254,201
254,52
254,106
255,23
255,26
255,113
255,114
255,344
255,130
255,319
255,101
255,159
255,300
255,235
255,240
255,109
255,148
255,209
255,158
255,123
259,18
259,104
259,131
259,319
259,101
259,177
259,210
259,293
259,314
259,340
259,137
259,390
259,61
259,145
259,118
259,371
259,341
259,146
261,3
261,160
261,15
261,18
261,22
261,173
261,25
261,26
261,28
261,94
261,29
261,32
261,33
261,256
261,37
261,39
261,40
261,41
261,60
261,59
261,72
261,78
261,148
261,79
261,81
261,85
261,234
261,112
261,101
261,107
261,113
261,120
261,123
261,126
261,127
261,284
261,366
261,134
261,138
261,319
261,147
261,150
261,152
261,158
261,159
261,166
261,177
261,64
261,65
261,66
261,49
261,194
261,196
261,198
261,199
261,202
261,207
261,290
261,210
261,326
261,88
261,253
261,233
261,261
261,10
261,266
261,268
261,274
261,356
261,279
261,293
261,296
261,297
261,299
261,301
261,311
261,378
261,313
261,312
261,314
261,318
261,383
261,325
261,330
261,338
261,346
261,70
261,353
261,238
261,337
261,354
261,360
261,364
261,368
261,310
261,376
261,373
261,379
261,27
261,391
261,396
261,117
261,305
261,181
261,250
261,262
261,371
261,340
261,240
261,109
261,209
261,259
261,320
261,135
261,323
261,183
261,141
261,306
261,307
261,321
261,332
261,73
261,56
261,146
261,189
261,245
261,351
261,195
261,46
261,236
261,222
261,125
261,327
261,344
261,6
261,395
262,3
262,160
262,15
262,17
262,19
262,22
262,30
262,25
262,28
262,94
262,29
262,33
262,256
262,34
262,37
262,38
262,40
262,42
262,59
262,72
262,76
262,212
262,79
262,91
262,92
262,43
262,101
262,106
262,107
262,108
262,113
262,123
262,126
262,129
262,130
262,284
262,134
262,286
262,319
262,53
262,150
262,156
262,157
262,158
262,159
262,166
262,177
262,63
262,64
262,65
262,66
262,168
262,170
262,174
262,175
262,171
262,190
262,199
262,202
262,207
262,290
262,216
262,225
262,88
262,253
262,233
262,242
262,243
262,261
262,10
262,266
262,273
262,275
262,293
262,296
262,298
262,299
262,301
262,309
262,314
262,318
262,383
262,330
262,338
262,346
262,138
262,70
262,353
262,238
262,337
262,354
262,360
262,362
262,364
262,310
262,377
262,379
262,382
262,381
262,27
262,385
262,386
262,390
262,391
262,396
262,73
262,285
262,181
262,258
262,51
262,89
262,48
262,151
262,365
262,388
262,155
262,262
262,236
262,55
262,118
262,371
262,340
262,223
262,240
262,109
262,148
262,209
262,259
262,52
262,323
262,183
262,50
262,146
262,86
262,85
262,189
262,245
262,201
262,46
262,222
262,380
263,15
263,23
263,30
263,29
263,33
263,256
263,41
263,78
263,148
263,81
263,105
263,107
263,113
263,114
263,344
263,138
263,319
263,101
263,147
263,37
263,53
263,150
263,167
263,176
263,177
263,182
263,198
263,233
263,257
263,266
263,271
263,369
263,279
263,297
263,298
263,309
263,315
263,325
263,346
263,354
263,360
263,396
263,375
263,14
263,366
263,237
263,240
263,259
263,110
263,185
263,135
263,56
263,48
263,18
263,180
263,327
265,0
265,3
265,160
265,23
265,26
265,28
265,94
265,107
265,113
265,114
265,344
265,284
265,133
265,366
265,138
265,319
265,101
265,177
265,198
265,266
265,293
265,314
265,346
265,360
265,364
265,379
265,396
265,305
265,222
265,363
265,299
266,3
266,160
266,15
266,17
266,18
266,23
266,22
266,173
266,25
266,26
266,28
266,94
266,29
266,32
266,33
266,256
266,34
266,37
266,38
266,39
266,40
266,42
266,248
266,44
266,103
266,75
266,54
266,57
266,60
266,62
266,72
266,76
266,78
266,148
266,79
266,80
266,81
266,91
266,92
266,43
266,124
266,97
266,100
266,101
266,105
266,107
266,108
266,113
266,114
266,344
266,120
266,122
266,123
266,126
266,127
266,129
266,284
266,133
266,366
266,134
266,138
266,286
266,319
266,142
266,143
266,147
266,53
266,150
266,152
266,294
266,156
266,158
266,159
266,164
266,166
266,167
266,176
266,177
266,63
266,64
266,170
266,174
266,175
266,171
266,182
266,188
266,191
266,192
266,193
266,190
266,194
266,195
266,198
266,199
266,202
266,203
266,204
266,207
266,290
266,210
266,215
266,224
266,225
266,226
266,272
266,326
266,231
266,232
266,233
266,184
266,58
266,242
266,243
266,87
266,253
266,200
266,153
266,261
266,10
266,265
266,266
266,268
266,271
266,369
266,273
266,274
266,356
266,276
266,278
266,279
266,280
266,51
266,283
266,293
266,296
266,297
266,298
266,299
266,300
266,301
266,303
266,308
266,311
266,378
266,314
266,315
266,317
266,316
266,318
266,383
266,325
266,329
266,330
266,83
266,336
266,337
266,340
266,346
266,348
266,252
266,350
266,352
266,353
266,238
266,354
266,358
266,360
266,361
266,364
266,368
266,137
266,52
266,310
266,374
266,376
266,373
266,379
266,382
266,381
266,27
266,384
266,385
266,386
266,389
266,390
266,391
266,396
266,117
266,375
266,73
266,180
266,387
266,14
266,305
266,322
266,285
266,181
266,250
266,89
266,48
266,365
266,388
266,155
266,220
266,8
266,221
266,327
266,237
266,236
266,255
266,55
266,145
266,219
266,304
266,45
266,36
266,16
266,118
266,227
266,241
266,307
266,371
266,235
266,240
266,109
266,209
266,259
266,254
266,211
266,1
266,4
266,110
266,111
266,355
266,5
266,144
266,141
266,183
266,47
266,116
266,324
266,24
266,393
266,306
266,2
266,321
266,332
266,56
266,367
266,239
266,84
266,146
266,394
266,395
266,86
266,85
266,154
266,189
266,245
266,347
266,115
266,351
266,201
266,214
266,213
266,46
266,128
266,343
266,222
266,309
266,208
266,178
266,93
266,363
266,12
266,6
268,18
268,23
268,22
268,173
268,28
268,94
268,32
268,37
268,57
268,69
268,212
268,79
268,80
268,93
268,96
268,107
268,311
268,126
268,284
268,319
268,101
268,142
268,143
268,53
268,152
268,158
268,64
268,66
268,188
268,198
268,205
268,206
268,207
268,290
268,210
268,224
268,326
268,233
268,242
268,87
268,253
268,261
268,10
268,264
268,266
268,268
268,273
268,293
268,297
268,299
268,278
268,303
268,325
268,83
268,348
268,70
268,354
268,360
268,364
268,368
268,137
268,376
268,373
268,396
268,399
268,151
268,184
268,237
268,341
268,36
268,241
268,371
268,340
268,240
268,109
268,148
268,209
268,259
268,256
268,29
268,119
268,185
268,183
268,24
268,393
268,56
268,277
268,146
268,48
268,351
268,195
268,201
268,52
268,21
268,46
268,128
268,298
268,331
268,265
268,178
268,12
268,395
269,3
269,160
269,7
269,13
269,15
269,18
269,20
269,21
269,23
269,22
269,173
269,25
269,26
269,28
269,94
269,29
269,32
269,33
269,256
269,34
269,37
269,38
269,39
269,40
269,42
269,248
269,75
269,54
269,57
269,60
269,59
269,62
269,67
269,69
269,72
269,76
269,77
269,212
269,78
269,148
269,79
269,81
269,85
269,90
269,91
269,92
269,43
269,234
269,112
269,124
269,96
269,97
269,98
269,101
269,107
269,108
269,311
269,113
269,120
269,121
269,122
269,123
269,126
269,127
269,129
269,130
269,131
269,284
269,132
269,133
269,134
269,136
269,138
269,286
269,319
269,140
269,143
269,147
269,53
269,150
269,152
269,156
269,157
269,161
269,158
269,159
269,162
269,163
269,164
269,167
269,176
269,177
269,63
269,64
269,65
269,169
269,170
269,175
269,171
269,182
269,186
269,188
269,191
269,190
269,198
269,199
269,202
269,204
269,205
269,206
269,207
269,290
269,210
269,225
269,35
269,291
269,272
269,326
269,229
269,88
269,253
269,294
269,232
269,233
269,58
269,246
269,249
269,200
269,153
269,260
269,261
269,10
269,266
269,269
269,273
269,274
269,356
269,275
269,280
269,283
269,287
269,292
269,293
269,296
269,297
269,298
269,299
269,278
269,301
269,303
269,309
269,378
269,314
269,315
269,316
269,318
269,383
269,329
269,330
269,83
269,333
269,338
269,345
269,348
269,252
269,70
269,350
269,195
269,353
269,238
269,337
269,354
269,358
269,360
269,362
269,364
269,368
269,137
269,372
269,310
269,374
269,377
269,376
269,373
269,379
269,382
269,381
269,391
269,392
269,395
269,396
269,398
269,397
269,221
269,117
269,375
269,387
269,349
269,99
269,14
269,251
269,11
269,305
269,285
269,68
269,250
269,366
269,155
269,262
269,236
269,255
269,55
269,145
269,304
269,45
269,36
269,16
269,339
269,118
269,241
269,307
269,240
269,109
269,209
269,259
269,211
269,357
269,247
269,5
269,320
269,139
269,111
269,100
269,135
269,336
269,323
269,116
269,141
269,218
269,217
269,321
269,197
269,332
269,73
269,56
269,277
269,239
269,84
269,146
269,394
269,154
269,189
269,245
269,115
269,351
269,9
269,343
269,222
269,125
269,12
269,344
269,380
269,6
269,0
269,2
269,19
269,30
269,267
269,80
269,82
269,93
269,102
269,104
269,106
269,119
269,166
269,168
269,187
269,193
269,194
269,203
269,216
269,224
269,231
269,242
269,243
269,87
269,263
269,257
269,264
269,265
269,281
269,295
269,334
269,340
269,346
269,365
269,27
269,390
269,399
269,180
269,61
269,322
269,103
269,95
269,8
269,172
269,371
269,235
269,258
269,254
269,71
269,1
269,4
269,110
269,244
269,144
269,52
269,179
269,183
269,151
269,47
269,393
269,50
269,214
269,213
269,46
269,128
269,302
269,228
269,331
269,149
273,15
273,23
273,173
273,28
273,94
273,78
273,148
273,81
273,107
273,108
273,113
273,114
273,344
273,147
273,37
273,177
273,207
273,224
273,264
273,266
273,274
273,356
273,276
273,278
273,296
273,299
273,83
273,354
273,360
273,364
273,368
273,310
273,391
273,396
273,399
273,375
273,73
273,14
273,123
273,71
273,139
273,141
273,393
273,306
273,307
273,351
273,195
273,222
275,0
275,3
275,160
275,7
275,15
275,22
275,42
275,62
275,76
275,81
275,101
275,105
275,104
275,107
275,113
275,120
275,123
275,126
275,127
275,133
275,366
275,134
275,138
275,286
275,319
275,147
275,37
275,53
275,150
275,152
275,158
275,177
275,63
275,198
275,199
275,207
275,225
275,232
275,233
275,249
275,87
275,253
275,153
275,266
275,279
275,287
275,9
275,293
275,313
275,312
275,314
275,346
275,307
275,352
275,360
275,361
275,370
275,137
275,372
275,377
275,379
275,382
275,381
275,391
275,396
275,103
275,322
275,118
275,1
275,109
275,355
275,320
275,215
275,341
275,324
275,24
275,23
275,4
275,321
275,347
275,2
275,380
276,2
276,13
276,21
276,22
276,28
276,94
276,29
276,37
276,38
276,39
276,248
276,59
276,212
276,78
276,148
276,81
276,85
276,234
276,112
276,124
276,97
276,98
276,100
276,107
276,108
276,113
276,114
276,344
276,119
276,291
276,133
276,366
276,319
276,101
276,143
276,147
276,53
276,158
276,176
276,177
276,49
276,207
276,224
276,231
276,233
276,266
276,273
276,274
276,356
276,280
276,283
276,309
276,314
276,315
276,328
276,253
276,346
276,138
276,350
276,195
276,360
276,368
276,372
276,377
276,379
276,395
276,396
276,398
276,117
276,14
276,236
276,255
276,241
276,371
276,340
276,259
276,256
276,211
276,110
276,139
276,179
276,393
276,258
276,214
276,213
276,222
277,18
277,80
277,101
277,104
277,165
277,177
277,194
277,198
277,293
277,294
277,314
277,318
277,383
277,137
277,285
277,118
277,371
277,340
277,355
277,144
277,322
277,319
277,98
277,212
277,202
277,347
277,363
277,299
278,212
278,82
278,132
278,319
278,101
278,163
278,165
278,194
278,198
278,199
278,210
278,314
278,137
278,379
278,398
278,68
278,104
278,371
278,340
278,214
278,213
282,22
282,28
282,94
282,81
282,91
282,92
282,43
282,100
282,105
282,107
282,113
282,114
282,344
282,284
282,133
282,319
282,101
282,147
282,37
282,53
282,159
282,177
282,182
282,194
282,205
282,225
282,266
282,275
282,314
282,395
282,396
282,397
282,55
282,339
282,4
282,239
282,307
283,18
283,29
283,32
283,33
283,256
283,37
283,42
283,72
283,81
283,93
283,101
283,107
283,2
283,108
283,113
283,126
283,284
283,138
283,319
283,147
283,53
283,152
283,177
283,182
283,198
283,199
283,224
283,232
283,246
283,247
283,266
283,269
283,274
283,356
283,296
283,297
283,299
283,303
283,314
283,315
283,316
283,334
283,83
283,70
283,353
283,238
283,337
283,354
283,361
283,362
283,364
283,137
283,310
283,379
283,391
283,395
283,396
283,398
283,251
283,11
283,305
283,68
283,250
283,145
283,235
283,259
283,211
283,393
283,367
283,9
283,222
283,150
283,74
283,102
283,225
283,184
283,263
283,293
283,325
283,1
283,355
283,245
283,394
283,189
284,3
284,160
284,13
284,15
284,17
284,18
284,20
284,22
284,28
284,94
284,29
284,32
284,33
284,256
284,37
284,39
284,42
284,248
284,57
284,60
284,59
284,69
284,72
284,76
284,77
284,78
284,148
284,79
284,80
284,81
284,82
284,85
284,90
284,91
284,92
284,43
284,93
284,124
284,96
284,97
284,98
284,100
284,101
284,102
284,106
284,107
284,108
284,113
284,114
284,344
284,120
284,121
284,122
284,123
284,126
284,127
284,129
284,131
284,284
284,132
284,133
284,134
284,136
284,286
284,319
284,140
284,143
284,147
284,53
284,150
284,152
284,156
284,161
284,158
284,159
284,162
284,163
284,164
284,165
284,166
284,167
284,176
284,177
284,63
284,41
284,64
284,65
284,66
284,170
284,174
284,182
284,188
284,193
284,190
284,194
284,195
284,198
284,199
284,202
284,205
284,207
284,290
284,210
284,224
284,225
284,35
284,291
284,272
284,230
284,229
284,88
284,253
284,233
284,58
284,242
284,200
284,263
284,260
284,261
284,10
284,266
284,273
284,274
284,356
284,275
284,280
284,281
284,283
284,287
284,292
284,293
284,295
284,296
284,298
284,299
284,278
284,301
284,309
284,311
284,378
284,314
284,315
284,318
284,383
284,329
284,330
284,334
284,83
284,333
284,338
284,342
284,343
284,345
284,252
284,70
284,350
284,353
284,238
284,337
284,354
284,358
284,360
284,361
284,364
284,368
284,373
284,310
284,374
284,377
284,376
284,379
284,382
284,381
284,27
284,389
284,390
284,391
284,396
284,398
284,397
284,117
284,375
284,73
284,349
284,99
284,14
284,251
284,11
284,305
284,322
284,250
284,262
284,255
284,145
284,304
284,45
284,339
284,118
284,241
284,307
284,371
284,340
284,240
284,109
284,209
284,259
284,254
284,211
284,110
284,111
284,357
284,247
284,244
284,320
284,139
284,135
284,323
284,183
284,141
284,24
284,23
284,393
284,306
284,321
284,197
284,56
284,367
284,277
284,239
284,50
284,84
284,154
284,189
284,245
284,351
284,9
284,201
284,52
284,46
284,128
284,222
284,125
284,12
284,380
284,328
284,6
284,395
285,3
285,160
285,13
285,18
285,21
285,23
285,22
285,26
285,28
285,94
285,29
285,33
285,256
285,39
285,42
285,248
285,75
285,57
285,59
285,62
285,67
285,69
285,72
285,77
285,212
285,78
285,148
285,80
285,81
285,85
285,91
285,92
285,43
285,234
285,112
285,124
285,96
285,98
285,100
285,104
285,107
285,108
285,113
285,114
285,344
285,119
285,291
285,122
285,123
285,126
285,127
285,129
285,284
285,132
285,133
285,134
285,319
285,101
285,143
285,147
285,37
285,53
285,150
285,152
285,156
285,158
285,166
285,167
285,176
285,177
285,63
285,64
285,65
285,175
285,171
285,186
285,125
285,198
285,202
285,207
285,290
285,210
285,216
285,224
285,88
285,253
285,231
285,233
285,58
285,87
285,200
285,153
285,266
285,273
285,274
285,356
285,280
285,281
285,283
285,293
285,296
285,278
285,301
285,309
285,311
285,378
285,314
285,315
285,330
285,334
285,73
285,333
285,338
285,340
285,343
285,352
285,354
285,358
285,360
285,368
285,372
285,310
285,374
285,377
285,376
285,373
285,379
285,382
285,381
285,391
285,392
285,395
285,396
285,398
285,397
285,117
285,375
285,14
285,251
285,11
285,250
285,99
285,365
285,236
285,255
285,241
285,371
285,235
285,240
285,109
285,209
285,259
285,254
285,154
285,211
285,1
285,110
285,244
285,139
285,247
285,111
285,144
285,285
285,361
285,5
285,135
285,393
285,38
285,197
285,246
285,239
285,84
285,215
285,146
285,394
285,339
285,222
285,331
285,265
285,12
286,3
286,160
286,13
286,18
286,26
286,28
286,94
286,29
286,32
286,33
286,256
286,37
286,38
286,41
286,248
286,57
286,72
286,212
286,78
286,148
286,81
286,85
286,234
286,112
286,97
286,100
286,104
286,107
286,113
286,114
286,344
286,126
286,129
286,284
286,132
286,134
286,319
286,101
286,143
286,147
286,53
286,158
286,167
286,176
286,177
286,64
286,66
286,182
286,190
286,198
286,207
286,290
286,224
286,88
286,253
286,231
286,240
286,242
286,87
286,264
286,265
286,266
286,273
286,274
286,356
286,280
286,281
286,294
286,293
286,295
286,296
286,299
286,314
286,330
286,342
286,343
286,70
286,350
286,195
286,353
286,238
286,337
286,354
286,358
286,360
286,364
286,368
286,137
286,372
286,310
286,377
286,379
286,27
286,396
286,398
286,117
286,375
286,14
286,236
286,371
286,340
286,109
286,209
286,4
286,202
286,127
286,135
286,359
286,288
286,289
286,116
286,393
286,5
286,321
286,56
286,217
286,222
286,208
286,331
286,328
287,2
287,3
287,160
287,15
287,23
287,22
287,30
287,25
287,26
287,29
287,33
287,256
287,34
287,37
287,38
287,42
287,248
287,75
287,54
287,60
287,59
287,67
287,72
287,76
287,212
287,78
287,148
287,79
287,81
287,82
287,85
287,91
287,92
287,43
287,100
287,107
287,113
287,123
287,126
287,130
287,131
287,284
287,133
287,366
287,134
287,138
287,286
287,319
287,101
287,143
287,147
287,53
287,150
287,156
287,158
287,159
287,166
287,176
287,177
287,65
287,49
287,169
287,170
287,174
287,175
287,171
287,182
287,191
287,193
287,198
287,199
287,202
287,204
287,207
287,210
287,35
287,291
287,326
287,88
287,253
287,233
287,242
287,246
287,266
287,273
287,275
287,279
287,293
287,296
287,297
287,298
287,299
287,278
287,309
287,314
287,316
287,318
287,383
287,330
287,338
287,340
287,342
287,346
287,348
287,353
287,238
287,337
287,364
287,370
287,372
287,377
287,376
287,373
287,379
287,27
287,384
287,391
287,395
287,396
287,285
287,103
287,68
287,181
287,89
287,48
287,151
287,327
287,236
287,237
287,172
287,241
287,371
287,223
287,4
287,259
287,320
287,179
287,183
287,24
287,218
287,217
287,321
287,221
287,115
287,201
287,52
287,46
287,128
287,222
287,178
287,93
287,325
288,39
288,78
288,148
288,108
288,113
288,114
288,344
288,319
288,101
288,147
288,37
288,177
288,224
288,274
288,356
288,368
288,117
288,119
288,393
288,222
289,0
289,3
289,44
289,103
289,91
289,92
289,43
289,284
289,319
289,101
289,175
289,171
289,87
289,253
289,266
289,137
289,310
289,379
289,396
289,61
289,236
289,36
289,324
289,341
289,347
289,293
289,150
289,2
290,2
290,21
290,22
290,25
290,28
290,94
290,29
290,32
290,33
290,256
290,37
290,39
290,248
290,59
290,270
290,72
290,74
290,77
290,212
290,78
290,148
290,81
290,82
290,85
290,90
290,124
290,97
290,98
290,100
290,101
290,106
290,107
290,311
290,113
290,114
290,344
290,119
290,291
290,122
290,123
290,126
290,131
290,284
290,133
290,134
290,136
290,138
290,319
290,143
290,147
290,53
290,157
290,158
290,176
290,177
290,63
290,41
290,64
290,65
290,168
290,182
290,193
290,194
290,198
290,199
290,206
290,207
290,290
290,222
290,224
290,225
290,226
290,229
290,231
290,232
290,233
290,184
290,58
290,260
290,261
290,10
290,264
290,266
290,271
290,369
290,273
290,279
290,280
290,282
290,335
290,202
290,283
290,293
290,295
290,296
290,297
290,299
290,300
290,303
290,308
290,309
290,314
290,315
290,316
290,325
290,329
290,333
290,83
290,337
290,253
290,346
290,350
290,195
290,353
290,238
290,354
290,360
290,361
290,368
290,137
290,310
290,374
290,376
290,373
290,379
290,384
290,389
290,390
290,391
290,395
290,396
290,398
290,397
290,399
290,117
290,375
290,73
290,180
290,14
290,95
290,388
290,255
290,237
290,241
290,371
290,340
290,240
290,109
290,209
290,259
290,254
290,211
290,1
290,140
290,355
290,120
290,185
290,179
290,135
290,359
290,288
290,289
290,336
290,323
290,183
290,393
290,306
290,307
290,197
290,121
290,56
290,394
290,189
290,245
290,201
290,52
290,46
290,208
290,331
290,265
292,198
292,260
292,274
292,356
292,368
292,370
292,396
292,14
292,328
293,0
293,3
293,160
293,26
293,28
293,94
293,29
293,37
293,54
293,57
293,78
293,148
293,81
293,96
293,100
293,108
293,113
293,114
293,344
293,126
293,319
293,101
293,143
293,147
293,53
293,152
293,158
293,176
293,63
293,64
293,198
293,207
293,290
293,210
293,224
293,242
293,87
293,253
293,260
293,266
293,273
293,274
293,356
293,280
293,296
293,297
293,314
293,83
293,337
293,350
293,195
293,353
293,238
293,354
293,368
293,376
293,373
293,379
293,391
293,396
293,117
293,375
293,14
293,251
293,11
293,235
293,240
293,109
293,209
293,139
293,324
293,137
293,227
293,56
293,394
293,395
293,1
293,351
293,222
293,311
293,331
293,265
294,0
294,3
294,160
294,15
294,18
294,22
294,30
294,26
294,33
294,256
294,96
294,101
294,107
294,319
294,143
294,147
294,37
294,158
294,159
294,166
294,177
294,49
294,170
294,198
294,207
294,233
294,242
294,87
294,253
294,263
294,266
294,273
294,279
294,287
294,298
294,278
294,318
294,383
294,329
294,337
294,340
294,348
294,360
294,379
294,396
294,181
294,89
294,48
294,184
294,237
294,255
294,36
294,16
294,241
294,259
294,1
294,276
294,321
294,43
294,202
294,302
294,228
294,94
1130,22
1130,26
1130,33
1130,256
1130,85
1130,105
1130,114
1130,344
1130,123
1130,127
1130,133
1130,134
1130,164
1130,176
1130,174
1130,125
1130,231
1130,184
1130,263
1130,264
1130,274
1130,356
1130,276
1130,278
1130,279
1130,293
1130,298
1130,301
1130,315
1130,318
1130,383
1130,348
1130,364
1130,137
1130,310
1130,384
1130,391
1130,399
1130,251
1130,11
1130,250
1130,388
1130,4
1130,240
1130,109
1130,148
1130,209
1130,259
1130,144
1130,306
1130,307
1130,227
1130,321
1130,258
1130,86
1130,347
1130,145
1130,222
308,101
308,319
308,314
309,23
309,29
309,34
309,37
309,42
309,212
309,107
309,113
309,123
309,126
309,319
309,101
309,164
309,177
309,66
309,202
309,266
309,274
309,356
309,299
309,314
309,317
309,330
309,352
309,362
309,396
309,259
309,256
309,293
309,84
309,154
311,3
311,160
311,13
311,15
311,18
311,23
311,26
311,28
311,94
311,29
311,32
311,37
311,39
311,72
311,74
311,78
311,148
311,81
311,234
311,112
311,98
311,107
311,108
311,113
311,114
311,344
311,119
311,291
311,120
311,123
311,126
311,284
311,133
311,319
311,101
311,147
311,150
311,156
311,167
311,176
311,177
311,41
311,182
311,198
311,199
311,207
311,224
311,225
311,233
311,200
311,260
311,261
311,10
311,266
311,274
311,356
311,280
311,282
311,335
311,202
311,296
311,299
311,278
311,301
311,314
311,315
311,318
311,383
311,83
311,348
311,70
311,350
311,195
311,353
311,238
311,337
311,354
311,358
311,360
311,364
311,368
311,372
311,310
311,379
311,391
311,396
311,398
311,117
311,375
311,14
311,181
311,365
311,298
311,240
311,109
311,209
311,259
311,256
311,254
311,110
311,111
311,357
311,247
311,140
311,139
311,135
311,393
311,84
311,146
311,154
311,9
311,222
311,12
312,2
312,39
312,79
312,77
312,114
312,344
312,319
312,101
312,152
312,157
312,176
312,314
312,315
312,83
312,354
312,368
312,385
312,386
312,391
312,117
312,375
312,14
312,305
312,110
312,393
312,227
312,197
312,84
313,15
313,18
313,20
313,23
313,22
313,173
313,28
313,94
313,32
313,33
313,256
313,37
313,40
313,44
313,103
313,60
313,270
313,72
313,74
313,76
313,212
313,78
313,148
313,79
313,81
313,85
313,91
313,92
313,43
313,93
313,101
313,106
313,107
313,311
313,113
313,120
313,126
313,284
313,366
313,138
313,319
313,142
313,147
313,53
313,152
313,157
313,159
313,177
313,63
313,65
313,66
313,170
313,175
313,171
313,182
313,187
313,191
313,194
313,195
313,196
313,198
313,199
313,202
313,206
313,207
313,215
313,225
313,326
313,233
313,261
313,10
313,264
313,266
313,268
313,269
313,275
313,293
313,296
313,298
313,299
313,278
313,303
313,308
313,309
313,314
313,317
313,316
313,325
313,329
313,330
313,83
313,337
313,253
313,346
313,348
313,350
313,352
313,354
313,360
313,362
313,364
313,368
313,370
313,137
313,379
313,384
313,389
313,390
313,392
313,396
313,398
313,73
313,180
313,387
313,14
313,181
313,252
313,219
313,223
313,240
313,109
313,209
313,259
313,1
313,355
313,185
313,179
313,336
313,151
313,47
313,324
313,393
313,227
313,246
313,56
313,217
313,189
313,245
313,115
313,351
313,201
313,52
313,328
313,331
313,265
313,178
313,327
313,289
313,395
1286,2
1286,3
1286,160
1286,7
1286,18
1286,20
1286,22
1286,26
1286,28
1286,94
1286,29
1286,32
1286,33
1286,256
1286,34
1286,37
1286,248
1286,75
1286,57
1286,60
1286,59
1286,270
1286,62
1286,67
1286,69
1286,72
1286,74
1286,77
1286,212
1286,78
1286,148
1286,79
1286,80
1286,81
1286,85
1286,93
1286,234
1286,112
1286,124
1286,100
1286,101
1286,106
1286,107
1286,113
1286,120
1286,122
1286,123
1286,126
1286,127
1286,131
1286,284
1286,134
1286,136
1286,286
1286,319
1286,147
1286,53
1286,150
1286,152
1286,156
1286,157
1286,158
1286,162
1286,164
1286,167
1286,177
1286,65
1286,170
1286,175
1286,171
1286,182
1286,186
1286,187
1286,188
1286,191
1286,190
1286,194
1286,196
1286,198
1286,199
1286,202
1286,204
1286,225
1286,35
1286,291
1286,88
1286,253
1286,231
1286,233
1286,58
1286,242
1286,87
1286,263
1286,153
1286,261
1286,10
1286,266
1286,269
1286,273
1286,274
1286,356
1286,280
1286,281
1286,293
1286,297
1286,299
1286,278
1286,301
1286,309
1286,311
1286,378
1286,314
1286,318
1286,383
1286,325
1286,329
1286,330
1286,83
1286,336
1286,338
1286,340
1286,342
1286,348
1286,360
1286,362
1286,364
1286,365
1286,368
1286,372
1286,310
1286,374
1286,377
1286,376
1286,373
1286,379
1286,27
1286,391
1286,392
1286,396
1286,398
1286,397
1286,221
1286,117
1286,180
1286,61
1286,14
1286,251
1286,11
1286,68
1286,181
1286,250
1286,51
1286,89
1286,48
1286,184
1286,237
1286,255
1286,145
1286,118
1286,227
1286,241
1286,371
1286,4
1286,240
1286,109
1286,209
1286,259
1286,211
1286,1
1286,327
1286,110
1286,149
1286,247
1286,111
1286,185
1286,103
1286,223
1286,323
1286,183
1286,151
1286,24
1286,23
1286,393
1286,218
1286,217
1286,332
1286,73
1286,258
1286,277
1286,239
1286,394
1286,395
1286,189
1286,245
1286,347
1286,351
1286,195
1286,9
1286,201
1286,52
1286,214
1286,213
1286,46
1286,128
1286,222
1286,178
1286,363
1286,166
1286,344
1286,6
314,15
314,173
314,28
314,94
314,74
314,78
314,148
314,81
314,107
314,108
314,113
314,114
314,344
314,284
314,319
314,101
314,147
314,37
314,176
314,177
314,182
314,207
314,224
314,225
314,233
314,264
314,266
314,274
314,356
314,276
314,278
314,296
314,299
314,83
314,353
314,238
314,337
314,354
314,360
314,364
314,368
314,310
314,379
314,391
314,396
314,398
314,399
314,375
314,73
314,180
314,14
314,123
314,71
314,211
314,139
314,141
314,393
314,306
314,307
314,351
314,195
314,222
315,9
315,18
315,22
315,173
315,28
315,94
315,37
315,38
315,248
315,57
315,67
315,77
315,80
315,81
315,234
315,112
315,105
315,106
315,107
315,113
315,122
315,123
315,126
315,131
315,284
315,132
315,319
315,101
315,147
315,53
315,158
315,164
315,167
315,177
315,65
315,170
315,175
315,171
315,182
315,192
315,194
315,198
315,207
315,210
315,225
315,226
315,232
315,233
315,58
315,242
315,261
315,10
315,266
315,269
315,297
315,303
315,314
315,316
315,325
315,337
315,343
315,70
315,350
315,195
315,353
315,238
315,354
315,360
315,361
315,362
315,310
315,379
315,27
315,396
315,398
315,397
315,73
315,180
315,14
315,89
315,48
315,220
315,236
315,36
315,16
315,339
315,241
315,307
315,371
315,340
315,240
315,109
315,148
315,209
315,356
315,355
315,135
315,183
315,151
315,321
315,86
315,85
315,154
315,189
315,245
315,351
315,46
315,255
315,6
315,395
327,18
327,20
327,29
327,33
327,256
327,37
327,42
327,81
327,113
327,123
327,284
327,133
327,138
327,319
327,101
327,147
327,53
327,152
327,157
327,177
327,170
327,175
327,171
327,125
327,199
327,224
327,225
327,226
327,232
327,233
327,87
327,253
327,261
327,10
327,264
327,266
327,274
327,356
327,296
327,297
327,299
327,314
327,83
327,346
327,350
327,195
327,353
327,238
327,337
327,354
327,360
327,362
327,368
327,379
327,391
327,396
327,398
327,73
327,251
327,11
327,68
327,181
327,250
327,223
327,4
327,359
327,288
327,289
327,151
327,393
327,306
327,307
327,394
327,395
327,9
327,343
328,0
328,3
328,160
328,23
328,22
328,30
328,28
328,94
328,37
328,41
328,42
328,75
328,78
328,148
328,81
328,124
328,100
328,107
328,108
328,113
328,114
328,344
328,120
328,123
328,133
328,319
328,101
328,142
328,147
328,53
328,152
328,159
328,177
328,65
328,170
328,175
328,171
328,182
328,198
328,199
328,233
328,266
328,268
328,274
328,356
328,281
328,293
328,294
328,303
328,308
328,314
328,317
328,325
328,83
328,350
328,195
328,352
328,354
328,360
328,361
328,137
328,310
328,374
328,379
328,396
328,117
328,375
328,73
328,180
328,220
328,255
328,227
328,235
328,240
328,109
328,209
328,259
328,256
328,345
328,185
328,393
328,394
328,395
328,9
328,222
328,328
328,125
330,3
330,160
330,17
330,85
330,53
330,177
330,216
330,265
330,266
330,297
330,278
330,301
330,313
330,312
330,315
330,338
330,354
330,364
330,137
330,391
330,396
330,255
330,393
330,341
330,222
330,307
88,3
88,160
88,18
88,21
88,22
88,25
88,28
88,94
88,29
88,32
88,33
88,256
88,39
88,40
88,41
88,42
88,69
88,72
88,212
88,78
88,148
88,79
88,81
88,85
88,93
88,124
88,96
88,100
88,104
88,107
88,113
88,120
88,126
88,127
88,129
88,284
88,286
88,319
88,101
88,142
88,147
88,37
88,53
88,152
88,156
88,159
88,176
88,177
88,63
88,64
88,65
88,66
88,174
88,188
88,198
88,199
88,233
88,243
88,200
88,261
88,10
88,266
88,268
88,279
88,281
88,293
88,296
88,311
88,378
88,314
88,325
88,330
88,83
88,338
88,348
88,353
88,238
88,337
88,354
88,358
88,360
88,361
88,364
88,368
88,370
88,137
88,379
88,392
88,396
88,117
88,73
88,251
88,11
88,181
88,388
88,298
88,145
88,118
88,240
88,109
88,209
88,259
88,71
88,211
88,357
88,247
88,24
88,23
88,218
88,217
88,197
88,14
88,332
88,277
88,278
88,239
88,154
88,189
88,245
88,351
88,195
88,201
88,52
88,222
88,327
88,344
88,6
88,395
335,3
335,160
335,15
335,23
335,33
335,256
335,34
335,40
335,42
335,248
335,273
335,212
335,80
335,96
335,107
335,108
335,123
335,134
335,319
335,101
335,143
335,147
335,37
335,53
335,158
335,165
335,177
335,64
335,65
335,174
335,182
335,195
335,198
335,199
335,207
335,210
335,225
335,35
335,291
335,242
335,266
335,279
335,283
335,293
335,294
335,297
335,298
335,301
335,309
335,314
335,316
335,83
335,376
335,373
335,379
335,27
335,396
335,398
335,73
335,322
335,285
335,36
335,16
335,241
335,307
335,371
335,340
335,211
335,94
335,109
335,336
335,323
335,183
335,47
335,154
335,214
335,213
335,46
335,344
336,3
336,160
336,23
336,26
336,32
336,33
336,256
336,38
336,54
336,212
336,80
336,90
336,107
336,113
336,126
336,127
336,284
336,133
336,143
336,53
336,158
336,176
336,177
336,49
336,198
336,207
336,210
336,326
336,88
336,253
336,233
336,242
336,266
336,273
336,293
336,299
336,278
336,314
336,325
336,334
336,83
336,337
336,352
336,354
336,360
336,364
336,137
336,376
336,373
336,379
336,27
336,396
336,68
336,181
336,220
336,55
336,219
336,371
336,340
336,259
336,1
336,48
336,24
336,393
336,98
336,56
336,367
336,277
336,394
336,395
336,214
336,213
336,46
336,128
336,327
340,3
340,160
340,21
340,28
340,94
340,29
340,37
340,39
340,78
340,148
340,79
340,85
340,100
340,107
340,113
340,114
340,344
340,319
340,101
340,147
340,152
340,176
340,177
340,198
340,207
340,210
340,273
340,274
340,356
340,280
340,296
340,314
340,330
340,83
340,338
340,350
340,195
340,354
340,364
340,385
340,386
340,117
340,73
340,371
340,340
340,240
340,109
340,209
340,259
340,256
340,357
340,247
340,345
340,139
346,0
346,3
346,15
346,18
346,28
346,94
346,29
346,32
346,37
346,39
346,78
346,148
346,81
346,234
346,112
346,98
346,100
346,107
346,113
346,114
346,344
346,284
346,133
346,319
346,101
346,147
346,53
346,152
346,167
346,176
346,177
346,41
346,182
346,199
346,207
346,225
346,260
346,261
346,10
346,266
346,280
346,282
346,335
346,202
346,281
346,296
346,278
346,300
346,314
346,315
346,318
346,383
346,83
346,348
346,70
346,354
346,360
346,364
346,368
346,310
346,379
346,389
346,390
346,396
346,398
346,117
346,375
346,14
346,388
346,304
346,45
346,235
346,123
346,240
346,109
346,209
346,110
346,140
346,120
346,299
346,135
346,393
346,197
346,84
346,236
346,222
346,363
351,314
351,137
351,61
351,104
351,9
351,101
351,212
351,165
351,194
351,347
351,293
353,23
353,32
353,212
353,79
353,82
353,284
353,319
353,101
353,142
353,143
353,165
353,63
353,65
353,205
353,158
353,153
353,268
353,273
353,276
353,314
353,315
353,317
353,353
353,238
353,337
353,354
353,360
353,361
353,221
353,251
353,11
353,250
353,145
353,151
353,116
353,24
353,56
353,394
353,395
353,9
353,18
353,370
353,118
353,104
353,320
80,3
80,160
80,23
80,26
80,28
80,94
80,29
80,37
80,72
80,212
80,81
80,234
80,112
80,100
80,107
80,113
80,121
80,122
80,123
80,126
80,366
80,319
80,101
80,147
80,53
80,177
80,198
80,199
80,224
80,261
80,10
80,266
80,274
80,356
80,296
80,83
80,345
80,346
80,138
80,70
80,350
80,195
80,354
80,368
80,377
80,379
80,392
80,396
80,397
80,117
80,14
80,251
80,11
80,8
80,221
80,307
80,235
80,4
80,254
80,158
80,139
80,135
80,315
80,50
80,222
80,344
80,0
80,13
80,18
80,25
80,32
80,39
80,248
80,57
80,77
80,78
80,148
80,80
80,97
80,311
80,120
80,143
80,152
80,176
80,64
80,207
80,231
80,260
80,273
80,295
80,329
80,337
80,353
80,238
80,376
80,373
80,27
80,73
80,241
80,371
80,340
80,211
80,247
80,111
80,141
80,197
80,394
80,395
358,3
358,160
358,248
358,78
358,148
358,81
358,107
358,113
358,114
358,344
358,147
358,37
358,158
358,176
358,198
358,204
358,210
358,224
358,266
358,273
358,274
358,356
358,315
358,396
358,14
358,123
358,1
360,18
360,28
360,94
360,37
360,101
360,104
360,113
360,123
360,131
360,319
360,152
360,177
360,186
360,266
360,282
360,335
360,202
360,314
360,340
360,137
360,391
360,103
360,322
360,118
360,371
360,355
360,299
360,324
360,321
360,146
360,347
360,293
360,9
360,363
315,3
315,160
315,32
315,75
315,142
315,293
315,181
315,118
315,345
315,185
363,3
363,160
363,13
363,15
363,19
363,21
363,23
363,22
363,28
363,94
363,32
363,33
363,256
363,37
363,38
363,39
363,42
363,248
363,212
363,78
363,148
363,79
363,81
363,85
363,90
363,124
363,96
363,98
363,100
363,105
363,107
363,108
363,113
363,114
363,344
363,119
363,291
363,120
363,123
363,126
363,130
363,319
363,101
363,143
363,147
363,158
363,167
363,176
363,177
363,63
363,64
363,65
363,49
363,188
363,198
363,207
363,290
363,112
363,225
363,230
363,231
363,233
363,121
363,87
363,253
363,260
363,261
363,10
363,266
363,273
363,274
363,356
363,279
363,280
363,282
363,335
363,202
363,283
363,292
363,293
363,295
363,296
363,303
363,309
363,314
363,315
363,325
363,330
363,333
363,337
363,338
363,343
363,345
363,350
363,195
363,352
363,353
363,238
363,354
363,358
363,360
363,137
363,374
363,377
363,376
363,373
363,379
363,27
363,385
363,386
363,391
363,395
363,396
363,117
363,375
363,73
363,349
363,99
363,251
363,11
363,285
363,181
363,220
363,8
363,221
363,255
363,339
363,241
363,371
363,340
363,235
363,259
363,254
363,211
363,14
363,357
363,247
363,244
363,109
363,355
363,139
363,111
363,127
363,135
363,323
363,183
363,393
363,306
363,307
363,197
363,56
363,367
363,239
363,84
363,394
363,86
363,128
363,222
363,328
363,299
363,6
364,3
364,160
364,17
364,28
364,94
364,29
364,37
364,72
364,101
364,107
364,108
364,113
364,284
364,133
364,319
364,53
364,152
364,165
364,177
364,170
364,175
364,171
364,194
364,198
364,199
364,205
364,207
364,233
364,266
364,293
364,296
364,297
364,299
364,314
364,318
364,383
364,350
364,195
364,354
364,360
364,396
364,398
364,68
364,36
364,172
364,235
364,240
364,109
364,148
364,209
364,1
364,140
364,151
364,393
364,227
364,334
364,239
364,149
364,115
364,222
364,208
364,166
364,12
366,0
366,3
366,2
366,160
366,15
366,18
366,19
366,23
366,22
366,30
366,173
366,25
366,26
366,28
366,94
366,29
366,32
366,33
366,256
366,34
366,37
366,38
366,42
366,248
366,60
366,59
366,270
366,67
366,267
366,72
366,76
366,77
366,212
366,78
366,148
366,79
366,81
366,82
366,85
366,91
366,92
366,43
366,100
366,101
366,105
366,104
366,107
366,108
366,113
366,114
366,344
366,120
366,122
366,123
366,126
366,127
366,129
366,130
366,131
366,284
366,133
366,366
366,134
366,136
366,138
366,286
366,319
366,143
366,147
366,53
366,150
366,152
366,156
366,157
366,158
366,159
366,162
366,164
366,166
366,176
366,177
366,178
366,64
366,65
366,66
366,168
366,170
366,175
366,171
366,182
366,186
366,193
366,190
366,194
366,198
366,199
366,202
366,204
366,207
366,210
366,216
366,224
366,225
366,35
366,291
366,326
366,230
366,229
366,88
366,253
366,231
366,233
366,184
366,242
366,243
366,87
366,200
366,261
366,10
366,265
366,266
366,271
366,369
366,273
366,274
366,356
366,276
366,278
366,280
366,281
366,287
366,293
366,294
366,296
366,297
366,298
366,299
366,301
366,303
366,309
366,311
366,378
366,313
366,312
366,314
366,315
366,318
366,383
366,325
366,330
366,334
366,83
366,337
366,338
366,342
366,345
366,346
366,348
366,252
366,70
366,350
366,195
366,352
366,353
366,238
366,354
366,358
366,360
366,364
366,368
366,370
366,137
366,372
366,310
366,377
366,376
366,373
366,379
366,27
366,384
366,385
366,386
366,391
366,392
366,396
366,398
366,397
366,399
366,117
366,73
366,180
366,61
366,322
366,285
366,103
366,68
366,181
366,250
366,258
366,89
366,48
366,388
366,220
366,8
366,221
366,327
366,55
366,145
366,219
366,36
366,16
366,339
366,118
366,241
366,307
366,371
366,340
366,235
366,4
366,240
366,109
366,209
366,259
366,1
366,110
366,357
366,247
366,244
366,111
366,144
366,179
366,341
366,135
366,336
366,323
366,183
366,151
366,324
366,24
366,393
366,306
366,227
366,321
366,197
366,14
366,56
366,367
366,239
366,50
366,84
366,146
366,394
366,395
366,86
366,154
366,347
366,351
366,9
366,214
366,213
366,46
366,128
366,343
366,102
366,222
366,255
366,93
366,363
366,380
366,6
365,15
365,28
365,94
365,37
365,39
365,78
365,148
365,81
365,113
365,114
365,344
365,53
365,177
365,205
365,272
365,233
365,266
365,274
365,356
365,299
365,314
365,360
365,364
365,368
365,310
365,396
365,397
365,147
365,158
365,123
365,110
365,319
365,201
365,52
365,180
367,3
367,160
367,15
367,23
367,22
367,173
367,26
367,33
367,256
367,54
367,60
367,78
367,148
367,107
367,133
367,286
367,319
367,101
367,53
367,150
367,170
367,198
367,207
367,230
367,231
367,233
367,266
367,271
367,369
367,279
367,293
367,303
367,313
367,312
367,314
367,325
367,83
367,337
367,348
367,360
367,361
367,370
367,379
367,27
367,396
367,399
367,236
367,298
367,36
367,16
367,240
367,109
367,209
367,259
367,254
367,158
367,123
367,185
367,45
367,327
367,1
368,2
368,3
368,160
368,21
368,23
368,26
368,28
368,94
368,31
368,37
368,248
368,57
368,78
368,148
368,81
368,97
368,98
368,102
368,108
368,113
368,114
368,344
368,121
368,123
368,126
368,284
368,319
368,101
368,143
368,147
368,158
368,176
368,177
368,64
368,198
368,199
368,210
368,231
368,242
368,260
368,264
368,266
368,273
368,274
368,356
368,282
368,335
368,202
368,293
368,296
368,314
368,353
368,238
368,337
368,354
368,361
368,362
368,137
368,379
368,396
368,117
368,375
368,14
368,251
368,11
368,220
368,255
368,235
368,240
368,109
368,209
368,110
368,345
368,135
368,393
368,146
368,222
368,268
368,363
368,299
368,12
369,3
369,160
369,18
369,22
369,28
369,94
369,33
369,256
369,37
369,106
369,107
369,123
369,319
369,101
369,53
369,150
369,177
369,49
369,182
369,194
369,204
369,326
369,233
369,263
369,266
369,293
369,297
369,278
369,329
369,360
369,396
369,117
369,73
369,180
369,259
369,185
369,183
369,116
369,24
369,23
369,277
369,45
369,46
369,15
369,212
369,198
369,215
369,276
369,282
369,335
369,202
369,314
369,181
369,184
369,237
369,240
369,4
369,327
369,109
369,115
369,201
369,52
369,363
369,299
370,72
370,85
370,101
370,107
370,177
370,198
370,266
370,399
370,220
370,235
370,113
370,120
372,314
372,104
372,101
372,212
373,15
373,173
373,26
373,28
373,94
373,37
373,60
373,72
373,74
373,78
373,148
373,81
373,105
373,107
373,113
373,123
373,126
373,127
373,284
373,366
373,136
373,138
373,319
373,101
373,147
373,53
373,150
373,152
373,156
373,159
373,176
373,177
373,170
373,182
373,198
373,225
373,87
373,253
373,266
373,271
373,369
373,274
373,356
373,296
373,299
373,313
373,312
373,314
373,325
373,346
373,348
373,350
373,195
373,353
373,238
373,337
373,360
373,364
373,379
373,391
373,396
373,235
373,110
373,393
373,306
373,307
373,394
373,395
373,160
373,23
373,222
373,178
373,93
373,327
373,344
432,177
432,186
432,314
432,398
432,305
432,145
432,227
432,144
432,116
432,393
374,3
374,160
374,28
374,94
374,29
374,32
374,37
374,41
374,78
374,148
374,97
374,107
374,113
374,319
374,101
374,167
374,176
374,177
374,63
374,64
374,266
374,268
374,296
374,315
374,354
374,360
374,389
374,390
374,396
374,387
374,388
374,158
374,123
374,141
374,393
374,321
374,394
374,395
374,115
375,3
375,160
375,26
375,248
375,78
375,148
375,81
375,107
375,113
375,126
375,319
375,101
375,158
375,176
375,177
375,195
375,207
375,210
375,242
375,266
375,273
375,299
375,314
375,83
375,376
375,373
375,379
375,27
375,391
375,396
375,117
375,375
375,251
375,11
375,371
375,340
375,179
375,183
375,128
375,344
376,3
376,160
376,25
376,28
376,94
376,29
376,33
376,256
376,37
376,60
376,59
376,78
376,148
376,79
376,91
376,92
376,43
376,124
376,107
376,113
376,123
376,126
376,129
376,284
376,134
376,319
376,101
376,147
376,53
376,152
376,177
376,186
376,188
376,198
376,199
376,202
376,207
376,87
376,253
376,261
376,10
376,266
376,274
376,356
376,293
376,296
376,299
376,300
376,301
376,314
376,330
376,337
376,333
376,338
376,345
376,70
376,352
376,354
376,364
376,368
376,372
376,310
376,379
376,382
376,381
376,389
376,390
376,391
376,396
376,221
376,117
376,349
376,99
376,305
376,250
376,262
376,255
376,145
376,240
376,109
376,209
376,259
376,139
376,247
376,111
376,218
376,217
376,197
376,14
376,332
376,73
376,258
376,146
376,154
376,189
376,245
376,351
376,195
376,222
376,363
376,344
376,6
376,395
377,15
377,17
377,18
377,19
377,21
377,173
377,26
377,28
377,94
377,32
377,33
377,256
377,37
377,41
377,59
377,267
377,72
377,76
377,212
377,79
377,81
377,85
377,91
377,92
377,43
377,101
377,105
377,104
377,107
377,108
377,113
377,120
377,122
377,123
377,126
377,129
377,130
377,284
377,366
377,134
377,136
377,138
377,319
377,140
377,143
377,147
377,53
377,150
377,152
377,158
377,159
377,166
377,167
377,176
377,177
377,63
377,64
377,66
377,182
377,194
377,198
377,207
377,290
377,216
377,35
377,291
377,272
377,231
377,233
377,242
377,87
377,253
377,200
377,263
377,261
377,10
377,264
377,265
377,266
377,273
377,274
377,356
377,281
377,292
377,293
377,295
377,296
377,299
377,300
377,301
377,303
377,311
377,378
377,314
377,318
377,383
377,325
377,330
377,338
377,346
377,350
377,195
377,352
377,353
377,238
377,337
377,354
377,358
377,360
377,364
377,368
377,137
377,310
377,377
377,376
377,373
377,379
377,382
377,381
377,27
377,384
377,385
377,386
377,389
377,390
377,391
377,396
377,398
377,117
377,387
377,251
377,11
377,322
377,285
377,258
377,388
377,220
377,8
377,221
377,262
377,55
377,36
377,241
377,235
377,4
377,3
377,240
377,109
377,148
377,209
377,259
377,357
377,247
377,5
377,144
377,135
377,141
377,393
377,306
377,307
377,2
377,56
377,277
377,278
377,239
377,146
377,154
377,201
377,52
377,237
377,222
377,1
377,257
377,344
377,6
377,395
379,3
379,160
379,7
379,29
379,37
379,79
379,177
379,266
379,293
379,333
379,253
379,350
379,195
379,354
379,396
379,61
379,227
379,50
379,14
379,331
379,265
379,363
379,299
381,15
381,173
381,28
381,94
381,78
381,148
381,81
381,107
381,108
381,113
381,114
381,344
381,147
381,37
381,177
381,207
381,224
381,264
381,266
381,274
381,356
381,276
381,278
381,296
381,299
381,83
381,354
381,360
381,364
381,368
381,310
381,379
381,391
381,396
381,399
381,375
381,73
381,14
381,123
381,71
381,139
381,141
381,393
381,306
381,307
381,351
381,195
381,222
382,32
382,198
382,199
382,260
382,354
382,79
382,347
382,293
383,0
383,3
383,160
383,18
383,22
383,25
383,26
383,29
383,32
383,33
383,256
383,34
383,37
383,40
383,41
383,42
383,54
383,60
383,72
383,85
383,124
383,101
383,107
383,113
383,120
383,123
383,126
383,129
383,284
383,136
383,319
383,147
383,150
383,152
383,158
383,159
383,177
383,63
383,64
383,175
383,171
383,182
383,198
383,199
383,202
383,207
383,290
383,210
383,230
383,58
383,242
383,87
383,253
383,200
383,261
383,10
383,266
383,273
383,274
383,356
383,293
383,296
383,299
383,301
383,314
383,317
383,330
383,83
383,257
383,70
383,353
383,238
383,337
383,354
383,358
383,360
383,364
383,368
383,379
383,27
383,389
383,390
383,391
383,396
383,117
383,387
383,181
383,250
383,388
383,220
383,145
383,219
383,371
383,340
383,4
383,240
383,109
383,148
383,209
383,259
383,211
383,1
383,141
383,24
383,23
383,332
383,73
383,56
383,84
383,189
383,245
383,351
383,195
383,46
383,125
383,344
384,15
384,26
384,28
384,94
384,31
384,41
384,72
384,77
384,78
384,148
384,81
384,90
384,100
384,107
384,108
384,113
384,114
384,344
384,123
384,126
384,127
384,284
384,319
384,101
384,147
384,37
384,53
384,150
384,167
384,177
384,63
384,65
384,66
384,182
384,193
384,204
384,205
384,207
384,226
384,260
384,266
384,274
384,356
384,279
384,282
384,335
384,202
384,293
384,295
384,299
384,314
384,315
384,337
384,340
384,353
384,238
384,360
384,310
384,379
384,389
384,390
384,391
384,396
384,398
384,117
384,375
384,51
384,89
384,48
384,255
384,172
384,240
384,109
384,209
384,4
384,179
384,135
384,116
384,393
384,56
384,120
384,149
384,351
384,195
384,32
384,222
384,2
384,363
385,37
385,102
385,113
385,114
385,344
385,147
385,177
385,182
385,225
385,276
385,278
385,282
385,335
385,202
385,293
385,315
385,180
385,145
385,355
385,1
385,135
385,319
385,277
385,363
385,299
1291,0
1291,3
1291,160
1291,13
1291,15
1291,18
1291,19
1291,20
1291,21
1291,23
1291,22
1291,30
1291,26
1291,28
1291,94
1291,29
1291,32
1291,33
1291,256
1291,37
1291,39
1291,42
1291,248
1291,44
1291,103
1291,75
1291,57
1291,59
1291,267
1291,72
1291,77
1291,212
1291,78
1291,148
1291,79
1291,80
1291,81
1291,82
1291,91
1291,92
1291,43
1291,93
1291,124
1291,100
1291,107
1291,108
1291,113
1291,114
1291,344
1291,119
1291,291
1291,120
1291,122
1291,123
1291,126
1291,127
1291,129
1291,130
1291,284
1291,132
1291,133
1291,366
1291,134
1291,136
1291,138
1291,319
1291,101
1291,140
1291,143
1291,147
1291,53
1291,150
1291,157
1291,158
1291,164
1291,176
1291,177
1291,41
1291,168
1291,169
1291,175
1291,171
1291,188
1291,198
1291,199
1291,202
1291,206
1291,207
1291,290
1291,210
1291,216
1291,35
1291,88
1291,253
1291,231
1291,233
1291,242
1291,249
1291,200
1291,153
1291,266
1291,268
1291,269
1291,273
1291,274
1291,356
1291,279
1291,283
1291,292
1291,293
1291,296
1291,297
1291,298
1291,299
1291,300
1291,301
1291,308
1291,309
1291,311
1291,378
1291,314
1291,315
1291,330
1291,338
1291,343
1291,345
1291,346
1291,348
1291,350
1291,195
1291,352
1291,354
1291,360
1291,364
1291,368
1291,310
1291,374
1291,377
1291,376
1291,373
1291,379
1291,382
1291,381
1291,27
1291,384
1291,385
1291,386
1291,391
1291,392
1291,396
1291,398
1291,397
1291,117
1291,73
1291,180
1291,349
1291,99
1291,14
1291,251
1291,11
1291,305
1291,285
1291,181
1291,252
1291,258
1291,220
1291,8
1291,221
1291,55
1291,145
1291,219
1291,322
1291,36
1291,16
1291,118
1291,237
1291,241
1291,371
1291,340
1291,240
1291,109
1291,209
1291,259
1291,254
1291,211
1291,4
1291,111
1291,357
1291,247
1291,244
1291,5
1291,139
1291,185
1291,179
1291,183
1291,116
1291,393
1291,306
1291,307
1291,218
1291,217
1291,321
1291,197
1291,56
1291,84
1291,395
1291,146
1291,1
1291,86
1291,85
1291,154
1291,115
1291,351
1291,46
1291,128
1291,222
1291,255
1291,178
1291,380
1291,6
56,3
56,160
56,22
56,29
56,78
56,148
56,107
56,127
56,133
56,147
56,37
56,176
56,177
56,49
56,170
56,198
56,264
56,266
56,333
56,352
56,360
56,368
56,379
56,396
56,117
56,285
56,36
56,110
56,345
56,140
56,135
56,222
388,3
388,160
388,18
388,20
388,23
388,22
388,28
388,94
388,32
388,33
388,256
388,37
388,40
388,42
388,248
388,54
388,62
388,72
388,76
388,212
388,78
388,148
388,79
388,80
388,81
388,85
388,124
388,96
388,101
388,107
388,113
388,120
388,123
388,126
388,284
388,366
388,134
388,138
388,286
388,319
388,142
388,143
388,147
388,53
388,152
388,158
388,159
388,177
388,64
388,65
388,66
388,175
388,171
388,182
388,191
388,198
388,199
388,202
388,207
388,215
388,231
388,233
388,184
388,242
388,87
388,253
388,261
388,10
388,265
388,273
388,279
388,293
388,294
388,296
388,299
388,278
388,301
388,303
388,309
388,314
388,317
388,316
388,325
388,330
388,334
388,83
388,346
388,348
388,352
388,353
388,238
388,337
388,354
388,360
388,361
388,137
388,27
388,398
388,397
388,117
388,73
388,95
388,220
388,262
388,55
388,36
388,16
388,118
388,227
388,172
388,241
388,223
388,235
388,259
388,71
388,4
388,320
388,103
388,341
388,285
388,359
388,288
388,289
388,336
388,151
388,47
388,324
388,332
388,277
388,217
388,394
388,395
388,102
388,189
388,245
388,46
388,128
388,302
388,228
388,222
388,208
388,331
388,327
388,15
388,25
388,39
388,57
388,60
388,206
388,290
388,210
388,225
388,266
388,268
388,269
388,275
388,287
388,292
388,308
388,340
388,376
388,373
388,396
388,180
388,61
388,250
388,236
388,304
388,45
388,371
388,276
388,144
388,185
388,178
388,183
388,50
388,115
388,214
388,213
388,298
388,328
388,93
388,12
388,344
390,2
390,3
390,160
390,23
390,22
390,30
390,26
390,28
390,94
390,29
390,32
390,33
390,256
390,39
390,41
390,60
390,72
390,78
390,148
390,81
390,85
390,96
390,107
390,113
390,114
390,344
390,120
390,123
390,126
390,127
390,284
390,134
390,136
390,319
390,101
390,147
390,37
390,53
390,150
390,152
390,177
390,63
390,169
390,170
390,188
390,191
390,198
390,199
390,207
390,290
390,225
390,326
390,261
390,10
390,287
390,293
390,296
390,297
390,299
390,303
390,309
390,311
390,378
390,314
390,318
390,383
390,83
390,73
390,337
390,348
390,353
390,238
390,354
390,360
390,361
390,364
390,368
390,379
390,389
390,390
390,391
390,117
390,375
390,387
390,14
390,305
390,285
390,181
390,155
390,262
390,219
390,304
390,45
390,36
390,16
390,240
390,109
390,209
390,259
390,254
390,211
390,336
390,141
390,24
390,218
390,217
390,56
390,146
390,351
390,195
390,343
390,367
390,6
390,395
392,0
392,3
392,32
392,37
392,79
392,81
392,107
392,113
392,114
392,344
392,127
392,284
392,319
392,101
392,167
392,177
392,123
392,207
392,224
392,88
392,253
392,231
392,58
392,266
392,274
392,356
392,296
392,314
392,348
392,358
392,310
392,379
392,396
392,117
392,250
392,110
392,189
392,245
392,222
393,3
393,160
393,7
393,13
393,17
393,18
393,22
393,173
393,25
393,28
393,94
393,29
393,32
393,33
393,256
393,34
393,221
393,37
393,38
393,39
393,40
393,41
393,42
393,248
393,59
393,69
393,72
393,265
393,330
393,212
393,78
393,148
393,79
393,81
393,82
393,85
393,91
393,92
393,43
393,234
393,112
393,124
393,96
393,98
393,100
393,101
393,106
393,107
393,113
393,119
393,291
393,123
393,126
393,127
393,129
393,130
393,131
393,284
393,133
393,134
393,136
393,286
393,319
393,140
393,147
393,53
393,150
393,156
393,157
393,158
393,159
393,162
393,163
393,165
393,166
393,176
393,177
393,178
393,65
393,66
393,170
393,175
393,171
393,182
393,187
393,191
393,193
393,194
393,198
393,199
393,204
393,205
393,206
393,207
393,290
393,216
393,224
393,225
393,35
393,88
393,253
393,232
393,243
393,249
393,87
393,200
393,153
393,261
393,10
393,266
393,273
393,274
393,356
393,275
393,282
393,335
393,202
393,281
393,283
393,292
393,293
393,297
393,299
393,301
393,309
393,314
393,325
393,83
393,333
393,342
393,70
393,350
393,195
393,353
393,238
393,337
393,360
393,364
393,368
393,137
393,310
393,374
393,377
393,376
393,373
393,379
393,382
393,381
393,385
393,386
393,391
393,396
393,398
393,397
393,399
393,117
393,375
393,73
393,14
393,251
393,11
393,285
393,68
393,95
393,51
393,89
393,48
393,365
393,388
393,8
393,236
393,255
393,304
393,45
393,103
393,322
393,36
393,16
393,339
393,118
393,241
393,240
393,109
393,209
393,259
393,211
393,4
393,5
393,139
393,144
393,1
393,358
393,359
393,288
393,289
393,336
393,323
393,116
393,393
393,56
393,367
393,120
393,395
393,146
393,86
393,154
393,189
393,245
393,351
393,214
393,213
393,222
393,208
393,2
393,315
393,344
393,6
396,3
396,160
396,15
396,18
396,23
396,25
396,26
396,28
396,94
396,29
396,32
396,33
396,256
396,37
396,41
396,42
396,60
396,59
396,72
396,78
396,148
396,79
396,85
396,234
396,112
396,100
396,101
396,105
396,104
396,107
396,108
396,113
396,120
396,123
396,126
396,284
396,366
396,134
396,319
396,147
396,53
396,176
396,177
396,63
396,65
396,66
396,194
396,198
396,199
396,204
396,207
396,216
396,230
396,261
396,10
396,264
396,266
396,274
396,356
396,280
396,294
396,296
396,299
396,301
396,314
396,317
396,334
396,338
396,346
396,138
396,70
396,350
396,195
396,353
396,238
396,337
396,364
396,372
396,377
396,379
396,385
396,386
396,391
396,396
396,397
396,117
396,251
396,11
396,305
396,145
396,110
396,109
396,293
396,320
396,144
396,5
396,127
396,135
396,359
396,288
396,289
396,116
396,393
396,227
396,56
396,394
396,395
396,347
396,21
396,51
396,222
396,328
396,344
396,324
396,137
397,0
397,3
397,15
397,26
397,29
397,32
397,39
397,44
397,103
397,78
397,148
397,81
397,234
397,112
397,98
397,107
397,113
397,114
397,344
397,123
397,132
397,133
397,319
397,101
397,147
397,37
397,158
397,167
397,176
397,177
397,41
397,182
397,198
397,199
397,206
397,207
397,290
397,210
397,226
397,121
397,260
397,261
397,10
397,266
397,273
397,280
397,296
397,299
397,278
397,83
397,348
397,70
397,350
397,195
397,354
397,360
397,368
397,310
397,379
397,396
397,398
397,397
397,117
397,375
397,14
397,298
397,241
397,211
397,110
397,140
397,247
397,111
397,120
397,135
397,393
397,84
397,222
398,17
398,32
398,60
398,72
398,85
398,107
398,113
398,126
398,53
398,152
398,176
398,177
398,188
398,230
398,233
398,260
398,266
398,299
398,303
398,314
398,83
398,350
398,195
398,389
398,390
398,375
398,71
398,110
398,29
398,197
398,14
398,121
398,50
398,149
398,328
399,3
399,160
399,18
399,21
399,25
399,28
399,94
399,29
399,32
399,33
399,256
399,34
399,37
399,39
399,40
399,42
399,248
399,60
399,59
399,270
399,72
399,74
399,212
399,78
399,148
399,79
399,81
399,85
399,91
399,92
399,43
399,93
399,234
399,112
399,96
399,100
399,101
399,107
399,108
399,113
399,114
399,344
399,120
399,123
399,126
399,127
399,129
399,131
399,284
399,134
399,286
399,319
399,143
399,147
399,53
399,150
399,152
399,157
399,159
399,162
399,166
399,167
399,177
399,65
399,170
399,182
399,186
399,187
399,194
399,198
399,202
399,205
399,207
399,290
399,225
399,272
399,88
399,253
399,233
399,58
399,243
399,121
399,87
399,200
399,153
399,261
399,10
399,266
399,274
399,356
399,279
399,280
399,281
399,287
399,292
399,293
399,295
399,296
399,299
399,301
399,309
399,311
399,378
399,314
399,318
399,383
399,330
399,334
399,83
399,338
399,340
399,345
399,70
399,350
399,195
399,353
399,238
399,337
399,354
399,358
399,360
399,364
399,365
399,368
399,372
399,310
399,374
399,377
399,379
399,391
399,392
399,396
399,398
399,397
399,117
399,375
399,14
399,251
399,11
399,305
399,68
399,250
399,262
399,236
399,255
399,145
399,118
399,241
399,307
399,240
399,109
399,209
399,259
399,254
399,211
399,357
399,247
399,320
399,111
399,199
399,135
399,336
399,323
399,141
399,393
399,2
399,218
399,217
399,321
399,332
399,73
399,56
399,239
399,146
399,189
399,245
399,351
399,201
399,52
399,222
399,1
399,6
399,395
400,3
400,160
400,15
400,18
400,22
400,28
400,94
400,29
400,31
400,32
400,33
400,256
400,37
400,39
400,41
400,42
400,248
400,57
400,59
400,267
400,72
400,212
400,78
400,148
400,80
400,81
400,85
400,234
400,112
400,98
400,101
400,107
400,108
400,113
400,114
400,344
400,120
400,122
400,123
400,126
400,127
400,129
400,131
400,284
400,133
400,319
400,143
400,147
400,53
400,150
400,152
400,157
400,161
400,158
400,163
400,167
400,176
400,177
400,64
400,169
400,182
400,187
400,191
400,195
400,196
400,198
400,199
400,205
400,207
400,210
400,216
400,225
400,226
400,229
400,231
400,233
400,242
400,87
400,253
400,153
400,260
400,264
400,265
400,266
400,269
400,273
400,274
400,356
400,280
400,282
400,335
400,202
400,281
400,294
400,295
400,296
400,299
400,278
400,300
400,301
400,309
400,314
400,315
400,318
400,383
400,83
400,337
400,338
400,348
400,70
400,350
400,353
400,238
400,354
400,360
400,364
400,368
400,137
400,372
400,310
400,377
400,376
400,373
400,379
400,27
400,391
400,392
400,396
400,398
400,399
400,117
400,375
400,73
400,14
400,285
400,250
400,388
400,298
400,145
400,16
400,241
400,104
400,371
400,340
400,240
400,109
400,209
400,259
400,211
400,110
400,111
400,357
400,247
400,140
400,5
400,135
400,183
400,393
400,38
400,222
400,227
400,56
400,367
400,50
400,154
400,189
400,245
400,347
400,293
400,214
400,213
400,46
400,128
400,302
400,228
400,331
400,178
400,93
400,363
400,12
400,173
400,121
400,13
405,20
405,23
405,26
405,29
405,60
405,100
405,113
405,114
405,344
405,319
405,101
405,53
405,167
405,176
405,63
405,194
405,198
405,199
405,207
405,230
405,296
405,73
405,353
405,238
405,337
405,354
405,390
405,387
405,140
405,50
662,32
662,78
662,148
662,113
662,177
662,66
662,199
662,266
662,353
662,238
662,337
662,377
662,262
662,50
409,17
409,107
409,311
409,152
409,177
409,168
409,194
409,207
409,224
409,266
409,296
409,83
409,337
409,354
409,396
409,387
409,14
409,254
409,4
409,170
409,141
409,222
413,314
413,137
413,61
413,347
413,293
1245,3
1245,160
1245,15
1245,18
1245,22
1245,28
1245,94
1245,33
1245,256
1245,37
1245,42
1245,248
1245,212
1245,80
1245,81
1245,85
1245,96
1245,107
1245,113
1245,120
1245,123
1245,126
1245,284
1245,319
1245,101
1245,142
1245,147
1245,53
1245,152
1245,158
1245,177
1245,175
1245,171
1245,191
1245,198
1245,205
1245,207
1245,225
1245,233
1245,242
1245,257
1245,266
1245,268
1245,273
1245,279
1245,298
1245,299
1245,317
1245,316
1245,329
1245,348
1245,353
1245,238
1245,337
1245,360
1245,27
1245,396
1245,397
1245,180
1245,285
1245,155
1245,220
1245,36
1245,16
1245,237
1245,241
1245,371
1245,340
1245,259
1245,4
1245,185
1245,48
1245,336
1245,183
1245,214
1245,213
1245,46
1245,45
1245,222
414,0
414,3
414,32
414,37
414,124
414,107
414,108
414,119
414,291
414,63
414,207
414,230
414,266
414,83
414,310
414,396
414,227
414,56
414,351
414,195
414,125
416,3
416,160
416,13
416,18
416,21
416,22
416,26
416,28
416,94
416,29
416,31
416,32
416,33
416,256
416,37
416,38
416,39
416,42
416,44
416,103
416,57
416,270
416,72
416,78
416,148
416,80
416,81
416,85
416,97
416,98
416,100
416,101
416,105
416,107
416,108
416,113
416,114
416,344
416,120
416,123
416,126
416,131
416,132
416,366
416,138
416,319
416,143
416,147
416,53
416,150
416,152
416,158
416,163
416,165
416,167
416,176
416,177
416,64
416,66
416,170
416,182
416,193
416,194
416,198
416,199
416,202
416,205
416,210
416,215
416,225
416,272
416,326
416,242
416,263
416,265
416,266
416,268
416,271
416,369
416,273
416,274
416,356
416,275
416,276
416,278
416,293
416,296
416,297
416,298
416,299
416,309
416,311
416,378
416,313
416,312
416,314
416,315
416,325
416,329
416,330
416,83
416,338
416,340
416,345
416,346
416,350
416,195
416,353
416,238
416,337
416,354
416,360
416,361
416,364
416,368
416,370
416,137
416,372
416,376
416,373
416,379
416,27
416,391
416,396
416,117
416,180
416,349
416,99
416,14
416,251
416,11
416,322
416,285
416,250
416,89
416,48
416,255
416,55
416,339
416,241
416,307
416,371
416,235
416,240
416,109
416,209
416,259
416,111
416,357
416,247
416,5
416,139
416,185
416,179
416,341
416,183
416,47
416,393
416,2
416,218
416,217
416,321
416,277
416,84
416,86
416,189
416,245
416,351
416,214
416,213
416,128
416,222
416,327
416,6
416,395
417,33
417,256
417,289
422,37
422,248
422,101
422,120
422,319
422,143
422,177
422,64
422,273
422,314
422,330
422,338
422,354
422,145
422,227
422,371
422,340
422,109
422,5
422,144
422,116
422,393
422,347
422,293
216,3
216,160
216,15
216,18
216,22
216,173
216,25
216,26
216,28
216,94
216,32
216,33
216,256
216,34
216,37
216,38
216,39
216,40
216,42
216,60
216,59
216,267
216,72
216,78
216,148
216,79
216,81
216,82
216,85
216,234
216,112
216,124
216,100
216,105
216,107
216,113
216,120
216,123
216,126
216,127
216,284
216,133
216,366
216,134
216,138
216,319
216,101
216,147
216,53
216,150
216,152
216,294
216,164
216,166
216,167
216,177
216,63
216,182
216,187
216,125
216,194
216,195
216,196
216,198
216,204
216,206
216,207
216,290
216,216
216,224
216,225
216,226
216,232
216,233
216,243
216,87
216,253
216,261
216,10
216,264
216,266
216,274
216,356
216,279
216,287
216,296
216,297
216,299
216,278
216,301
216,309
216,311
216,378
216,313
216,312
216,314
216,317
216,316
216,325
216,257
216,338
216,346
216,348
216,70
216,352
216,353
216,238
216,337
216,354
216,360
216,364
216,368
216,137
216,372
216,310
216,377
216,379
216,384
216,391
216,396
216,117
216,180
216,14
216,51
216,388
216,298
216,16
216,118
216,307
216,259
216,109
216,135
216,359
216,288
216,289
216,116
216,141
216,24
216,23
216,393
216,306
216,227
216,56
216,50
216,217
216,146
216,394
216,395
216,189
216,245
216,115
216,48
216,351
216,222
216,208
216,331
216,265
216,178
216,93
216,344
425,32
425,53
425,196
425,207
425,266
425,83
425,73
425,396
425,180
425,237
425,185
430,212
430,177
430,301
430,314
430,330
430,338
430,372
430,227
430,144
430,86
430,85
430,265
1313,22
1313,28
1313,94
1313,37
1313,81
1313,199
1313,247
1313,266
1313,281
1313,311
1313,378
1313,397
1313,293
1313,258
436,3
436,160
436,72
436,107
436,113
436,126
436,176
436,177
436,170
436,199
436,207
436,88
436,253
436,261
436,10
436,264
436,266
436,296
436,317
436,337
436,350
436,195
436,361
436,364
436,391
436,396
436,387
436,56
436,115
437,37
437,90
437,199
437,266
437,282
437,335
437,202
437,293
437,299
437,314
437,354
437,391
437,396
437,259
437,256
437,56
441,314
441,137
441,61
441,355
441,144
441,341
441,379
441,0
441,3
441,160
441,23
441,28
441,94
441,32
441,72
441,78
441,148
441,107
441,113
441,366
441,138
441,176
441,198
441,224
441,225
441,266
441,271
441,369
441,293
441,296
441,297
441,83
441,346
441,364
441,390
441,391
441,396
441,221
441,387
441,181
441,236
441,1
441,109
441,120
441,185
441,319
441,324
441,182
441,178
441,93
818,3
818,160
818,23
818,28
818,94
818,107
818,366
818,138
818,198
818,266
818,297
818,83
818,346
818,379
818,390
818,396
818,387
818,181
818,236
818,319
818,182
818,178
818,93
445,3
445,160
445,15
445,21
445,29
445,32
445,33
445,256
445,34
445,37
445,38
445,39
445,42
445,267
445,72
445,78
445,148
445,81
445,85
445,234
445,112
445,100
445,108
445,113
445,122
445,123
445,126
445,129
445,284
445,134
445,319
445,101
445,53
445,150
445,152
445,156
445,176
445,177
445,178
445,170
445,198
445,229
445,233
445,243
445,266
445,274
445,356
445,276
445,278
445,281
445,283
445,287
445,293
445,296
445,299
445,301
445,314
445,318
445,383
445,330
445,334
445,83
445,338
445,253
445,346
445,138
445,350
445,195
445,353
445,238
445,337
445,358
445,364
445,368
445,370
445,310
445,374
445,379
445,396
445,398
445,397
445,117
445,73
445,349
445,99
445,14
445,251
445,11
445,305
445,145
445,36
445,118
445,241
445,240
445,109
445,209
445,259
445,254
445,211
445,94
445,357
445,247
445,139
445,144
445,294
445,306
445,307
445,258
445,239
445,84
445,343
445,265
445,344
445,6
445,395
447,18
447,28
447,94
447,29
447,72
447,100
447,107
447,126
447,284
447,319
447,101
447,150
447,152
447,159
447,177
447,63
447,66
447,125
447,192
447,88
447,253
447,231
447,233
447,261
447,10
447,266
447,314
447,70
447,358
447,360
447,361
447,364
447,396
447,251
447,11
447,145
447,118
447,355
447,341
447,227
447,189
447,245
447,222
447,1
447,22
447,26
447,78
447,148
447,234
447,112
447,311
447,167
447,199
447,262
447,255
447,158
447,123
447,151
447,367
448,57
448,138
448,158
448,261
448,10
448,266
448,269
448,293
448,314
448,316
448,70
448,241
448,151
448,383
451,15
451,28
451,94
451,78
451,148
451,93
451,124
451,107
451,319
451,101
451,147
451,37
451,53
451,159
451,177
451,170
451,194
451,204
451,225
451,266
451,279
451,293
451,83
451,360
451,364
451,391
451,396
451,73
451,236
451,240
451,109
451,209
451,1
451,29
451,393
451,201
451,52
451,166
452,3
452,160
452,28
452,94
452,33
452,256
452,78
452,148
452,101
452,105
452,113
452,133
452,366
452,319
452,53
452,176
452,177
452,182
452,198
452,233
452,266
452,276
452,278
452,279
452,282
452,335
452,202
452,309
452,314
452,334
452,346
452,138
452,360
452,396
452,181
452,240
452,109
452,209
452,110
452,24
452,23
452,393
452,239
452,299
452,166
452,1
452,395
452,236
454,3
454,160
454,13
454,15
454,30
454,28
454,94
454,39
454,248
454,57
454,80
454,107
454,113
454,114
454,344
454,133
454,319
454,101
454,143
454,147
454,37
454,158
454,177
454,170
454,188
454,198
454,210
454,112
454,224
454,231
454,233
454,242
454,87
454,253
454,266
454,273
454,298
454,315
454,346
454,138
454,376
454,373
454,379
454,396
454,397
454,14
454,365
454,241
454,371
454,340
454,1
454,4
454,320
454,139
454,247
454,111
454,197
454,46
454,343
454,380
455,39
455,72
455,107
455,108
455,113
455,319
455,101
455,147
455,37
455,53
455,177
455,266
455,282
455,335
455,202
455,283
455,346
455,138
455,396
455,239
455,222
456,3
456,160
456,15
456,18
456,21
456,22
456,26
456,33
456,256
456,34
456,212
456,78
456,148
456,81
456,107
456,123
456,138
456,286
456,319
456,101
456,150
456,156
456,164
456,176
456,177
456,198
456,35
456,291
456,88
456,253
456,233
456,266
456,298
456,299
456,278
456,314
456,346
456,137
456,379
456,396
456,55
456,109
456,38
456,321
457,2
457,3
457,160
457,15
457,18
457,23
457,22
457,30
457,173
457,26
457,28
457,94
457,29
457,32
457,33
457,256
457,37
457,38
457,60
457,59
457,76
457,77
457,212
457,78
457,148
457,79
457,81
457,91
457,92
457,43
457,93
457,105
457,107
457,113
457,120
457,123
457,126
457,127
457,130
457,284
457,133
457,366
457,136
457,138
457,286
457,319
457,101
457,147
457,53
457,150
457,152
457,156
457,159
457,164
457,176
457,177
457,66
457,168
457,170
457,175
457,171
457,182
457,194
457,198
457,199
457,207
457,224
457,225
457,226
457,272
457,233
457,243
457,261
457,10
457,266
457,271
457,369
457,274
457,356
457,279
457,287
457,293
457,296
457,297
457,298
457,299
457,301
457,309
457,311
457,378
457,313
457,312
457,314
457,318
457,383
457,325
457,330
457,83
457,337
457,338
457,346
457,348
457,252
457,70
457,350
457,195
457,353
457,238
457,354
457,358
457,360
457,364
457,368
457,370
457,310
457,379
457,384
457,391
457,396
457,117
457,73
457,180
457,61
457,305
457,51
457,327
457,103
457,322
457,4
457,240
457,109
457,209
457,259
457,179
457,341
457,336
457,323
457,24
457,393
457,306
457,307
457,321
457,239
457,394
457,395
457,222
457,1
457,178
457,12
457,344
459,3
459,160
459,15
459,18
459,22
459,28
459,94
459,31
459,37
459,42
459,60
459,62
459,67
459,69
459,212
459,78
459,148
459,81
459,85
459,90
459,124
459,107
459,113
459,120
459,126
459,366
459,286
459,319
459,101
459,142
459,143
459,147
459,53
459,152
459,158
459,177
459,63
459,64
459,65
459,66
459,198
459,199
459,207
459,210
459,215
459,225
459,230
459,233
459,242
459,87
459,253
459,261
459,10
459,266
459,268
459,279
459,282
459,335
459,202
459,293
459,298
459,278
459,303
459,309
459,314
459,325
459,83
459,336
459,346
459,138
459,348
459,352
459,354
459,360
459,370
459,238
459,376
459,373
459,379
459,27
459,391
459,396
459,73
459,252
459,341
459,304
459,45
459,16
459,371
459,340
459,223
459,240
459,109
459,209
459,185
459,71
459,72
459,183
459,24
459,23
459,321
459,332
459,277
459,339
459,351
459,195
459,201
459,52
459,214
459,213
459,46
459,363
459,299
459,344
466,3
466,160
466,22
466,26
466,28
466,94
466,29
466,33
466,256
466,42
466,248
466,212
466,78
466,148
466,81
466,97
466,107
466,113
466,122
466,123
466,366
466,138
466,319
466,101
466,147
466,37
466,53
466,150
466,158
466,176
466,177
466,64
466,187
466,191
466,225
466,226
466,326
466,233
466,153
466,265
466,266
466,273
466,279
466,296
466,299
466,301
466,314
466,338
466,346
466,360
466,364
466,372
466,379
466,396
466,117
466,250
466,155
466,236
466,371
466,340
466,259
466,4
466,110
466,1
466,179
466,183
466,332
466,73
466,146
466,351
466,195
466,46
466,302
466,228
466,222
466,344
467,3
467,160
467,15
467,18
467,23
467,22
467,26
467,28
467,94
467,29
467,32
467,33
467,256
467,37
467,41
467,42
467,248
467,60
467,59
467,267
467,72
467,212
467,78
467,148
467,81
467,85
467,234
467,112
467,100
467,107
467,113
467,120
467,123
467,127
467,129
467,284
467,366
467,319
467,101
467,142
467,147
467,53
467,152
467,294
467,162
467,167
467,176
467,177
467,170
467,182
467,198
467,216
467,224
467,225
467,226
467,233
467,87
467,253
467,257
467,264
467,266
467,279
467,293
467,296
467,298
467,299
467,301
467,314
467,315
467,329
467,83
467,338
467,346
467,138
467,352
467,353
467,238
467,337
467,360
467,364
467,372
467,310
467,379
467,392
467,396
467,399
467,117
467,14
467,250
467,388
467,36
467,118
467,223
467,259
467,1
467,110
467,135
467,306
467,307
467,56
467,217
467,146
467,9
467,222
467,344
472,3
472,160
472,15
472,18
472,22
472,30
472,173
472,28
472,94
472,29
472,33
472,256
472,37
472,38
472,39
472,40
472,75
472,72
472,77
472,212
472,78
472,148
472,79
472,81
472,85
472,124
472,96
472,98
472,100
472,107
472,108
472,113
472,119
472,291
472,120
472,121
472,123
472,126
472,127
472,284
472,133
472,366
472,134
472,286
472,319
472,101
472,140
472,147
472,53
472,150
472,152
472,156
472,161
472,164
472,176
472,177
472,178
472,63
472,65
472,168
472,170
472,175
472,171
472,182
472,188
472,194
472,199
472,203
472,204
472,205
472,206
472,207
472,225
472,326
472,232
472,233
472,266
472,268
472,269
472,274
472,356
472,283
472,292
472,293
472,296
472,297
472,298
472,299
472,301
472,308
472,309
472,314
472,315
472,318
472,383
472,328
472,329
472,330
472,338
472,346
472,138
472,252
472,350
472,195
472,354
472,360
472,361
472,368
472,372
472,374
472,377
472,379
472,384
472,396
472,398
472,397
472,117
472,375
472,180
472,349
472,99
472,14
472,251
472,11
472,250
472,327
472,255
472,304
472,45
472,36
472,16
472,240
472,109
472,209
472,259
472,211
472,357
472,247
472,139
472,111
472,103
472,307
472,336
472,323
472,24
472,23
472,218
472,217
472,332
472,73
472,56
472,239
472,146
472,154
472,115
472,9
472,222
472,208
472,13
472,344
472,380
472,6
472,395
473,3
473,160
473,22
473,25
473,26
473,32
473,33
473,256
473,37
473,42
473,59
473,72
473,78
473,148
473,81
473,82
473,85
473,234
473,112
473,107
473,113
473,123
473,126
473,127
473,134
473,138
473,319
473,101
473,147
473,53
473,150
473,152
473,294
473,167
473,177
473,198
473,290
473,216
473,224
473,87
473,253
473,266
473,274
473,356
473,296
473,299
473,301
473,311
473,378
473,314
473,338
473,70
473,352
473,353
473,238
473,337
473,354
473,368
473,137
473,372
473,310
473,379
473,385
473,386
473,391
473,396
473,117
473,285
473,307
473,259
473,355
473,1
473,135
473,141
473,56
473,217
473,146
473,394
473,395
473,149
473,222
473,331
473,265
473,363
473,344
474,3
474,160
474,18
474,19
474,22
474,25
474,28
474,94
474,29
474,32
474,33
474,256
474,34
474,37
474,38
474,40
474,42
474,248
474,44
474,103
474,54
474,59
474,67
474,72
474,76
474,212
474,79
474,80
474,81
474,85
474,91
474,92
474,43
474,234
474,112
474,104
474,107
474,113
474,123
474,126
474,127
474,129
474,130
474,131
474,284
474,133
474,136
474,286
474,319
474,101
474,143
474,147
474,53
474,150
474,156
474,157
474,158
474,166
474,167
474,177
474,64
474,182
474,186
474,187
474,198
474,199
474,204
474,207
474,216
474,225
474,35
474,291
474,326
474,229
474,88
474,253
474,233
474,242
474,87
474,200
474,263
474,257
474,261
474,10
474,265
474,266
474,273
474,274
474,356
474,275
474,292
474,293
474,294
474,296
474,297
474,299
474,301
474,303
474,309
474,314
474,316
474,325
474,329
474,330
474,338
474,340
474,342
474,350
474,195
474,354
474,360
474,137
474,372
474,310
474,377
474,379
474,27
474,385
474,386
474,391
474,396
474,398
474,397
474,117
474,285
474,95
474,250
474,51
474,68
474,89
474,48
474,388
474,155
474,8
474,221
474,327
474,236
474,255
474,304
474,45
474,36
474,16
474,241
474,307
474,371
474,240
474,109
474,148
474,209
474,259
474,211
474,179
474,135
474,323
474,183
474,47
474,141
474,306
474,321
474,239
474,86
474,102
474,115
474,9
474,201
474,52
474,214
474,213
474,46
474,302
474,228
474,222
474,344
474,6
474,395
476,3
476,160
476,25
476,29
476,42
476,72
476,81
476,253
476,107
476,113
476,126
476,53
476,152
476,177
476,65
476,175
476,171
476,205
476,207
476,290
476,232
476,261
476,10
476,264
476,266
476,274
476,356
476,287
476,296
476,350
476,195
476,354
476,377
476,396
476,51
476,89
476,48
476,220
476,262
476,141
476,56
476,367
476,222
477,3
477,160
477,15
477,18
477,23
477,30
477,173
477,26
477,28
477,94
477,37
477,40
477,78
477,148
477,81
477,82
477,91
477,92
477,43
477,100
477,105
477,107
477,108
477,113
477,123
477,126
477,127
477,366
477,319
477,101
477,147
477,53
477,150
477,156
477,159
477,177
477,178
477,170
477,175
477,171
477,198
477,225
477,58
477,265
477,266
477,271
477,369
477,274
477,356
477,287
477,296
477,297
477,298
477,314
477,317
477,318
477,383
477,325
477,83
477,346
477,138
477,354
477,360
477,364
477,368
477,372
477,379
477,396
477,117
477,285
477,240
477,109
477,209
477,110
477,120
477,393
477,239
477,158
477,351
477,195
477,222
477,344
478,2
478,3
478,160
478,7
478,18
478,19
478,21
478,23
478,22
478,25
478,28
478,94
478,29
478,31
478,32
478,33
478,256
478,34
478,37
478,38
478,42
478,248
478,54
478,57
478,60
478,59
478,270
478,62
478,69
478,267
478,72
478,77
478,212
478,78
478,148
478,79
478,80
478,81
478,82
478,85
478,90
478,234
478,112
478,124
478,96
478,97
478,100
478,101
478,105
478,102
478,104
478,107
478,113
478,114
478,344
478,119
478,291
478,120
478,123
478,126
478,127
478,129
478,130
478,131
478,284
478,132
478,134
478,136
478,286
478,319
478,143
478,147
478,53
478,150
478,152
478,156
478,157
478,161
478,158
478,159
478,162
478,164
478,176
478,177
478,63
478,64
478,168
478,170
478,174
478,175
478,171
478,187
478,188
478,192
478,194
478,195
478,198
478,199
478,202
478,203
478,204
478,205
478,206
478,207
478,290
478,210
478,215
478,216
478,224
478,225
478,35
478,230
478,229
478,88
478,253
478,231
478,233
478,240
478,58
478,242
478,200
478,263
478,153
478,264
478,265
478,266
478,269
478,273
478,274
478,356
478,279
478,281
478,287
478,293
478,294
478,295
478,296
478,298
478,299
478,278
478,301
478,308
478,309
478,311
478,378
478,313
478,312
478,314
478,316
478,325
478,328
478,330
478,83
478,73
478,337
478,257
478,338
478,340
478,342
478,345
478,346
478,138
478,348
478,350
478,352
478,353
478,238
478,354
478,358
478,360
478,361
478,364
478,365
478,368
478,370
478,137
478,372
478,310
478,374
478,377
478,376
478,373
478,379
478,382
478,381
478,27
478,385
478,386
478,391
478,392
478,396
478,398
478,397
478,399
478,117
478,375
478,61
478,349
478,99
478,14
478,251
478,11
478,285
478,252
478,95
478,258
478,151
478,155
478,8
478,221
478,255
478,55
478,219
478,103
478,322
478,36
478,339
478,172
478,241
478,371
478,109
478,209
478,259
478,254
478,211
478,4
478,43
478,110
478,111
478,357
478,247
478,244
478,140
478,5
478,320
478,139
478,1
478,71
478,179
478,135
478,336
478,323
478,183
478,116
478,24
478,393
478,218
478,217
478,321
478,332
478,56
478,277
478,239
478,50
478,84
478,146
478,394
478,395
478,86
478,154
478,189
478,245
478,115
478,351
478,214
478,213
478,46
478,128
478,343
478,45
478,302
478,228
478,222
478,208
478,331
478,315
478,125
478,327
478,289
478,12
478,149
478,380
478,6
481,3
481,160
481,23
481,26
481,40
481,42
481,212
481,85
481,107
481,113
481,114
481,344
481,122
481,123
481,126
481,129
481,134
481,319
481,101
481,147
481,37
481,53
481,150
481,152
481,177
481,66
481,198
481,265
481,266
481,274
481,356
481,280
481,292
481,293
481,294
481,296
481,314
481,338
481,354
481,358
481,372
481,310
481,379
481,392
481,396
481,117
481,14
481,8
481,221
481,259
481,256
481,71
481,211
481,1
481,116
481,393
481,343
481,222
481,331
481,315
483,26
483,37
483,248
483,57
483,59
483,270
483,212
483,234
483,112
483,113
483,126
483,319
483,101
483,167
483,177
483,198
483,207
483,290
483,210
483,216
483,269
483,293
483,301
483,314
483,330
483,338
483,352
483,379
483,221
483,285
483,355
483,135
483,344
485,78
485,148
485,114
485,344
485,133
485,177
485,233
485,266
485,274
485,356
485,340
485,296
485,354
485,379
485,391
485,396
485,117
485,393
486,3
486,160
486,15
486,18
486,21
486,25
486,28
486,94
486,29
486,33
486,256
486,37
486,39
486,41
486,60
486,72
486,74
486,77
486,78
486,148
486,81
486,85
486,93
486,234
486,112
486,101
486,105
486,107
486,108
486,113
486,120
486,121
486,123
486,126
486,127
486,284
486,319
486,143
486,147
486,53
486,150
486,152
486,159
486,167
486,176
486,177
486,63
486,66
486,49
486,170
486,194
486,199
486,202
486,207
486,210
486,225
486,230
486,233
486,266
486,273
486,274
486,356
486,283
486,293
486,296
486,299
486,278
486,309
486,311
486,378
486,314
486,317
486,325
486,334
486,83
486,345
486,353
486,238
486,337
486,354
486,360
486,364
486,368
486,379
486,389
486,390
486,391
486,396
486,117
486,375
486,180
486,349
486,99
486,305
486,181
486,145
486,339
486,307
486,371
486,340
486,223
486,235
486,240
486,109
486,209
486,259
486,254
486,158
486,139
486,135
486,393
486,56
486,277
486,395
486,394
486,351
486,195
486,45
486,5
486,222
486,125
486,12
486,344
469,3
469,160
469,7
469,15
469,18
469,23
469,22
469,25
469,28
469,94
469,37
469,273
469,212
469,78
469,148
469,101
469,107
469,134
469,319
469,53
469,156
469,157
469,164
469,177
469,175
469,171
469,198
469,231
469,233
469,87
469,253
469,266
469,283
469,298
469,301
469,348
469,360
469,361
469,396
469,305
469,262
469,118
469,240
469,109
469,209
469,110
469,139
469,306
469,307
469,227
469,321
469,137
489,15
489,23
489,22
489,173
489,26
489,33
489,256
489,62
489,107
489,113
489,123
489,133
489,138
489,319
489,101
489,53
489,170
489,182
489,198
489,225
489,226
489,233
489,266
489,279
489,318
489,383
489,83
489,360
489,379
489,396
489,259
489,158
489,3
489,160
489,60
489,76
489,80
489,81
489,366
489,177
489,210
489,271
489,369
489,273
489,325
489,346
489,376
489,373
489,371
489,340
489,240
489,109
489,148
489,209
489,359
489,288
489,289
489,183
489,120
489,46
489,94
490,3
490,160
490,15
490,18
490,23
490,22
490,26
490,28
490,94
490,37
490,39
490,42
490,248
490,57
490,270
490,67
490,74
490,80
490,81
490,90
490,93
490,107
490,113
490,120
490,122
490,123
490,366
490,319
490,101
490,143
490,147
490,53
490,150
490,152
490,158
490,176
490,177
490,64
490,186
490,193
490,198
490,199
490,205
490,210
490,225
490,233
490,242
490,246
490,249
490,200
490,266
490,273
490,274
490,356
490,279
490,153
490,293
490,299
490,301
490,311
490,378
490,314
490,318
490,383
490,333
490,334
490,83
490,340
490,346
490,138
490,348
490,358
490,360
490,368
490,374
490,376
490,373
490,379
490,382
490,381
490,27
490,391
490,396
490,117
490,180
490,184
490,237
490,304
490,45
490,36
490,16
490,118
490,241
490,371
490,240
490,109
490,148
490,209
490,259
490,256
490,320
490,336
490,183
490,47
490,227
490,197
490,14
490,332
490,73
490,146
490,189
490,245
490,115
490,351
490,195
490,9
490,214
490,213
490,46
490,128
490,222
490,208
490,344
490,6
490,395
12,3
12,160
12,15
12,22
12,30
12,28
12,94
12,37
12,39
12,72
12,78
12,148
12,107
12,126
12,133
12,366
12,319
12,101
12,147
12,53
12,159
12,176
12,177
12,63
12,175
12,171
12,182
12,198
12,204
12,205
12,225
12,233
12,266
12,298
12,299
12,278
12,314
12,315
12,325
12,83
12,360
12,379
12,391
12,396
12,117
12,181
12,306
12,307
12,237
12,178
12,93
491,3
491,160
491,18
491,23
491,22
491,173
491,25
491,28
491,94
491,32
491,33
491,256
491,37
491,42
491,59
491,273
491,72
491,77
491,212
491,78
491,148
491,81
491,85
491,298
491,124
491,96
491,107
491,126
491,127
491,284
491,366
491,134
491,138
491,286
491,319
491,101
491,147
491,53
491,159
491,177
491,65
491,66
491,170
491,174
491,175
491,171
491,186
491,187
491,194
491,196
491,198
491,203
491,216
491,261
491,10
491,266
491,269
491,279
491,293
491,299
491,278
491,301
491,303
491,309
491,313
491,312
491,314
491,325
491,330
491,83
491,338
491,340
491,346
491,348
491,70
491,360
491,372
491,377
491,392
491,396
491,397
491,73
491,180
491,14
491,285
491,95
491,236
491,172
491,240
491,109
491,209
491,259
491,158
491,123
491,183
491,394
491,395
491,86
491,351
491,195
491,201
491,52
491,343
491,328
491,178
491,93
468,18
468,23
468,22
468,25
468,28
468,94
468,32
468,33
468,256
468,37
468,59
468,273
468,77
468,212
468,78
468,148
468,81
468,85
468,298
468,124
468,96
468,107
468,126
468,127
468,284
468,366
468,134
468,286
468,319
468,101
468,147
468,53
468,159
468,177
468,65
468,66
468,170
468,174
468,175
468,171
468,187
468,194
468,196
468,198
468,203
468,233
468,261
468,10
468,266
468,279
468,282
468,335
468,202
468,293
468,299
468,278
468,301
468,303
468,309
468,313
468,312
468,314
468,325
468,83
468,338
468,346
468,138
468,348
468,70
468,360
468,372
468,377
468,396
468,73
468,180
468,14
468,95
468,236
468,172
468,241
468,240
468,109
468,209
468,259
468,158
468,123
468,394
468,395
468,351
468,195
468,201
468,52
468,343
468,328
468,178
468,93
492,2
492,28
492,94
492,212
492,82
492,106
492,107
492,120
492,130
492,286
492,163
492,165
492,176
492,177
492,66
492,175
492,171
492,194
492,199
492,297
492,300
492,318
492,383
492,83
492,361
492,370
492,391
492,221
492,255
492,137
492,151
492,263
492,319
492,24
492,23
492,351
492,195
492,222
504,15
504,26
504,38
504,81
504,124
504,105
504,114
504,344
504,121
504,126
504,131
504,133
504,53
504,163
504,167
504,177
504,63
504,49
504,198
504,199
504,207
504,112
504,226
504,326
504,231
504,232
504,233
504,264
504,266
504,298
504,309
504,311
504,378
504,314
504,333
504,340
504,253
504,354
504,137
504,372
504,379
504,117
504,14
504,285
504,184
504,237
504,140
504,355
504,24
504,23
504,393
504,306
504,307
504,5
504,102
504,94
493,13
493,29
493,32
493,37
493,39
493,72
493,78
493,148
493,85
493,97
493,108
493,113
493,114
493,344
493,126
493,319
493,101
493,147
493,152
493,176
493,177
493,188
493,198
493,199
493,202
493,207
493,264
493,266
493,274
493,356
493,293
493,296
493,299
493,314
493,333
493,334
493,73
493,345
493,350
493,195
493,354
493,361
493,364
493,368
493,379
493,385
493,386
493,390
493,391
493,396
493,117
493,349
493,99
493,14
493,251
493,11
493,365
493,388
493,220
493,219
493,240
493,109
493,209
493,139
493,324
493,137
493,393
493,332
493,56
493,189
493,245
493,351
493,222
493,178
493,93
493,315
493,125
493,6
493,395
494,314
494,104
494,101
494,212
495,3
495,160
495,29
495,37
495,42
495,60
495,59
495,62
495,267
495,72
495,212
495,79
495,81
495,107
495,113
495,120
495,122
495,123
495,126
495,129
495,131
495,284
495,134
495,138
495,319
495,101
495,147
495,53
495,157
495,163
495,164
495,177
495,125
495,198
495,199
495,224
495,229
495,264
495,266
495,282
495,335
495,202
495,293
495,296
495,301
495,309
495,314
495,330
495,338
495,350
495,195
495,353
495,238
495,337
495,372
495,377
495,379
495,382
495,381
495,391
495,396
495,398
495,399
495,73
495,285
495,68
495,250
495,8
495,221
495,241
495,240
495,109
495,148
495,209
495,259
495,256
495,71
495,211
495,94
495,1
495,2
495,348
495,359
495,288
495,289
495,393
495,368
495,197
495,14
495,239
495,86
495,85
495,347
495,354
495,265
495,222
495,331
495,12
495,227
496,13
496,21
496,26
496,29
496,37
496,39
496,78
496,148
496,98
496,108
496,113
496,114
496,344
496,319
496,101
496,147
496,176
496,177
496,188
496,207
496,290
496,224
496,280
496,315
496,343
496,350
496,195
496,354
496,368
496,117
496,14
496,255
496,240
496,109
496,209
496,110
496,119
497,7
497,18
497,33
497,256
497,42
497,248
497,267
497,265
497,330
497,212
497,80
497,85
497,107
497,108
497,113
497,120
497,129
497,131
497,284
497,319
497,101
497,143
497,53
497,157
497,158
497,163
497,177
497,186
497,198
497,204
497,216
497,242
497,266
497,273
497,292
497,293
497,294
497,314
497,338
497,137
497,372
497,391
497,392
497,396
497,399
497,305
497,68
497,145
497,241
497,104
497,144
497,322
497,116
497,393
497,227
497,394
497,395
497,214
497,213
497,128
497,331
498,113
498,319
498,101
498,165
498,177
498,194
498,198
498,210
498,264
498,265
498,273
498,293
498,314
498,352
498,137
498,118
498,104
498,371
498,340
498,341
498,212
501,79
501,120
501,319
501,101
501,143
501,163
501,198
501,260
501,334
501,392
501,68
501,145
501,227
501,144
501,393
501,394
501,395
501,347
501,293
13,15
13,18
13,23
13,22
13,25
13,28
13,94
13,32
13,39
13,44
13,103
13,69
13,273
13,72
13,77
13,265
13,330
13,212
13,78
13,148
13,79
13,124
13,101
13,107
13,113
13,119
13,291
13,126
13,284
13,133
13,134
13,286
13,319
13,142
13,53
13,159
13,177
13,63
13,65
13,123
13,175
13,171
13,186
13,198
13,207
13,215
13,224
13,231
13,232
13,233
13,261
13,10
13,266
13,268
13,282
13,335
13,202
13,283
13,293
13,298
13,278
13,301
13,309
13,314
13,83
13,338
13,348
13,352
13,354
13,360
13,361
13,370
13,137
13,372
13,377
13,379
13,396
13,305
13,262
13,255
13,118
13,227
13,104
13,307
13,259
13,256
13,110
13,345
13,109
13,355
13,139
13,144
13,336
13,393
13,306
13,321
13,158
13,347
13,21
13,214
13,213
13,222
13,363
13,299
13,344
502,3
502,160
502,13
502,17
502,18
502,19
502,20
502,21
502,22
502,30
502,173
502,25
502,26
502,28
502,94
502,29
502,31
502,32
502,33
502,256
502,34
502,37
502,38
502,39
502,40
502,42
502,248
502,44
502,103
502,57
502,60
502,59
502,62
502,267
502,72
502,76
502,77
502,212
502,78
502,148
502,79
502,81
502,91
502,92
502,43
502,93
502,234
502,112
502,124
502,96
502,97
502,98
502,100
502,105
502,104
502,106
502,107
502,108
502,311
502,113
502,114
502,344
502,119
502,291
502,120
502,121
502,122
502,123
502,126
502,127
502,129
502,130
502,131
502,133
502,134
502,136
502,138
502,286
502,319
502,101
502,140
502,147
502,53
502,150
502,156
502,157
502,158
502,159
502,162
502,163
502,164
502,165
502,166
502,167
502,176
502,177
502,63
502,41
502,66
502,168
502,49
502,169
502,170
502,174
502,175
502,171
502,182
502,186
502,187
502,188
502,193
502,190
502,194
502,196
502,198
502,199
502,202
502,203
502,204
502,205
502,206
502,207
502,290
502,216
502,224
502,225
502,226
502,35
502,272
502,88
502,253
502,231
502,232
502,233
502,58
502,243
502,246
502,249
502,200
502,263
502,260
502,261
502,10
502,266
502,268
502,269
502,274
502,356
502,275
502,276
502,278
502,282
502,335
502,281
502,287
502,293
502,295
502,296
502,297
502,298
502,299
502,300
502,301
502,303
502,308
502,309
502,378
502,314
502,315
502,317
502,316
502,318
502,383
502,325
502,330
502,333
502,334
502,83
502,337
502,338
502,342
502,346
502,348
502,70
502,350
502,195
502,353
502,238
502,354
502,358
502,360
502,361
502,362
502,364
502,368
502,372
502,310
502,374
502,377
502,379
502,382
502,381
502,384
502,389
502,390
502,391
502,396
502,398
502,397
502,117
502,375
502,73
502,180
502,387
502,349
502,99
502,14
502,251
502,11
502,305
502,322
502,285
502,68
502,252
502,250
502,258
502,51
502,151
502,365
502,366
502,388
502,8
502,221
502,184
502,237
502,236
502,55
502,145
502,304
502,45
502,16
502,339
502,118
502,241
502,307
502,371
502,340
502,235
502,240
502,109
502,209
502,259
502,254
502,211
502,111
502,357
502,247
502,244
502,5
502,139
502,135
502,323
502,116
502,141
502,24
502,23
502,2
502,321
502,197
502,56
502,277
502,239
502,50
502,84
502,146
502,86
502,85
502,154
502,189
502,245
502,115
502,351
502,9
502,201
502,52
502,343
502,222
502,255
502,327
502,12
502,380
502,328
502,395
502,6
503,18
503,20
503,29
503,75
503,234
503,112
503,167
503,177
503,175
503,171
503,198
503,226
503,266
503,299
503,24
503,23
504,13
504,173
504,32
504,78
504,148
504,85
504,104
504,138
504,182
504,206
504,260
504,293
504,316
504,353
504,113
504,238
504,337
504,368
504,396
504,349
504,99
504,95
504,106
504,135
504,246
504,351
504,195
505,104
505,198
505,314
505,339
505,101
505,319
505,212
506,15
506,28
506,94
506,33
506,256
506,37
506,39
506,72
506,77
506,78
506,148
506,81
506,107
506,113
506,114
506,344
506,126
506,319
506,101
506,152
506,176
506,177
506,123
506,207
506,224
506,231
506,233
506,266
506,274
506,356
506,296
506,314
506,333
506,350
506,195
506,353
506,238
506,337
506,396
506,117
506,14
506,304
506,45
506,36
506,235
506,110
506,29
506,357
506,247
506,119
506,139
506,120
506,1
506,24
506,23
506,393
506,197
506,160
506,154
507,3
507,160
507,15
507,17
507,18
507,19
507,21
507,23
507,22
507,30
507,173
507,25
507,26
507,28
507,94
507,29
507,32
507,34
507,37
507,38
507,39
507,59
507,76
507,77
507,212
507,78
507,148
507,79
507,81
507,91
507,92
507,43
507,234
507,112
507,105
507,107
507,108
507,113
507,114
507,344
507,123
507,126
507,127
507,130
507,131
507,284
507,133
507,366
507,134
507,136
507,138
507,286
507,319
507,101
507,53
507,150
507,156
507,157
507,159
507,162
507,163
507,164
507,176
507,177
507,66
507,168
507,170
507,175
507,171
507,182
507,186
507,187
507,194
507,196
507,198
507,199
507,207
507,216
507,225
507,226
507,35
507,291
507,272
507,229
507,232
507,233
507,58
507,243
507,200
507,260
507,261
507,10
507,266
507,271
507,369
507,274
507,356
507,275
507,279
507,287
507,296
507,297
507,298
507,299
507,300
507,301
507,303
507,309
507,311
507,378
507,313
507,312
507,314
507,316
507,318
507,383
507,325
507,330
507,83
507,338
507,342
507,345
507,346
507,348
507,70
507,350
507,195
507,353
507,238
507,337
507,354
507,358
507,360
507,364
507,368
507,370
507,377
507,379
507,382
507,381
507,27
507,384
507,385
507,386
507,391
507,396
507,117
507,73
507,180
507,251
507,11
507,305
507,250
507,327
507,118
507,240
507,109
507,209
507,259
507,256
507,254
507,211
507,139
507,144
507,179
507,341
507,135
507,336
507,323
507,141
507,306
507,307
507,2
507,239
507,1
507,86
507,85
507,347
507,293
507,115
507,201
507,52
507,222
507,255
507,178
507,93
507,395
508,22
508,173
508,28
508,94
508,29
508,270
508,78
508,148
508,81
508,91
508,92
508,43
508,234
508,112
508,106
508,107
508,113
508,114
508,344
508,130
508,284
508,319
508,101
508,147
508,37
508,167
508,177
508,170
508,182
508,187
508,194
508,199
508,225
508,226
508,233
508,266
508,269
508,274
508,356
508,314
508,316
508,360
508,370
508,137
508,396
508,285
508,51
508,366
508,36
508,237
508,307
508,371
508,340
508,223
508,240
508,109
508,209
508,211
508,103
508,135
508,323
508,367
508,189
508,245
508,222
509,2
509,3
509,160
509,23
509,26
509,29
509,38
509,248
509,44
509,103
509,60
509,59
509,62
509,72
509,212
509,79
509,82
509,85
509,102
509,106
509,107
509,113
509,126
509,131
509,284
509,132
509,134
509,319
509,101
509,143
509,53
509,163
509,177
509,186
509,125
509,194
509,198
509,199
509,210
509,224
509,242
509,264
509,266
509,273
509,293
509,301
509,314
509,338
509,137
509,372
509,379
509,392
509,396
509,399
509,117
509,68
509,241
509,104
509,371
509,340
509,235
509,240
509,109
509,148
509,209
509,1
509,320
509,144
509,359
509,288
509,289
509,24
509,393
509,218
509,217
509,227
509,197
509,14
509,146
509,202
509,347
509,214
509,213
509,343
509,331
509,265
509,12
511,3
511,160
511,18
511,21
511,23
511,173
511,26
511,28
511,94
511,29
511,32
511,33
511,256
511,34
511,37
511,40
511,42
511,248
511,57
511,59
511,72
511,212
511,78
511,148
511,79
511,80
511,81
511,85
511,101
511,107
511,113
511,120
511,123
511,126
511,131
511,133
511,366
511,136
511,138
511,319
511,147
511,53
511,150
511,152
511,156
511,158
511,167
511,177
511,64
511,182
511,198
511,199
511,202
511,210
511,216
511,226
511,35
511,291
511,326
511,294
511,233
511,87
511,253
511,263
511,265
511,266
511,273
511,293
511,297
511,299
511,278
511,301
511,314
511,318
511,383
511,329
511,330
511,338
511,346
511,350
511,195
511,353
511,238
511,337
511,360
511,368
511,137
511,372
511,377
511,379
511,27
511,384
511,391
511,396
511,221
511,73
511,180
511,285
511,103
511,68
511,255
511,307
511,371
511,340
511,240
511,109
511,209
511,259
511,4
511,244
511,355
511,135
511,183
511,306
511,218
511,217
511,367
511,146
511,189
511,245
511,214
511,213
511,46
511,222
511,6
511,395
512,3
512,160
512,7
512,13
512,15
512,18
512,19
512,20
512,21
512,23
512,22
512,30
512,25
512,26
512,28
512,94
512,29
512,31
512,32
512,33
512,256
512,34
512,37
512,38
512,39
512,41
512,42
512,248
512,54
512,57
512,59
512,67
512,267
512,72
512,76
512,77
512,212
512,78
512,148
512,79
512,81
512,85
512,90
512,91
512,92
512,43
512,93
512,234
512,112
512,124
512,96
512,97
512,98
512,100
512,105
512,106
512,107
512,108
512,311
512,113
512,114
512,344
512,119
512,291
512,120
512,121
512,122
512,123
512,126
512,127
512,129
512,130
512,131
512,284
512,132
512,366
512,134
512,136
512,286
512,319
512,101
512,140
512,143
512,147
512,53
512,150
512,156
512,157
512,161
512,158
512,159
512,162
512,163
512,164
512,176
512,177
512,63
512,64
512,65
512,168
512,170
512,174
512,175
512,171
512,182
512,186
512,187
512,188
512,125
512,193
512,190
512,194
512,195
512,198
512,199
512,202
512,204
512,205
512,206
512,207
512,290
512,216
512,224
512,225
512,35
512,272
512,326
512,230
512,229
512,88
512,253
512,231
512,232
512,233
512,58
512,243
512,246
512,249
512,200
512,263
512,260
512,261
512,10
512,266
512,269
512,273
512,274
512,356
512,275
512,281
512,287
512,292
512,293
512,295
512,296
512,297
512,299
512,301
512,303
512,309
512,378
512,314
512,315
512,318
512,383
512,329
512,330
512,334
512,83
512,337
512,333
512,338
512,346
512,138
512,348
512,70
512,350
512,353
512,238
512,354
512,358
512,360
512,364
512,368
512,372
512,310
512,374
512,377
512,376
512,373
512,379
512,382
512,381
512,27
512,384
512,390
512,391
512,392
512,396
512,398
512,397
512,117
512,375
512,73
512,349
512,99
512,14
512,251
512,11
512,305
512,285
512,181
512,252
512,250
512,258
512,365
512,8
512,221
512,236
512,255
512,55
512,145
512,339
512,118
512,241
512,307
512,223
512,240
512,109
512,209
512,259
512,254
512,154
512,211
512,357
512,247
512,5
512,139
512,1
512,103
512,135
512,323
512,183
512,116
512,141
512,393
512,306
512,2
512,321
512,197
512,56
512,277
512,278
512,239
512,84
512,146
512,394
512,395
512,86
512,102
512,115
512,351
512,9
512,46
512,343
512,222
512,208
512,327
512,325
512,363
512,12
512,380
512,6
513,2
513,23
513,28
513,94
513,60
513,78
513,148
513,100
513,126
513,319
513,101
513,150
513,224
513,266
513,314
513,83
513,137
513,240
513,109
513,209
513,158
513,123
513,14
513,120
6,3
6,160
6,22
6,29
6,42
6,107
6,113
6,114
6,344
6,123
6,133
6,319
6,101
6,53
6,152
6,177
6,188
6,207
6,266
6,283
6,293
6,301
6,303
6,83
6,337
6,354
6,391
6,396
6,14
6,235
6,94
6,120
6,393
6,56
6,394
6,395
6,367
515,3
515,160
515,23
515,25
515,26
515,29
515,32
515,38
515,40
515,42
515,248
515,60
515,59
515,273
515,72
515,212
515,85
515,107
515,113
515,120
515,123
515,126
515,284
515,319
515,101
515,147
515,37
515,53
515,157
515,158
515,177
515,64
515,194
515,198
515,199
515,205
515,207
515,210
515,215
515,88
515,253
515,242
515,87
515,265
515,266
515,274
515,356
515,296
515,301
515,314
515,330
515,338
515,343
515,354
515,368
515,372
515,379
515,392
515,396
515,117
515,14
515,285
515,388
515,241
515,371
515,340
515,240
515,109
515,148
515,209
515,259
515,256
515,141
515,50
515,222
515,125
515,79
515,80
515,104
515,216
515,264
515,377
515,221
515,7
515,33
515,34
515,41
515,54
515,62
515,81
515,91
515,92
515,43
515,96
515,156
515,163
515,165
515,166
515,66
515,170
515,186
515,187
515,196
515,204
515,272
515,232
515,243
515,261
515,10
515,269
515,281
515,293
515,376
515,373
515,258
515,219
515,339
515,118
515,323
515,344
515,6
515,395
519,3
519,160
519,7
519,15
519,17
519,21
519,22
519,28
519,94
519,29
519,33
519,256
519,37
519,39
519,42
519,60
519,62
519,72
519,77
519,212
519,78
519,148
519,79
519,81
519,85
519,124
519,96
519,107
519,113
519,123
519,126
519,127
519,284
519,366
519,138
519,319
519,101
519,143
519,147
519,53
519,150
519,152
519,176
519,177
519,63
519,170
519,174
519,199
519,202
519,203
519,205
519,206
519,207
519,272
519,326
519,88
519,253
519,233
519,243
519,263
519,153
519,266
519,269
519,274
519,356
519,279
519,281
519,293
519,296
519,297
519,298
519,299
519,301
519,311
519,378
519,314
519,328
519,329
519,330
519,83
519,338
519,342
519,346
519,252
519,358
519,360
519,362
519,368
519,373
519,377
519,396
519,397
519,117
519,375
519,387
519,349
519,99
519,14
519,51
519,155
519,327
519,255
519,145
519,219
519,304
519,45
519,103
519,322
519,36
519,16
519,339
519,240
519,109
519,209
519,259
519,320
519,336
519,323
519,218
519,217
519,321
519,332
519,73
519,277
519,278
519,239
519,84
519,146
519,48
519,351
519,195
519,222
519,13
519,325
519,344
520,3
520,160
520,23
520,30
520,26
520,28
520,94
520,37
520,38
520,42
520,212
520,81
520,107
520,113
520,123
520,127
520,133
520,319
520,101
520,53
520,150
520,177
520,170
520,216
520,226
520,266
520,274
520,356
520,293
520,299
520,301
520,314
520,330
520,340
520,382
520,381
520,396
520,117
520,250
520,304
520,45
520,36
520,16
520,172
520,259
520,256
520,47
520,239
520,222
520,178
520,93
520,344
521,2
521,3
521,160
521,15
521,22
521,173
521,25
521,26
521,32
521,33
521,256
521,34
521,37
521,38
521,44
521,103
521,57
521,60
521,72
521,212
521,78
521,148
521,81
521,85
521,234
521,112
521,124
521,101
521,105
521,106
521,107
521,113
521,114
521,344
521,120
521,126
521,129
521,130
521,284
521,133
521,134
521,319
521,147
521,53
521,150
521,152
521,166
521,177
521,63
521,123
521,175
521,171
521,182
521,125
521,195
521,196
521,206
521,207
521,290
521,216
521,225
521,326
521,229
521,232
521,233
521,87
521,253
521,257
521,261
521,10
521,266
521,274
521,356
521,279
521,282
521,335
521,202
521,287
521,293
521,296
521,297
521,298
521,299
521,301
521,309
521,311
521,378
521,313
521,312
521,314
521,325
521,330
521,337
521,338
521,343
521,70
521,352
521,353
521,238
521,354
521,360
521,364
521,368
521,372
521,310
521,379
521,384
521,391
521,392
521,396
521,398
521,117
521,180
521,251
521,11
521,118
521,259
521,94
521,4
521,244
521,144
521,285
521,24
521,23
521,306
521,307
521,56
521,367
521,239
521,50
521,115
521,48
521,351
521,222
521,395
521,30
521,28
521,366
521,136
521,156
521,157
521,176
521,198
521,199
521,272
521,271
521,369
521,317
521,318
521,383
521,346
521,138
521,397
521,221
521,73
521,14
521,89
521,235
521,240
521,109
521,209
521,211
521,135
521,393
521,277
521,278
521,255
521,189
521,245
521,387
521,380
1095,3
1095,160
1095,22
1095,28
1095,94
1095,37
1095,270
1095,69
1095,72
1095,212
1095,81
1095,85
1095,96
1095,101
1095,105
1095,107
1095,120
1095,126
1095,284
1095,147
1095,53
1095,158
1095,177
1095,64
1095,191
1095,194
1095,198
1095,203
1095,205
1095,206
1095,207
1095,326
1095,233
1095,242
1095,266
1095,273
1095,279
1095,309
1095,314
1095,316
1095,348
1095,353
1095,113
1095,238
1095,337
1095,354
1095,360
1095,396
1095,397
1095,73
1095,387
1095,285
1095,95
1095,262
1095,36
1095,16
1095,241
1095,336
1095,201
1095,52
1095,46
529,3
529,160
529,15
529,23
529,22
529,30
529,173
529,28
529,94
529,32
529,37
529,44
529,103
529,273
529,74
529,78
529,148
529,81
529,93
529,96
529,101
529,105
529,106
529,107
529,311
529,113
529,114
529,344
529,133
529,366
529,138
529,319
529,143
529,147
529,53
529,158
529,165
529,166
529,177
529,194
529,198
529,203
529,205
529,206
529,207
529,290
529,210
529,224
529,226
529,88
529,253
529,231
529,233
529,87
529,266
529,271
529,369
529,293
529,297
529,299
529,378
529,314
529,318
529,383
529,325
529,337
529,346
529,350
529,195
529,352
529,358
529,360
529,361
529,362
529,364
529,137
529,310
529,376
529,373
529,379
529,27
529,384
529,391
529,396
529,117
529,14
529,255
529,219
529,241
529,307
529,371
529,340
529,235
529,247
529,111
529,52
529,48
529,178
529,183
529,24
529,375
529,393
529,306
529,272
529,43
529,115
529,201
529,46
529,128
529,120
529,150
529,2
529,395
530,3
530,160
530,15
530,22
530,26
530,28
530,94
530,32
530,54
530,74
530,107
530,113
530,123
530,319
530,101
530,150
530,177
530,198
530,215
530,225
530,326
530,231
530,233
530,266
530,279
530,293
530,298
530,314
530,329
530,352
530,360
530,361
530,379
530,396
530,255
530,4
530,183
530,324
530,137
530,393
530,158
530,115
530,143
530,210
530,61
530,371
530,340
530,109
530,227
530,79
530,347
530,145
531,3
531,160
531,7
531,18
531,19
531,20
531,21
531,23
531,22
531,25
531,26
531,28
531,94
531,29
531,31
531,33
531,256
531,34
531,37
531,38
531,39
531,40
531,42
531,248
531,44
531,103
531,75
531,57
531,60
531,59
531,62
531,67
531,69
531,273
531,267
531,72
531,76
531,212
531,78
531,148
531,79
531,80
531,81
531,82
531,85
531,91
531,92
531,43
531,93
531,234
531,112
531,124
531,96
531,98
531,100
531,106
531,107
531,108
531,113
531,114
531,344
531,119
531,291
531,120
531,121
531,122
531,123
531,126
531,127
531,129
531,130
531,131
531,284
531,133
531,134
531,136
531,138
531,286
531,319
531,101
531,143
531,147
531,53
531,150
531,156
531,157
531,158
531,162
531,163
531,164
531,165
531,166
531,167
531,176
531,177
531,63
531,41
531,64
531,65
531,66
531,168
531,170
531,174
531,182
531,186
531,187
531,188
531,125
531,193
531,190
531,194
531,198
531,199
531,202
531,204
531,206
531,207
531,210
531,216
531,224
531,225
531,35
531,272
531,326
531,229
531,88
531,253
531,342
531,231
531,233
531,58
531,242
531,243
531,246
531,200
531,261
531,10
531,265
531,266
531,274
531,356
531,281
531,283
531,292
531,293
531,294
531,296
531,297
531,299
531,278
531,301
531,303
531,309
531,311
531,378
531,314
531,315
531,317
531,316
531,318
531,383
531,329
531,330
531,334
531,83
531,333
531,338
531,340
531,345
531,346
531,348
531,70
531,350
531,195
531,352
531,353
531,238
531,337
531,354
531,358
531,360
531,361
531,364
531,365
531,368
531,137
531,372
531,310
531,374
531,377
531,376
531,373
531,379
531,385
531,386
531,391
531,392
531,396
531,398
531,397
531,221
531,117
531,375
531,73
531,180
531,349
531,99
531,14
531,251
531,11
531,305
531,285
531,68
531,181
531,252
531,250
531,89
531,48
531,151
531,388
531,155
531,8
531,236
531,341
531,55
531,145
531,304
531,45
531,322
531,339
531,118
531,241
531,307
531,371
531,240
531,109
531,209
531,259
531,254
531,211
531,327
531,110
531,357
531,247
531,244
531,5
531,139
531,135
531,336
531,323
531,183
531,116
531,393
531,321
531,197
531,56
531,277
531,239
531,50
531,84
531,146
531,86
531,154
531,115
531,351
531,9
531,214
531,213
531,46
531,128
531,175
531,222
531,255
531,178
531,325
531,12
531,380
531,328
531,227
531,6
531,395
540,3
540,160
540,13
540,22
540,28
540,94
540,29
540,32
540,33
540,256
540,34
540,37
540,39
540,40
540,41
540,42
540,248
540,75
540,59
540,72
540,78
540,148
540,80
540,81
540,85
540,91
540,92
540,43
540,124
540,96
540,97
540,100
540,107
540,113
540,120
540,123
540,134
540,319
540,101
540,143
540,147
540,53
540,150
540,152
540,156
540,157
540,158
540,176
540,177
540,64
540,65
540,170
540,175
540,171
540,182
540,188
540,194
540,195
540,198
540,199
540,205
540,207
540,290
540,210
540,112
540,272
540,88
540,253
540,294
540,231
540,243
540,200
540,266
540,273
540,274
540,356
540,280
540,51
540,281
540,296
540,299
540,278
540,309
540,318
540,383
540,325
540,330
540,83
540,333
540,70
540,353
540,238
540,337
540,354
540,360
540,364
540,368
540,372
540,310
540,374
540,377
540,376
540,373
540,27
540,390
540,391
540,395
540,396
540,397
540,117
540,375
540,14
540,285
540,68
540,262
540,255
540,55
540,304
540,45
540,241
540,371
540,340
540,240
540,109
540,209
540,259
540,1
540,4
540,179
540,323
540,183
540,393
540,197
540,56
540,128
540,222
540,327
540,344
540,221
542,2
542,3
542,160
542,7
542,15
542,18
542,19
542,21
542,23
542,22
542,30
542,173
542,28
542,94
542,29
542,32
542,33
542,256
542,34
542,37
542,39
542,42
542,248
542,60
542,69
542,267
542,72
542,74
542,77
542,212
542,78
542,148
542,79
542,80
542,81
542,85
542,93
542,234
542,112
542,124
542,96
542,101
542,105
542,107
542,113
542,120
542,123
542,126
542,127
542,129
542,284
542,133
542,136
542,286
542,319
542,147
542,53
542,150
542,156
542,158
542,159
542,163
542,176
542,177
542,63
542,170
542,175
542,171
542,182
542,186
542,192
542,194
542,196
542,198
542,199
542,202
542,203
542,205
542,206
542,207
542,224
542,225
542,226
542,326
542,88
542,253
542,233
542,58
542,242
542,243
542,87
542,200
542,265
542,266
542,274
542,356
542,279
542,293
542,294
542,297
542,298
542,299
542,278
542,301
542,303
542,308
542,309
542,314
542,315
542,325
542,329
542,330
542,83
542,346
542,138
542,70
542,350
542,195
542,354
542,360
542,361
542,364
542,365
542,368
542,372
542,310
542,377
542,376
542,373
542,379
542,27
542,384
542,390
542,391
542,396
542,397
542,117
542,73
542,180
542,387
542,14
542,251
542,11
542,305
542,285
542,68
542,181
542,252
542,348
542,250
542,258
542,89
542,48
542,220
542,327
542,236
542,55
542,145
542,219
542,103
542,322
542,36
542,16
542,339
542,118
542,241
542,307
542,371
542,340
542,240
542,109
542,209
542,259
542,357
542,247
542,5
542,139
542,144
542,336
542,135
542,183
542,116
542,393
542,321
542,197
542,332
542,277
542,239
542,146
542,86
542,154
542,214
542,213
542,45
542,51
542,222
542,255
542,331
542,344
542,6
542,395
548,15
548,18
548,22
548,28
548,94
548,32
548,33
548,256
548,37
548,42
548,54
548,60
548,270
548,69
548,72
548,212
548,80
548,81
548,85
548,107
548,126
548,284
548,366
548,319
548,101
548,142
548,147
548,53
548,158
548,177
548,64
548,65
548,66
548,170
548,175
548,171
548,191
548,194
548,199
548,203
548,205
548,207
548,210
548,216
548,233
548,242
548,261
548,10
548,266
548,273
548,279
548,293
548,298
548,299
548,278
548,300
548,301
548,308
548,309
548,313
548,312
548,314
548,317
548,325
548,330
548,73
548,346
548,138
548,348
548,70
548,350
548,195
548,360
548,370
548,137
548,376
548,373
548,27
548,384
548,396
548,180
548,285
548,103
548,181
548,51
548,89
548,48
548,151
548,220
548,55
548,304
548,45
548,36
548,16
548,371
548,340
548,223
548,240
548,109
548,148
548,209
548,259
548,355
548,276
548,222
548,185
548,179
548,341
548,336
548,183
548,47
548,24
548,23
548,218
548,217
548,367
548,277
548,146
548,102
548,115
548,46
548,236
548,328
548,178
548,93
548,327
548,344
549,23
549,42
549,72
549,107
549,113
549,122
549,126
549,53
549,152
549,177
549,207
549,261
549,10
549,266
549,296
549,354
549,396
549,73
549,255
549,380
550,3
550,160
550,18
550,23
550,22
550,26
550,33
550,256
550,40
550,248
550,57
550,72
550,76
550,265
550,330
550,78
550,148
550,80
550,81
550,85
550,234
550,112
550,100
550,101
550,105
550,107
550,113
550,120
550,123
550,131
550,284
550,133
550,319
550,143
550,147
550,37
550,150
550,158
550,166
550,177
550,190
550,202
550,225
550,226
550,233
550,242
550,263
550,257
550,266
550,273
550,274
550,356
550,276
550,278
550,293
550,297
550,299
550,314
550,325
550,329
550,83
550,353
550,238
550,337
550,360
550,377
550,379
550,384
550,391
550,396
550,397
550,68
550,236
550,298
550,304
550,45
550,371
550,340
550,259
550,4
550,135
550,183
550,47
550,141
550,393
550,306
550,307
550,115
550,46
550,255
550,344
552,15
552,18
552,22
552,33
552,256
552,78
552,148
552,113
552,133
552,319
552,101
552,142
552,53
552,176
552,177
552,198
552,199
552,203
552,205
552,207
552,231
552,233
552,266
552,282
552,335
552,202
552,287
552,278
552,303
552,314
552,318
552,383
552,83
552,333
552,348
552,360
552,364
552,137
552,379
552,391
552,396
552,397
552,255
552,219
552,254
552,94
552,299
552,24
552,23
552,394
552,395
552,178
552,93
555,3
555,160
555,13
555,15
555,17
555,22
555,173
555,25
555,26
555,29
555,32
555,33
555,256
555,34
555,37
555,38
555,42
555,248
555,59
555,270
555,273
555,72
555,74
555,76
555,77
555,212
555,78
555,148
555,79
555,81
555,85
555,91
555,92
555,43
555,97
555,100
555,101
555,107
555,108
555,113
555,114
555,344
555,123
555,126
555,131
555,366
555,134
555,286
555,319
555,143
555,147
555,53
555,150
555,152
555,156
555,157
555,161
555,158
555,159
555,163
555,165
555,166
555,177
555,65
555,49
555,182
555,193
555,194
555,198
555,199
555,204
555,206
555,207
555,225
555,226
555,35
555,291
555,272
555,326
555,294
555,233
555,243
555,153
555,261
555,10
555,266
555,269
555,274
555,356
555,275
555,282
555,335
555,202
555,281
555,292
555,293
555,295
555,296
555,298
555,299
555,301
555,309
555,311
555,378
555,314
555,325
555,330
555,83
555,333
555,338
555,340
555,342
555,345
555,346
555,138
555,70
555,350
555,195
555,354
555,358
555,360
555,361
555,364
555,368
555,238
555,137
555,372
555,377
555,379
555,382
555,381
555,392
555,395
555,396
555,398
555,117
555,73
555,180
555,14
555,68
555,181
555,51
555,55
555,118
555,241
555,371
555,240
555,109
555,209
555,259
555,211
555,2
555,111
555,247
555,1
555,285
555,135
555,183
555,306
555,307
555,321
555,56
555,277
555,278
555,50
555,394
555,221
555,45
555,46
555,343
555,179
555,222
555,178
555,93
555,327
555,6
556,3
556,160
556,13
556,15
556,23
556,22
556,30
556,173
556,25
556,26
556,28
556,94
556,29
556,32
556,37
556,74
556,77
556,78
556,148
556,97
556,107
556,113
556,114
556,344
556,123
556,126
556,133
556,319
556,101
556,177
556,182
556,191
556,198
556,199
556,204
556,206
556,207
556,216
556,225
556,233
556,266
556,274
556,356
556,281
556,294
556,296
556,298
556,299
556,314
556,83
556,337
556,345
556,346
556,138
556,70
556,350
556,195
556,354
556,360
556,368
556,238
556,137
556,310
556,379
556,384
556,385
556,386
556,395
556,396
556,398
556,117
556,180
556,14
556,103
556,147
556,181
556,8
556,221
556,16
556,241
556,307
556,211
556,247
556,111
556,106
556,393
556,158
556,56
556,189
556,245
556,351
556,2
556,222
557,3
557,160
557,15
557,30
557,173
557,28
557,94
557,29
557,32
557,33
557,256
557,37
557,78
557,148
557,79
557,81
557,234
557,112
557,107
557,108
557,113
557,114
557,344
557,123
557,126
557,127
557,131
557,284
557,319
557,101
557,143
557,150
557,152
557,159
557,177
557,182
557,198
557,199
557,202
557,204
557,206
557,225
557,226
557,88
557,253
557,233
557,184
557,200
557,266
557,274
557,356
557,293
557,298
557,299
557,301
557,311
557,378
557,314
557,330
557,350
557,195
557,353
557,238
557,337
557,358
557,360
557,368
557,137
557,379
557,391
557,396
557,73
557,181
557,250
557,237
557,307
557,4
557,240
557,109
557,209
557,259
557,158
557,183
557,393
557,394
557,395
557,154
557,222
557,1
557,6
554,3
554,160
554,15
554,18
554,22
554,30
554,173
554,26
554,28
554,94
554,33
554,256
554,34
554,37
554,75
554,273
554,74
554,78
554,148
554,93
554,107
554,108
554,123
554,126
554,284
554,133
554,319
554,101
554,143
554,177
554,182
554,191
554,198
554,204
554,206
554,207
554,225
554,226
554,326
554,233
554,266
554,297
554,298
554,299
554,314
554,318
554,383
554,83
554,337
554,360
554,368
554,137
554,379
554,384
554,396
554,180
554,103
554,181
554,327
554,241
554,307
554,259
554,158
554,2
554,393
554,394
554,395
554,351
554,195
563,2
563,3
563,160
563,13
563,23
563,37
563,40
563,248
563,212
563,78
563,148
563,80
563,81
563,91
563,92
563,43
563,96
563,113
563,114
563,344
563,120
563,123
563,127
563,284
563,134
563,319
563,101
563,147
563,53
563,150
563,152
563,157
563,158
563,177
563,63
563,41
563,64
563,194
563,198
563,199
563,202
563,207
563,224
563,242
563,260
563,264
563,265
563,266
563,273
563,274
563,356
563,283
563,293
563,294
563,295
563,296
563,309
563,314
563,330
563,83
563,338
563,350
563,195
563,354
563,137
563,372
563,377
563,376
563,373
563,379
563,389
563,390
563,396
563,117
563,375
563,14
563,251
563,11
563,305
563,220
563,118
563,241
563,371
563,340
563,1
563,135
563,24
563,393
563,214
563,213
563,222
563,12
567,3
567,160
567,18
567,23
567,22
567,25
567,29
567,32
567,37
567,40
567,41
567,212
567,81
567,85
567,101
567,107
567,113
567,123
567,126
567,319
567,140
567,53
567,150
567,177
567,198
567,199
567,207
567,232
567,233
567,266
567,287
567,293
567,353
567,238
567,337
567,354
567,360
567,377
567,379
567,396
567,14
567,388
567,36
567,94
567,179
567,56
567,222
567,344
567,33
567,256
567,72
567,77
567,80
567,120
567,121
567,127
567,284
567,133
567,134
567,152
567,158
567,159
567,188
567,191
567,205
567,206
567,290
567,225
567,243
567,273
567,274
567,356
567,296
567,299
567,314
567,330
567,338
567,350
567,195
567,368
567,374
567,27
567,391
567,117
567,73
567,387
567,250
567,151
567,155
567,184
567,237
567,236
567,16
567,241
567,371
567,340
567,240
567,109
567,148
567,209
567,183
567,306
567,307
567,2
567,115
567,128
567,208
567,6
567,395
569,15
569,26
569,75
569,62
569,78
569,148
569,107
569,113
569,138
569,319
569,101
569,147
569,37
569,159
569,177
569,182
569,191
569,198
569,233
569,266
569,299
569,278
569,313
569,312
569,137
569,379
569,396
569,123
569,179
569,277
569,222
570,113
570,319
570,101
570,177
570,272
570,266
570,379
570,396
570,109
607,3
607,160
607,22
607,26
607,28
607,94
607,29
607,33
607,256
607,37
607,42
607,44
607,103
607,57
607,60
607,267
607,72
607,212
607,78
607,148
607,80
607,81
607,85
607,96
607,101
607,105
607,106
607,107
607,113
607,123
607,126
607,131
607,284
607,366
607,138
607,319
607,143
607,147
607,53
607,150
607,156
607,158
607,177
607,65
607,175
607,171
607,188
607,192
607,194
607,198
607,199
607,203
607,204
607,205
607,206
607,207
607,290
607,210
607,215
607,216
607,232
607,233
607,242
607,87
607,253
607,257
607,266
607,273
607,274
607,356
607,287
607,293
607,299
607,314
607,317
607,337
607,340
607,342
607,353
607,238
607,354
607,360
607,364
607,137
607,372
607,379
607,384
607,396
607,398
607,397
607,117
607,73
607,61
607,285
607,8
607,221
607,55
607,339
607,118
607,241
607,240
607,109
607,209
607,259
607,1
607,357
607,247
607,341
607,324
607,393
607,2
607,321
607,197
607,14
607,146
607,214
607,213
607,46
607,236
607,208
607,12
571,3
571,160
571,18
571,21
571,29
571,33
571,256
571,37
571,38
571,41
571,72
571,78
571,148
571,79
571,81
571,124
571,101
571,105
571,107
571,113
571,114
571,344
571,120
571,123
571,126
571,284
571,319
571,143
571,147
571,176
571,177
571,66
571,198
571,207
571,290
571,210
571,224
571,326
571,88
571,253
571,294
571,231
571,261
571,10
571,266
571,274
571,356
571,280
571,281
571,295
571,296
571,299
571,314
571,318
571,383
571,330
571,83
571,70
571,350
571,195
571,353
571,238
571,337
571,354
571,364
571,368
571,310
571,374
571,391
571,396
571,398
571,117
571,14
571,236
571,16
571,240
571,109
571,209
571,259
571,94
571,4
571,11
571,1
571,341
571,135
571,393
571,56
571,199
571,222
571,395
572,0
572,3
572,22
572,28
572,94
572,39
572,40
572,78
572,148
572,107
572,130
572,319
572,101
572,53
572,152
572,176
572,207
572,224
572,233
572,266
572,274
572,356
572,296
572,299
572,300
572,318
572,383
572,350
572,195
572,354
572,360
572,368
572,117
572,251
572,11
572,369
572,236
572,235
572,113
572,359
572,288
572,289
572,315
573,104
573,101
573,212
573,130
573,284
573,199
573,352
573,137
573,61
573,255
576,15
576,18
576,20
576,23
576,22
576,28
576,94
576,29
576,248
576,57
576,60
576,74
576,78
576,148
576,80
576,81
576,234
576,112
576,124
576,100
576,105
576,107
576,113
576,114
576,344
576,121
576,122
576,123
576,126
576,284
576,132
576,319
576,101
576,140
576,143
576,53
576,158
576,167
576,176
576,177
576,63
576,64
576,182
576,194
576,195
576,198
576,199
576,204
576,206
576,207
576,290
576,210
576,225
576,230
576,231
576,232
576,233
576,58
576,242
576,246
576,200
576,266
576,273
576,279
576,283
576,298
576,314
576,315
576,83
576,333
576,253
576,354
576,360
576,368
576,376
576,373
576,379
576,27
576,389
576,390
576,391
576,396
576,398
576,397
576,117
576,375
576,387
576,14
576,68
576,181
576,220
576,236
576,241
576,307
576,371
576,340
576,254
576,139
576,135
576,183
576,141
576,393
576,306
576,197
576,146
576,394
576,395
576,154
576,351
576,46
576,222
576,258
581,101
581,324
581,137
581,306
581,307
588,2
588,39
588,248
588,78
588,148
588,79
588,114
588,344
588,131
588,284
588,319
588,101
588,143
588,163
588,176
588,64
588,207
588,273
588,315
588,83
588,354
588,358
588,385
588,386
588,375
588,14
588,305
588,145
588,110
588,144
588,197
588,347
588,293
588,53
588,152
588,393
182,23
182,26
182,107
182,113
182,126
182,319
182,101
182,143
182,152
182,158
182,163
182,64
182,198
182,207
182,210
182,260
182,266
182,314
182,337
182,354
182,137
182,376
182,373
182,379
182,27
182,395
182,117
182,375
182,371
182,340
182,24
590,15
590,22
590,173
590,25
590,28
590,94
590,29
590,33
590,256
590,79
590,81
590,100
590,107
590,113
590,126
590,284
590,133
590,319
590,101
590,53
590,152
590,176
590,177
590,65
590,66
590,49
590,170
590,182
590,198
590,207
590,225
590,326
590,232
590,233
590,87
590,253
590,264
590,266
590,276
590,278
590,279
590,282
590,335
590,202
590,296
590,298
590,299
590,313
590,312
590,314
590,315
590,318
590,383
590,354
590,360
590,368
590,379
590,384
590,396
590,397
590,375
590,73
590,14
590,181
590,227
590,240
590,109
590,148
590,209
590,259
590,158
590,123
590,110
590,127
590,239
590,363
591,3
591,160
591,15
591,18
591,23
591,22
591,30
591,173
591,25
591,26
591,28
591,94
591,29
591,32
591,33
591,256
591,34
591,37
591,39
591,40
591,42
591,72
591,78
591,148
591,79
591,81
591,85
591,234
591,112
591,101
591,105
591,107
591,113
591,120
591,123
591,126
591,130
591,284
591,366
591,134
591,138
591,319
591,53
591,150
591,152
591,156
591,165
591,166
591,177
591,182
591,194
591,196
591,198
591,202
591,206
591,207
591,290
591,225
591,226
591,294
591,233
591,87
591,253
591,257
591,261
591,10
591,264
591,266
591,271
591,369
591,274
591,356
591,281
591,296
591,297
591,299
591,278
591,309
591,314
591,317
591,318
591,383
591,325
591,329
591,330
591,338
591,346
591,350
591,195
591,352
591,353
591,238
591,337
591,354
591,360
591,364
591,368
591,137
591,372
591,310
591,377
591,379
591,384
591,389
591,390
591,391
591,396
591,117
591,14
591,250
591,51
591,255
591,118
591,240
591,109
591,209
591,259
591,244
591,135
591,393
591,306
591,307
591,258
591,146
591,347
591,293
591,48
591,201
591,52
591,343
591,222
591,344
304,2
304,3
304,160
304,7
304,20
304,23
304,26
304,28
304,94
304,29
304,32
304,248
304,212
304,80
304,82
304,98
304,101
304,106
304,107
304,113
304,123
304,130
304,131
304,284
304,132
304,286
304,319
304,143
304,147
304,37
304,53
304,157
304,158
304,163
304,165
304,176
304,177
304,63
304,65
304,66
304,175
304,171
304,188
304,198
304,199
304,205
304,207
304,210
304,215
304,224
304,35
304,291
304,231
304,232
304,153
304,261
304,10
304,266
304,268
304,273
304,276
304,278
304,293
304,297
304,299
304,300
304,314
304,315
304,317
304,83
304,337
304,353
304,238
304,354
304,361
304,137
304,372
304,379
304,384
304,391
304,392
304,396
304,398
304,397
304,221
304,251
304,11
304,68
304,255
304,16
304,118
304,241
304,104
304,371
304,340
304,240
304,109
304,148
304,209
304,259
304,256
304,211
304,4
304,139
304,339
304,323
304,151
304,263
304,116
304,324
304,24
304,341
304,321
304,56
304,277
304,347
304,351
304,195
304,9
304,214
304,213
304,222
304,363
593,198
593,314
593,318
593,383
593,392
593,68
593,104
593,101
593,212
594,15
594,30
594,28
594,94
594,37
594,81
594,107
594,113
594,319
594,101
594,165
594,177
594,194
594,198
594,290
594,225
594,226
594,233
594,87
594,253
594,266
594,297
594,318
594,383
594,360
594,379
594,384
594,391
594,396
594,14
594,306
594,307
594,201
594,52
595,2
595,3
595,160
595,13
595,21
595,23
595,26
595,28
595,94
595,29
595,31
595,32
595,33
595,256
595,37
595,38
595,42
595,248
595,57
595,60
595,72
595,77
595,212
595,78
595,148
595,80
595,81
595,82
595,85
595,90
595,234
595,112
595,124
595,96
595,100
595,107
595,108
595,113
595,114
595,344
595,119
595,291
595,120
595,121
595,123
595,126
595,127
595,129
595,132
595,136
595,161
595,319
595,101
595,143
595,147
595,53
595,150
595,152
595,156
595,157
595,158
595,176
595,177
595,63
595,64
595,188
595,190
595,192
595,195
595,198
595,199
595,202
595,206
595,207
595,290
595,210
595,35
595,230
595,88
595,253
595,231
595,233
595,242
595,87
595,266
595,273
595,274
595,356
595,283
595,287
595,293
595,294
595,296
595,299
595,311
595,378
595,314
595,317
595,330
595,83
595,73
595,337
595,348
595,350
595,352
595,353
595,238
595,354
595,390
595,364
595,368
595,137
595,310
595,376
595,373
595,379
595,27
595,391
595,396
595,397
595,399
595,117
595,375
595,349
595,99
595,14
595,251
595,11
595,285
595,250
595,220
595,8
595,221
595,219
595,36
595,241
595,371
595,340
595,235
595,240
595,109
595,209
595,259
595,71
595,211
595,110
595,111
595,244
595,5
595,139
595,179
595,135
595,183
595,151
595,154
595,116
595,141
595,24
595,393
595,4
595,56
595,84
595,394
595,395
595,115
595,351
595,201
595,52
595,214
595,213
595,128
595,222
595,255
595,328
595,208
595,331
595,265
595,315
595,149
598,0
598,3
598,160
598,15
598,18
598,22
598,30
598,26
598,28
598,94
598,37
598,39
598,248
598,60
598,67
598,273
598,82
598,100
598,105
598,107
598,113
598,114
598,344
598,284
598,133
598,366
598,138
598,319
598,101
598,143
598,147
598,53
598,177
598,65
598,49
598,175
598,171
598,198
598,204
598,224
598,233
598,184
598,263
598,266
598,274
598,356
598,280
598,283
598,293
598,295
598,314
598,315
598,334
598,83
598,346
598,360
598,364
598,379
598,391
598,396
598,397
598,14
598,251
598,11
598,305
598,181
598,236
598,298
598,255
598,339
598,241
598,371
598,340
598,235
598,103
598,359
598,288
598,289
598,238
598,393
598,4
598,306
598,307
598,158
598,394
598,395
598,178
598,93
601,18
601,20
601,22
601,28
601,94
601,37
601,44
601,103
601,57
601,212
601,81
601,101
601,107
601,113
601,114
601,344
601,126
601,127
601,284
601,319
601,147
601,53
601,158
601,176
601,177
601,175
601,171
601,198
601,326
601,342
601,233
601,266
601,269
601,273
601,279
601,293
601,297
601,278
601,317
601,83
601,348
601,360
601,370
601,137
601,27
601,396
601,398
601,73
601,51
601,89
601,48
601,298
601,341
601,371
601,340
601,240
601,109
601,148
601,209
601,123
601,110
601,355
601,185
601,179
601,183
601,321
601,146
601,201
601,52
601,214
601,213
601,46
601,180
602,114
602,344
602,319
602,101
602,176
602,177
602,198
602,207
602,83
602,368
602,379
602,117
602,349
602,99
112,2
112,32
112,37
112,78
112,148
112,124
112,101
112,113
112,114
112,344
112,284
112,319
112,147
112,53
112,152
112,176
112,207
112,352
112,358
112,79
112,119
112,393
112,3
112,160
112,23
112,39
112,81
112,107
112,177
112,123
112,198
112,260
112,266
112,274
112,356
112,296
112,350
112,195
112,354
112,379
112,396
112,375
112,14
112,345
112,127
112,135
112,116
112,21
112,222
112,12
112,25
112,26
112,29
112,40
112,248
112,72
112,77
112,90
112,96
112,97
112,100
112,104
112,291
112,131
112,161
112,63
112,49
112,194
112,204
112,205
112,206
112,224
112,230
112,229
112,317
112,231
112,232
112,200
112,261
112,10
112,264
112,300
112,314
112,83
112,337
112,353
112,238
112,389
112,390
112,391
112,117
112,387
112,349
112,99
112,305
112,51
112,388
112,220
112,145
112,118
112,172
112,254
112,110
112,320
112,137
112,341
112,141
112,321
112,197
112,56
112,50
112,126
112,347
112,293
112,120
112,328
112,315
112,149
604,0
604,3
604,2
604,160
604,15
604,18
604,19
604,23
604,22
604,30
604,173
604,26
604,28
604,94
604,29
604,31
604,32
604,33
604,256
604,34
604,37
604,38
604,248
604,60
604,59
604,74
604,76
604,77
604,212
604,78
604,148
604,79
604,81
604,82
604,85
604,91
604,92
604,43
604,234
604,112
604,124
604,100
604,105
604,107
604,108
604,113
604,114
604,344
604,123
604,126
604,127
604,130
604,284
604,133
604,366
604,134
604,136
604,138
604,286
604,319
604,101
604,147
604,150
604,156
604,157
604,161
604,158
604,159
604,164
604,165
604,167
604,176
604,177
604,65
604,66
604,168
604,49
604,170
604,175
604,171
604,182
604,188
604,125
604,194
604,198
604,199
604,203
604,204
604,205
604,206
604,207
604,210
604,216
604,225
604,326
604,233
604,184
604,242
604,243
604,246
604,249
604,87
604,253
604,200
604,261
604,10
604,264
604,266
604,269
604,271
604,369
604,273
604,274
604,356
604,275
604,276
604,278
604,279
604,287
604,296
604,297
604,298
604,299
604,301
604,309
604,311
604,378
604,313
604,312
604,314
604,318
604,383
604,325
604,330
604,334
604,83
604,337
604,338
604,340
604,346
604,348
604,252
604,70
604,350
604,195
604,352
604,353
604,238
604,354
604,358
604,360
604,364
604,368
604,370
604,137
604,310
604,374
604,377
604,376
604,373
604,379
604,384
604,385
604,386
604,391
604,395
604,396
604,397
604,399
604,117
604,375
604,73
604,180
604,14
604,251
604,11
604,285
604,103
604,68
604,181
604,258
604,51
604,89
604,48
604,220
604,327
604,236
604,322
604,172
604,241
604,371
604,235
604,4
604,240
604,109
604,209
604,259
604,1
604,110
604,5
604,119
604,139
604,179
604,135
604,336
604,323
604,183
604,151
604,116
604,24
604,393
604,306
604,307
604,218
604,217
604,197
604,239
604,120
604,394
604,86
604,46
604,222
604,328
604,208
604,178
604,93
964,29
964,37
964,39
964,77
964,81
964,113
964,114
964,344
964,284
964,319
964,101
964,147
964,53
964,163
964,177
964,290
964,225
964,233
964,200
964,266
964,280
964,283
964,299
964,314
964,315
964,83
964,337
964,343
964,350
964,195
964,354
964,368
964,396
964,398
964,117
964,375
964,14
964,184
964,237
964,240
964,109
964,148
964,209
964,254
964,158
964,123
964,97
964,139
964,135
964,393
964,274
964,222
689,23
689,26
689,31
689,37
689,38
689,42
689,44
689,103
689,60
689,72
689,77
689,78
689,148
689,82
689,124
689,101
689,104
689,108
689,113
689,114
689,344
689,119
689,291
689,120
689,126
689,284
689,319
689,143
689,152
689,158
689,162
689,177
689,63
689,41
689,64
689,175
689,171
689,125
689,190
689,198
689,199
689,202
689,207
689,210
689,230
689,266
689,273
689,274
689,356
689,282
689,335
689,299
689,300
689,315
689,330
689,83
689,73
689,337
689,348
689,364
689,368
689,238
689,137
689,374
689,379
689,27
689,389
689,390
689,396
689,375
689,61
689,14
689,99
689,235
689,254
689,110
689,29
689,149
689,355
689,139
689,341
689,359
689,288
689,289
689,324
689,24
689,393
689,56
689,277
689,278
689,394
689,395
689,351
689,195
689,293
608,0
608,3
608,160
608,18
608,22
608,32
608,40
608,72
608,212
608,107
608,319
608,101
608,53
608,177
608,66
608,175
608,171
608,198
608,261
608,10
608,266
608,83
608,379
608,396
608,336
608,298
608,23
608,28
608,94
608,41
608,76
608,96
608,286
608,142
608,152
608,210
608,233
608,268
608,269
608,279
608,303
608,337
608,348
608,360
608,361
608,370
608,376
608,373
608,27
608,73
608,61
608,181
608,241
608,371
608,340
608,189
608,245
608,201
608,52
608,46
609,352
609,79
609,144
610,3
610,160
610,15
610,18
610,20
610,21
610,23
610,22
610,173
610,25
610,26
610,28
610,94
610,32
610,33
610,256
610,37
610,40
610,248
610,75
610,57
610,60
610,270
610,72
610,74
610,76
610,77
610,212
610,78
610,148
610,79
610,80
610,81
610,85
610,93
610,97
610,98
610,101
610,107
610,113
610,119
610,291
610,126
610,127
610,284
610,132
610,366
610,319
610,140
610,142
610,143
610,147
610,53
610,152
610,158
610,159
610,176
610,63
610,64
610,65
610,168
610,170
610,175
610,171
610,187
610,194
610,195
610,198
610,199
610,203
610,205
610,207
610,210
610,215
610,326
610,317
610,233
610,242
610,121
610,153
610,261
610,10
610,266
610,268
610,269
610,273
610,275
610,293
610,294
610,296
610,297
610,298
610,299
610,278
610,300
610,303
610,308
610,309
610,311
610,378
610,313
610,312
610,314
610,316
610,325
610,329
610,333
610,83
610,346
610,138
610,348
610,352
610,360
610,361
610,364
610,369
610,137
610,310
610,374
610,376
610,373
610,379
610,27
610,384
610,389
610,390
610,391
610,396
610,73
610,180
610,387
610,349
610,99
610,14
610,181
610,95
610,388
610,341
610,241
610,371
610,340
610,223
610,240
610,109
610,209
610,259
610,254
610,110
610,355
610,144
610,185
610,336
610,183
610,393
610,56
610,154
610,115
610,48
610,214
610,213
610,46
610,128
610,375
610,182
610,328
610,208
610,178
610,315
610,327
610,344
610,395
614,0
614,3
614,160
614,13
614,15
614,18
614,23
614,28
614,94
614,29
614,32
614,37
614,39
614,248
614,57
614,212
614,78
614,148
614,81
614,234
614,112
614,97
614,98
614,102
614,107
614,113
614,114
614,344
614,284
614,132
614,133
614,319
614,101
614,140
614,143
614,147
614,53
614,152
614,158
614,163
614,167
614,176
614,177
614,41
614,64
614,65
614,66
614,182
614,195
614,199
614,290
614,210
614,225
614,233
614,242
614,260
614,261
614,10
614,266
614,273
614,274
614,356
614,280
614,282
614,335
614,202
614,296
614,299
614,278
614,300
614,314
614,315
614,318
614,383
614,83
614,343
614,345
614,348
614,70
614,353
614,238
614,337
614,354
614,360
614,364
614,368
614,310
614,376
614,373
614,379
614,27
614,389
614,390
614,396
614,398
614,397
614,117
614,375
614,387
614,14
614,251
614,11
614,236
614,298
614,241
614,307
614,371
614,340
614,123
614,240
614,109
614,209
614,110
614,120
614,135
614,183
614,393
614,50
614,84
614,189
614,245
614,214
614,213
614,46
614,128
614,222
614,363
618,3
618,160
618,15
618,19
618,21
618,23
618,22
618,30
618,173
618,25
618,26
618,28
618,94
618,29
618,32
618,33
618,256
618,34
618,37
618,38
618,39
618,40
618,42
618,44
618,103
618,54
618,59
618,62
618,270
618,72
618,212
618,79
618,81
618,85
618,91
618,92
618,43
618,234
618,112
618,124
618,96
618,100
618,105
618,106
618,107
618,113
618,114
618,344
618,120
618,122
618,123
618,126
618,127
618,129
618,130
618,284
618,138
618,286
618,319
618,101
618,147
618,53
618,150
618,152
618,156
618,157
618,158
618,165
618,166
618,177
618,64
618,182
618,192
618,190
618,194
618,198
618,205
618,206
618,207
618,290
618,216
618,224
618,225
618,226
618,35
618,291
618,229
618,231
618,233
618,87
618,253
618,200
618,263
618,266
618,271
618,369
618,273
618,274
618,356
618,281
618,287
618,293
618,296
618,297
618,299
618,301
618,309
618,311
618,378
618,314
618,318
618,383
618,325
618,329
618,330
618,338
618,346
618,348
618,70
618,350
618,195
618,353
618,238
618,337
618,354
618,360
618,364
618,137
618,310
618,377
618,376
618,373
618,379
618,382
618,381
618,384
618,385
618,386
618,391
618,396
618,397
618,117
618,387
618,14
618,305
618,285
618,68
618,250
618,366
618,388
618,236
618,55
618,241
618,307
618,371
618,340
618,235
618,4
618,240
618,109
618,148
618,209
618,259
618,254
618,211
618,52
618,202
618,135
618,183
618,393
618,306
618,146
618,394
618,395
618,115
618,201
618,179
618,51
618,222
618,255
618,331
618,265
618,180
619,2
619,3
619,160
619,18
619,23
619,22
619,173
619,25
619,26
619,28
619,94
619,29
619,33
619,256
619,37
619,42
619,67
619,72
619,74
619,80
619,81
619,85
619,101
619,104
619,106
619,107
619,113
619,120
619,123
619,126
619,127
619,284
619,136
619,138
619,319
619,147
619,53
619,150
619,152
619,156
619,158
619,162
619,177
619,170
619,175
619,171
619,182
619,186
619,187
619,191
619,193
619,194
619,198
619,202
619,210
619,215
619,225
619,326
619,294
619,87
619,253
619,257
619,153
619,261
619,10
619,266
619,271
619,369
619,273
619,274
619,356
619,275
619,281
619,293
619,296
619,297
619,299
619,278
619,301
619,309
619,313
619,312
619,314
619,325
619,329
619,338
619,340
619,346
619,350
619,195
619,352
619,353
619,238
619,337
619,360
619,368
619,372
619,310
619,377
619,376
619,373
619,379
619,384
619,391
619,396
619,398
619,117
619,73
619,180
619,14
619,89
619,48
619,255
619,145
619,36
619,16
619,118
619,172
619,241
619,371
619,240
619,109
619,148
619,209
619,259
619,211
619,183
619,157
619,24
619,393
619,272
619,258
619,239
619,217
619,46
619,343
619,222
619,328
619,327
619,344
620,2
620,3
620,160
620,15
620,18
620,23
620,22
620,30
620,173
620,26
620,28
620,94
620,29
620,31
620,32
620,166
620,38
620,75
620,270
620,72
620,76
620,77
620,78
620,148
620,81
620,93
620,100
620,101
620,105
620,107
620,108
620,113
620,114
620,344
620,119
620,291
620,123
620,126
620,130
620,284
620,366
620,134
620,138
620,319
620,147
620,37
620,53
620,150
620,152
620,156
620,157
620,159
620,165
620,167
620,177
620,66
620,170
620,175
620,171
620,182
620,194
620,195
620,196
620,198
620,199
620,204
620,206
620,207
620,225
620,233
620,266
620,271
620,369
620,274
620,356
620,287
620,293
620,296
620,299
620,278
620,300
620,313
620,312
620,314
620,315
620,317
620,318
620,383
620,325
620,83
620,337
620,346
620,348
620,252
620,350
620,353
620,238
620,354
620,360
620,361
620,364
620,370
620,137
620,310
620,379
620,384
620,391
620,396
620,398
620,298
620,255
620,235
620,121
620,240
620,109
620,209
620,4
620,355
620,145
620,1
620,341
620,323
620,151
620,393
620,56
620,189
620,245
620,222
620,208
620,327
620,380
624,3
624,160
624,21
624,23
624,25
624,26
624,29
624,31
624,33
624,256
624,38
624,40
624,42
624,248
624,75
624,54
624,60
624,59
624,72
624,77
624,78
624,148
624,79
624,85
624,107
624,108
624,113
624,114
624,344
624,120
624,123
624,126
624,129
624,284
624,286
624,319
624,101
624,143
624,147
624,37
624,53
624,152
624,158
624,177
624,63
624,64
624,65
624,170
624,199
624,202
624,207
624,210
624,326
624,88
624,253
624,261
624,10
624,266
624,273
624,274
624,356
624,293
624,299
624,301
624,314
624,317
624,330
624,334
624,83
624,337
624,333
624,338
624,353
624,238
624,361
624,362
624,364
624,137
624,372
624,377
624,376
624,373
624,379
624,27
624,389
624,391
624,396
624,117
624,387
624,349
624,99
624,14
624,285
624,250
624,51
624,220
624,262
624,327
624,219
624,118
624,240
624,109
624,209
624,320
624,141
624,24
624,332
624,73
624,56
624,146
624,149
624,48
624,351
624,195
624,222
624,178
624,93
624,6
624,395
625,3
625,160
625,23
625,26
625,32
625,33
625,256
625,34
625,248
625,54
625,60
625,267
625,78
625,148
625,85
625,107
625,113
625,120
625,126
625,132
625,319
625,101
625,142
625,143
625,53
625,150
625,152
625,158
625,177
625,63
625,64
625,169
625,198
625,199
625,207
625,210
625,230
625,242
625,266
625,273
625,293
625,294
625,297
625,299
625,314
625,317
625,325
625,83
625,337
625,340
625,253
625,352
625,353
625,238
625,361
625,362
625,368
625,137
625,376
625,373
625,379
625,27
625,396
625,305
625,220
625,262
625,255
625,219
625,235
625,109
625,24
625,56
625,240
625,344
625,149
626,0
626,3
626,25
626,28
626,94
626,29
626,31
626,32
626,37
626,38
626,39
626,42
626,60
626,67
626,267
626,72
626,77
626,212
626,78
626,148
626,79
626,90
626,107
626,113
626,120
626,126
626,319
626,101
626,142
626,147
626,53
626,152
626,176
626,177
626,63
626,123
626,169
626,170
626,175
626,171
626,190
626,199
626,207
626,224
626,88
626,253
626,294
626,240
626,87
626,200
626,257
626,261
626,10
626,264
626,266
626,268
626,279
626,282
626,335
626,202
626,287
626,293
626,295
626,299
626,278
626,300
626,314
626,317
626,325
626,330
626,83
626,337
626,350
626,195
626,352
626,353
626,238
626,354
626,361
626,364
626,368
626,379
626,385
626,386
626,389
626,396
626,399
626,375
626,73
626,61
626,349
626,99
626,14
626,258
626,388
626,262
626,255
626,341
626,219
626,235
626,109
626,209
626,259
626,256
626,71
626,110
626,21
626,144
626,141
626,24
626,23
626,149
626,227
626,121
626,56
626,146
626,394
626,395
626,86
626,85
626,189
626,245
626,351
626,178
626,93
626,65
626,363
626,221
627,3
627,160
627,21
627,23
627,25
627,26
627,29
627,31
627,32
627,33
627,256
627,37
627,38
627,40
627,41
627,42
627,248
627,54
627,60
627,267
627,72
627,77
627,78
627,148
627,79
627,80
627,81
627,85
627,90
627,124
627,107
627,113
627,120
627,122
627,123
627,126
627,127
627,284
627,132
627,366
627,134
627,319
627,101
627,142
627,143
627,53
627,152
627,158
627,177
627,63
627,64
627,65
627,66
627,169
627,170
627,175
627,171
627,125
627,195
627,198
627,199
627,202
627,207
627,210
627,215
627,35
627,291
627,230
627,242
627,87
627,253
627,200
627,257
627,260
627,261
627,10
627,264
627,266
627,268
627,273
627,282
627,335
627,293
627,294
627,295
627,296
627,297
627,299
627,301
627,308
627,314
627,317
627,325
627,328
627,330
627,333
627,334
627,83
627,336
627,73
627,337
627,345
627,346
627,138
627,70
627,350
627,352
627,353
627,238
627,354
627,361
627,362
627,364
627,368
627,137
627,376
627,373
627,379
627,27
627,384
627,385
627,386
627,389
627,391
627,396
627,399
627,117
627,375
627,310
627,14
627,251
627,11
627,305
627,285
627,250
627,51
627,365
627,388
627,220
627,262
627,219
627,339
627,371
627,340
627,240
627,109
627,209
627,1
627,4
627,356
627,71
627,359
627,288
627,289
627,178
627,141
627,24
627,393
627,149
627,227
627,56
627,277
627,278
627,84
627,146
627,86
627,351
627,128
627,222
627,255
627,327
627,358
627,344
627,395
627,6
1130,31
1130,77
1130,130
1130,152
1130,63
1130,169
1130,199
1130,230
1130,282
1130,335
1130,317
1130,253
1130,350
1130,361
1130,362
1130,385
1130,386
1130,117
1130,73
1130,71
1130,368
1130,24
1130,38
1130,221
628,0
628,3
628,23
628,26
628,29
628,31
628,42
628,60
628,69
628,267
628,77
628,78
628,148
628,81
628,90
628,107
628,113
628,123
628,126
628,129
628,53
628,176
628,177
628,63
628,175
628,171
628,182
628,190
628,198
628,207
628,230
628,200
628,264
628,266
628,283
628,293
628,295
628,299
628,315
628,325
628,83
628,73
628,337
628,345
628,350
628,195
628,354
628,364
628,137
628,376
628,373
628,385
628,386
628,389
628,392
628,396
628,399
628,117
628,14
628,258
628,109
628,24
628,158
628,149
628,99
628,255
628,344
628,227
623,90
623,113
623,126
623,53
623,152
623,177
623,198
623,207
623,230
623,266
623,295
623,325
623,333
623,352
623,368
623,396
623,73
623,14
623,24
623,23
623,149
629,21
629,23
629,25
629,26
629,29
629,31
629,32
629,60
629,67
629,72
629,77
629,78
629,148
629,79
629,85
629,90
629,96
629,107
629,114
629,344
629,120
629,126
629,130
629,319
629,101
629,142
629,53
629,152
629,176
629,177
629,63
629,41
629,169
629,170
629,175
629,171
629,199
629,207
629,326
629,230
629,294
629,261
629,10
629,264
629,266
629,268
629,279
629,283
629,287
629,293
629,295
629,299
629,311
629,378
629,313
629,312
629,314
629,315
629,317
629,318
629,383
629,325
629,334
629,337
629,253
629,70
629,353
629,113
629,238
629,354
629,361
629,362
629,364
629,368
629,137
629,379
629,385
629,386
629,389
629,390
629,391
629,396
629,399
629,221
629,117
629,375
629,73
629,14
629,285
629,258
629,262
629,235
629,110
629,109
629,355
629,393
629,38
629,149
629,227
629,321
629,56
629,146
629,65
630,21
630,23
630,25
630,26
630,31
630,32
630,33
630,256
630,60
630,67
630,77
630,78
630,148
630,85
630,90
630,126
630,130
630,284
630,142
630,53
630,152
630,176
630,177
630,63
630,169
630,175
630,171
630,198
630,207
630,230
630,87
630,253
630,261
630,10
630,264
630,266
630,268
630,293
630,314
630,317
630,334
630,83
630,337
630,70
630,350
630,195
630,353
630,113
630,238
630,361
630,362
630,137
630,379
630,385
630,386
630,389
630,390
630,396
630,399
630,117
630,73
630,262
630,235
630,71
630,326
630,110
630,109
630,355
630,368
630,24
630,38
630,149
630,321
630,56
630,273
630,65
630,221
631,19
631,25
631,28
631,94
631,37
631,40
631,42
631,60
631,212
631,79
631,81
631,124
631,107
631,113
631,120
631,123
631,126
631,127
631,284
631,319
631,101
631,53
631,159
631,177
631,169
631,170
631,198
631,199
631,207
631,266
631,283
631,293
631,299
631,301
631,314
631,325
631,330
631,350
631,195
631,353
631,238
631,337
631,354
631,379
631,385
631,386
631,391
631,396
631,73
631,180
631,285
631,388
631,149
631,56
631,146
631,208
631,344
632,3
632,160
632,23
632,26
632,34
632,38
632,40
632,42
632,60
632,59
632,67
632,72
632,212
632,79
632,81
632,85
632,124
632,107
632,113
632,120
632,123
632,126
632,127
632,284
632,134
632,319
632,101
632,143
632,147
632,37
632,150
632,152
632,158
632,163
632,177
632,64
632,175
632,171
632,125
632,198
632,199
632,202
632,207
632,210
632,215
632,230
632,242
632,260
632,264
632,266
632,273
632,274
632,356
632,293
632,296
632,299
632,278
632,301
632,314
632,330
632,333
632,338
632,348
632,350
632,195
632,352
632,354
632,358
632,364
632,368
632,370
632,372
632,310
632,377
632,376
632,373
632,379
632,395
632,396
632,399
632,117
632,375
632,365
632,145
632,371
632,340
632,259
632,256
632,144
632,393
632,218
632,217
632,1
632,222
632,216
632,344
632,6
633,2
633,3
633,160
633,15
633,23
633,22
633,30
633,173
633,25
633,26
633,28
633,94
633,29
633,32
633,33
633,256
633,34
633,37
633,38
633,57
633,72
633,265
633,330
633,212
633,79
633,80
633,81
633,85
633,124
633,101
633,106
633,107
633,113
633,120
633,123
633,126
633,129
633,130
633,284
633,366
633,134
633,286
633,319
633,147
633,53
633,150
633,152
633,157
633,161
633,158
633,165
633,166
633,177
633,64
633,182
633,194
633,195
633,196
633,198
633,199
633,205
633,206
633,207
633,290
633,210
633,216
633,225
633,226
633,233
633,242
633,87
633,253
633,257
633,261
633,10
633,266
633,271
633,369
633,273
633,274
633,356
633,279
633,282
633,335
633,202
633,293
633,297
633,299
633,301
633,309
633,313
633,312
633,314
633,317
633,325
633,329
633,343
633,70
633,352
633,353
633,238
633,337
633,354
633,360
633,364
633,368
633,137
633,372
633,377
633,376
633,373
633,379
633,27
633,384
633,391
633,396
633,398
633,399
633,221
633,117
633,73
633,14
633,251
633,11
633,181
633,51
633,255
633,55
633,241
633,307
633,371
633,340
633,235
633,240
633,109
633,148
633,209
633,259
633,211
633,4
633,355
633,183
633,393
633,306
633,327
633,258
633,56
633,50
633,285
633,146
633,394
633,395
633,149
633,189
633,245
633,115
633,387
633,201
633,52
633,128
633,84
633,236
633,344
635,0
635,3
635,160
635,18
635,22
635,25
635,28
635,94
635,32
635,37
635,42
635,270
635,76
635,212
635,78
635,148
635,80
635,81
635,85
635,96
635,105
635,107
635,113
635,119
635,291
635,123
635,126
635,284
635,319
635,101
635,142
635,147
635,53
635,150
635,152
635,158
635,159
635,177
635,63
635,64
635,175
635,171
635,188
635,191
635,198
635,199
635,205
635,206
635,207
635,290
635,210
635,225
635,326
635,233
635,242
635,87
635,253
635,261
635,10
635,266
635,269
635,273
635,279
635,293
635,297
635,299
635,309
635,316
635,330
635,333
635,337
635,345
635,348
635,70
635,350
635,195
635,353
635,238
635,360
635,361
635,362
635,370
635,372
635,27
635,385
635,386
635,391
635,396
635,397
635,73
635,8
635,221
635,262
635,304
635,45
635,36
635,240
635,109
635,209
635,336
635,47
635,24
635,23
635,2
635,227
635,56
635,394
635,395
635,86
635,154
635,48
635,351
635,222
635,208
635,327
635,325
635,344
637,19
637,39
637,77
637,81
637,107
637,113
637,114
637,344
637,127
637,176
637,177
637,290
637,231
637,266
637,276
637,278
637,296
637,299
637,343
637,350
637,195
637,353
637,238
637,337
637,368
637,310
637,117
637,375
637,73
637,139
637,135
637,306
637,307
637,197
637,14
637,244
638,32
638,60
638,85
638,97
638,319
638,101
638,53
638,176
638,63
638,64
638,182
638,188
638,194
638,196
638,207
638,225
638,230
638,266
638,268
638,333
638,73
638,396
638,180
638,181
638,184
638,237
638,14
638,183
638,387
638,208
640,15
640,30
640,28
640,94
640,37
640,133
640,147
640,53
640,167
640,182
640,191
640,194
640,198
640,225
640,240
640,266
640,276
640,278
640,315
640,83
640,360
640,384
640,396
640,181
640,184
640,237
640,123
640,109
640,148
640,209
640,244
640,299
640,106
640,319
640,239
640,158
641,42
641,59
641,79
641,106
641,108
641,113
641,177
641,198
641,199
641,216
641,293
641,301
641,314
641,330
641,334
641,338
641,305
641,68
641,8
641,221
641,145
641,116
641,86
641,85
641,347
641,222
641,6
641,395
642,25
642,32
642,37
642,60
642,113
642,126
642,152
642,177
642,63
642,199
642,207
642,266
642,274
642,356
642,295
642,296
642,317
642,83
642,350
642,195
642,354
642,368
642,391
642,387
642,393
642,222
643,173
643,25
643,105
643,113
643,319
643,101
643,152
643,177
643,207
643,266
643,353
643,238
643,337
643,396
643,285
643,235
643,56
643,354
646,72
646,113
646,319
646,101
646,203
646,204
646,207
646,266
646,317
646,354
646,396
646,1
646,208
647,23
647,22
647,25
647,26
647,29
647,33
647,256
647,37
647,40
647,42
647,248
647,57
647,72
647,80
647,81
647,85
647,234
647,112
647,100
647,102
647,107
647,113
647,114
647,344
647,126
647,284
647,319
647,101
647,143
647,147
647,152
647,158
647,167
647,177
647,64
647,65
647,182
647,195
647,202
647,207
647,210
647,231
647,233
647,242
647,87
647,253
647,261
647,10
647,266
647,273
647,274
647,356
647,282
647,335
647,281
647,294
647,296
647,299
647,311
647,378
647,314
647,70
647,353
647,238
647,337
647,354
647,360
647,310
647,376
647,373
647,379
647,27
647,389
647,396
647,398
647,117
647,387
647,285
647,241
647,307
647,371
647,340
647,240
647,109
647,148
647,209
647,123
647,94
647,1
647,135
647,359
647,288
647,289
647,183
647,151
647,393
647,56
647,394
647,395
647,236
647,222
647,363
648,3
648,160
648,15
648,17
648,18
648,23
648,26
648,28
648,94
648,29
648,32
648,33
648,256
648,37
648,42
648,248
648,57
648,60
648,59
648,67
648,72
648,212
648,78
648,148
648,80
648,81
648,85
648,91
648,92
648,43
648,234
648,112
648,124
648,96
648,100
648,105
648,107
648,108
648,113
648,114
648,344
648,120
648,123
648,126
648,284
648,366
648,138
648,319
648,101
648,143
648,147
648,53
648,150
648,156
648,157
648,158
648,162
648,167
648,177
648,64
648,65
648,66
648,170
648,182
648,187
648,191
648,194
648,195
648,196
648,198
648,199
648,202
648,203
648,205
648,207
648,290
648,210
648,225
648,317
648,233
648,184
648,242
648,153
648,266
648,273
648,279
648,293
648,297
648,299
648,278
648,301
648,309
648,314
648,325
648,330
648,338
648,340
648,346
648,252
648,353
648,238
648,337
648,354
648,360
648,364
648,368
648,372
648,310
648,374
648,377
648,376
648,373
648,379
648,27
648,384
648,391
648,396
648,397
648,73
648,180
648,285
648,181
648,51
648,151
648,155
648,327
648,237
648,236
648,304
648,45
648,36
648,16
648,241
648,371
648,240
648,109
648,209
648,259
648,211
648,4
648,320
648,1
648,185
648,58
648,179
648,135
648,359
648,288
648,289
648,183
648,24
648,393
648,306
648,307
648,332
648,277
648,146
648,394
648,395
648,189
648,245
648,115
648,48
648,351
648,214
648,213
648,46
648,128
648,302
648,228
648,222
648,2
648,178
648,93
648,125
648,6
656,23
656,28
656,94
656,31
656,32
656,91
656,92
656,43
656,108
656,319
656,101
656,207
656,230
656,266
656,283
656,293
656,83
656,337
656,333
656,137
656,396
656,254
656,393
656,56
657,3
657,160
657,18
657,23
657,173
657,26
657,28
657,94
657,32
657,33
657,256
657,37
657,248
657,57
657,80
657,81
657,101
657,105
657,104
657,107
657,113
657,120
657,123
657,132
657,134
657,138
657,319
657,143
657,147
657,53
657,150
657,158
657,167
657,177
657,182
657,198
657,290
657,210
657,225
657,116
657,233
657,242
657,266
657,273
657,274
657,356
657,293
657,299
657,314
657,352
657,360
657,137
657,379
657,27
657,396
657,117
657,73
657,180
657,387
657,61
657,305
657,285
657,181
657,118
657,241
657,371
657,340
657,240
657,109
657,148
657,209
657,259
657,211
657,4
657,144
657,185
657,322
657,135
657,183
657,24
657,306
657,307
657,149
657,189
657,245
657,347
657,46
657,222
657,344
658,3
658,160
658,15
658,18
658,21
658,23
658,22
658,30
658,26
658,28
658,94
658,29
658,32
658,38
658,60
658,76
658,212
658,78
658,148
658,79
658,81
658,105
658,106
658,107
658,113
658,114
658,344
658,120
658,123
658,126
658,131
658,284
658,366
658,134
658,136
658,138
658,319
658,101
658,147
658,37
658,150
658,152
658,156
658,159
658,167
658,176
658,177
658,65
658,66
658,168
658,170
658,174
658,182
658,198
658,199
658,206
658,225
658,243
658,261
658,10
658,266
658,268
658,271
658,369
658,274
658,356
658,280
658,296
658,297
658,299
658,301
658,314
658,318
658,383
658,325
658,330
658,333
658,83
658,336
658,337
658,346
658,348
658,350
658,195
658,354
658,358
658,360
658,364
658,379
658,385
658,386
658,391
658,396
658,398
658,397
658,117
658,73
658,181
658,252
658,250
658,51
658,327
658,145
658,339
658,4
658,240
658,109
658,209
658,259
658,256
658,211
658,103
658,135
658,323
658,306
658,307
658,158
658,146
658,394
658,395
658,137
658,222
658,178
658,93
659,3
659,160
659,15
659,18
659,23
659,22
659,30
659,173
659,26
659,28
659,94
659,29
659,32
659,37
659,38
659,60
659,72
659,77
659,212
659,78
659,148
659,79
659,81
659,85
659,91
659,92
659,43
659,105
659,107
659,113
659,114
659,344
659,123
659,126
659,127
659,130
659,284
659,133
659,366
659,134
659,136
659,138
659,286
659,319
659,101
659,53
659,150
659,152
659,156
659,159
659,164
659,176
659,177
659,66
659,168
659,169
659,170
659,175
659,171
659,182
659,194
659,196
659,198
659,199
659,206
659,207
659,225
659,226
659,326
659,233
659,243
659,261
659,10
659,266
659,271
659,369
659,274
659,356
659,287
659,295
659,296
659,298
659,299
659,309
659,311
659,378
659,313
659,312
659,314
659,315
659,317
659,318
659,383
659,325
659,330
659,83
659,346
659,348
659,252
659,350
659,195
659,353
659,238
659,337
659,354
659,360
659,364
659,368
659,370
659,310
659,379
659,384
659,391
659,396
659,398
659,117
659,375
659,180
659,349
659,99
659,68
659,365
659,327
659,219
659,36
659,227
659,240
659,109
659,209
659,259
659,256
659,211
659,357
659,247
659,140
659,5
659,139
659,111
659,144
659,179
659,336
659,323
659,116
659,24
659,393
659,306
659,307
659,321
659,197
659,14
659,56
659,239
659,394
659,395
659,347
659,293
659,2
659,222
659,178
659,93
659,358
659,6
660,3
660,160
660,212
660,91
660,92
660,43
660,107
660,113
660,114
660,344
660,134
660,138
660,319
660,101
660,53
660,177
660,182
660,199
660,224
660,266
660,274
660,356
660,314
660,343
660,346
660,353
660,238
660,337
660,360
660,379
660,396
660,398
660,117
660,211
660,179
660,116
660,347
660,293
660,222
660,363
660,299
318,23
318,26
318,212
318,82
318,284
318,143
318,175
318,171
318,198
318,215
318,293
318,137
318,379
318,220
318,393
972,131
972,319
972,101
972,300
972,314
972,340
972,137
972,118
972,341
972,347
972,293
663,3
663,160
663,15
663,25
663,26
663,37
663,41
663,248
663,60
663,78
663,148
663,81
663,100
663,107
663,113
663,114
663,344
663,123
663,126
663,127
663,284
663,134
663,319
663,101
663,147
663,53
663,152
663,176
663,177
663,65
663,182
663,198
663,202
663,204
663,207
663,290
663,225
663,226
663,230
663,231
663,87
663,253
663,264
663,266
663,280
663,282
663,335
663,293
663,296
663,299
663,314
663,315
663,343
663,350
663,195
663,353
663,238
663,337
663,368
663,379
663,391
663,396
663,399
663,375
663,387
663,251
663,11
663,51
663,240
663,109
663,209
663,4
663,110
663,285
663,137
663,135
663,359
663,288
663,289
663,116
663,24
663,23
663,393
663,56
663,351
663,21
663,199
663,18
663,236
663,363
663,395
666,28
666,94
666,96
666,107
666,2
666,136
666,150
666,205
666,206
666,87
666,253
666,266
666,396
666,1
666,358
666,160
667,0
667,3
667,2
667,160
667,15
667,18
667,19
667,23
667,22
667,30
667,26
667,28
667,94
667,29
667,33
667,256
667,37
667,42
667,54
667,59
667,72
667,212
667,78
667,148
667,80
667,81
667,85
667,124
667,96
667,100
667,107
667,113
667,120
667,123
667,126
667,127
667,284
667,134
667,136
667,138
667,319
667,101
667,147
667,53
667,150
667,157
667,158
667,167
667,177
667,49
667,182
667,125
667,190
667,193
667,194
667,198
667,202
667,204
667,207
667,210
667,215
667,216
667,225
667,233
667,242
667,87
667,253
667,263
667,257
667,266
667,273
667,274
667,356
667,279
667,293
667,297
667,298
667,299
667,278
667,301
667,303
667,311
667,378
667,314
667,329
667,330
667,83
667,338
667,346
667,348
667,350
667,195
667,353
667,238
667,337
667,358
667,360
667,368
667,137
667,310
667,379
667,384
667,385
667,386
667,391
667,392
667,396
667,399
667,117
667,73
667,251
667,11
667,305
667,252
667,250
667,236
667,255
667,36
667,16
667,241
667,371
667,340
667,240
667,109
667,209
667,259
667,254
667,1
667,4
667,343
667,359
667,288
667,289
667,336
667,323
667,183
667,277
667,239
667,115
667,351
667,9
667,46
667,222
667,331
667,265
667,178
667,93
667,327
667,325
667,344
667,221
668,3
668,160
668,7
668,15
668,18
668,19
668,20
668,21
668,22
668,30
668,173
668,25
668,26
668,28
668,94
668,29
668,31
668,33
668,256
668,34
668,37
668,38
668,39
668,40
668,42
668,248
668,60
668,59
668,273
668,267
668,72
668,77
668,212
668,78
668,148
668,79
668,80
668,81
668,85
668,91
668,92
668,43
668,93
668,234
668,112
668,124
668,97
668,98
668,100
668,105
668,104
668,107
668,108
668,113
668,114
668,344
668,119
668,291
668,120
668,121
668,122
668,123
668,126
668,127
668,129
668,130
668,131
668,284
668,133
668,366
668,134
668,136
668,138
668,286
668,319
668,101
668,140
668,143
668,147
668,53
668,150
668,152
668,156
668,158
668,159
668,162
668,164
668,176
668,177
668,63
668,65
668,168
668,49
668,170
668,175
668,171
668,182
668,187
668,188
668,190
668,191
668,194
668,198
668,199
668,202
668,290
668,216
668,224
668,35
668,326
668,88
668,253
668,232
668,233
668,58
668,242
668,243
668,246
668,200
668,261
668,10
668,264
668,266
668,274
668,356
668,275
668,276
668,278
668,279
668,281
668,283
668,293
668,296
668,297
668,298
668,299
668,300
668,301
668,309
668,311
668,378
668,314
668,315
668,325
668,329
668,330
668,334
668,83
668,333
668,338
668,342
668,345
668,346
668,348
668,70
668,350
668,195
668,353
668,238
668,337
668,354
668,358
668,360
668,361
668,362
668,364
668,368
668,137
668,310
668,374
668,377
668,379
668,382
668,381
668,27
668,384
668,385
668,386
668,391
668,396
668,398
668,397
668,117
668,375
668,73
668,180
668,349
668,99
668,14
668,251
668,11
668,305
668,322
668,285
668,252
668,250
668,365
668,8
668,221
668,236
668,145
668,103
668,36
668,16
668,339
668,118
668,241
668,240
668,109
668,209
668,259
668,254
668,211
668,5
668,139
668,135
668,323
668,116
668,393
668,306
668,307
668,2
668,321
668,197
668,239
668,84
668,146
668,86
668,154
668,189
668,245
668,115
668,9
668,214
668,213
668,128
668,343
668,302
668,228
668,222
668,255
668,12
670,3
670,160
670,15
670,17
670,18
670,19
670,21
670,23
670,22
670,30
670,173
670,25
670,26
670,28
670,94
670,29
670,32
670,33
670,256
670,34
670,37
670,38
670,42
670,54
670,59
670,62
670,270
670,267
670,72
670,76
670,212
670,78
670,148
670,79
670,81
670,82
670,93
670,234
670,112
670,124
670,96
670,104
670,106
670,107
670,108
670,113
670,120
670,122
670,123
670,126
670,127
670,284
670,133
670,366
670,134
670,136
670,138
670,286
670,319
670,101
670,143
670,147
670,53
670,150
670,156
670,157
670,158
670,159
670,163
670,164
670,165
670,166
670,167
670,176
670,177
670,168
670,49
670,170
670,174
670,182
670,188
670,125
670,191
670,194
670,195
670,198
670,199
670,202
670,204
670,206
670,207
670,215
670,216
670,225
670,35
670,291
670,272
670,88
670,253
670,233
670,58
670,243
670,246
670,200
670,257
670,261
670,10
670,266
670,271
670,369
670,274
670,356
670,279
670,292
670,293
670,296
670,297
670,298
670,299
670,300
670,301
670,309
670,311
670,378
670,314
670,318
670,383
670,325
670,330
670,334
670,83
670,337
670,333
670,338
670,340
670,345
670,346
670,348
670,252
670,70
670,350
670,353
670,238
670,354
670,358
670,360
670,364
670,365
670,368
670,372
670,310
670,377
670,379
670,382
670,381
670,385
670,386
670,391
670,396
670,398
670,399
670,117
670,375
670,73
670,14
670,251
670,11
670,305
670,285
670,68
670,250
670,258
670,51
670,89
670,48
670,220
670,8
670,221
670,236
670,145
670,219
670,304
670,45
670,36
670,16
670,118
670,172
670,241
670,223
670,240
670,109
670,209
670,259
670,211
670,355
670,5
670,185
670,135
670,323
670,116
670,24
670,393
670,306
670,307
670,2
670,321
670,197
670,56
670,277
670,278
670,239
670,86
670,85
670,189
670,245
670,214
670,213
670,343
670,222
670,255
670,327
670,12
670,344
670,6
670,395
670,248
670,57
670,80
670,105
670,129
670,132
670,64
670,187
670,192
670,205
670,210
670,326
670,242
670,87
670,265
670,273
670,370
670,137
670,376
670,373
670,27
670,392
670,95
670,371
670,1
670,244
670,144
670,359
670,288
670,289
670,183
670,146
670,46
670,128
675,25
675,42
675,72
675,79
675,108
675,126
675,284
675,366
675,319
675,101
675,215
675,293
675,314
675,137
675,372
675,305
675,145
675,227
675,109
675,144
675,116
675,393
675,38
675,347
675,102
675,33
675,256
675,59
675,80
675,113
675,131
675,177
675,242
675,273
675,377
675,181
675,371
675,340
676,3
676,160
676,7
676,15
676,17
676,18
676,19
676,23
676,22
676,25
676,26
676,28
676,94
676,29
676,32
676,33
676,256
676,34
676,37
676,38
676,42
676,248
676,57
676,59
676,62
676,67
676,267
676,72
676,74
676,76
676,212
676,79
676,80
676,81
676,82
676,85
676,91
676,92
676,43
676,104
676,106
676,107
676,113
676,120
676,123
676,126
676,127
676,130
676,131
676,132
676,133
676,366
676,134
676,138
676,286
676,319
676,101
676,143
676,147
676,53
676,150
676,156
676,157
676,158
676,162
676,177
676,64
676,49
676,169
676,170
676,175
676,171
676,182
676,186
676,187
676,194
676,198
676,199
676,205
676,207
676,210
676,215
676,216
676,225
676,35
676,291
676,88
676,253
676,233
676,184
676,242
676,243
676,87
676,266
676,269
676,273
676,275
676,276
676,278
676,279
676,293
676,295
676,296
676,297
676,298
676,299
676,301
676,309
676,314
676,325
676,330
676,338
676,340
676,342
676,346
676,348
676,354
676,360
676,370
676,372
676,310
676,377
676,376
676,373
676,379
676,384
676,385
676,386
676,391
676,396
676,397
676,117
676,73
676,180
676,285
676,68
676,252
676,250
676,236
676,55
676,339
676,118
676,237
676,241
676,371
676,223
676,240
676,109
676,148
676,209
676,259
676,185
676,179
676,359
676,288
676,289
676,336
676,183
676,24
676,393
676,321
676,239
676,50
676,86
676,351
676,195
676,9
676,214
676,213
676,46
676,343
676,222
676,363
679,3
679,160
679,18
679,23
679,25
679,26
679,28
679,94
679,29
679,33
679,256
679,34
679,37
679,42
679,248
679,54
679,57
679,270
679,67
679,72
679,212
679,80
679,81
679,85
679,100
679,107
679,113
679,120
679,123
679,126
679,284
679,366
679,138
679,319
679,101
679,143
679,147
679,53
679,152
679,158
679,177
679,64
679,65
679,175
679,171
679,182
679,192
679,193
679,199
679,202
679,216
679,224
679,294
679,231
679,233
679,58
679,242
679,257
679,261
679,10
679,266
679,269
679,273
679,274
679,356
679,293
679,296
679,299
679,303
679,308
679,314
679,316
679,340
679,348
679,70
679,350
679,195
679,354
679,358
679,361
679,310
679,377
679,376
679,373
679,379
679,27
679,391
679,392
679,396
679,398
679,397
679,117
679,285
679,68
679,262
679,55
679,118
679,241
679,371
679,235
679,240
679,109
679,148
679,209
679,259
679,211
679,244
679,320
679,144
679,183
679,393
679,321
679,189
679,245
679,351
679,214
679,213
679,222
679,344
679,380
681,2
681,3
681,160
681,7
681,18
681,22
681,25
681,28
681,94
681,29
681,32
681,33
681,256
681,34
681,37
681,38
681,42
681,248
681,44
681,103
681,57
681,59
681,72
681,76
681,212
681,80
681,81
681,82
681,85
681,234
681,112
681,124
681,100
681,101
681,106
681,107
681,113
681,122
681,123
681,126
681,127
681,130
681,284
681,134
681,138
681,319
681,147
681,53
681,150
681,152
681,157
681,158
681,159
681,162
681,167
681,177
681,178
681,66
681,170
681,174
681,175
681,171
681,182
681,187
681,195
681,198
681,199
681,204
681,207
681,215
681,216
681,224
681,35
681,291
681,231
681,242
681,87
681,253
681,263
681,257
681,261
681,10
681,266
681,269
681,273
681,274
681,356
681,282
681,335
681,202
681,281
681,293
681,294
681,295
681,296
681,299
681,278
681,301
681,303
681,309
681,314
681,316
681,318
681,383
681,330
681,83
681,337
681,338
681,70
681,350
681,352
681,353
681,238
681,354
681,362
681,364
681,368
681,370
681,137
681,310
681,374
681,377
681,379
681,382
681,381
681,27
681,385
681,386
681,391
681,396
681,398
681,399
681,375
681,73
681,251
681,11
681,285
681,181
681,51
681,89
681,48
681,220
681,8
681,221
681,55
681,219
681,118
681,241
681,307
681,371
681,340
681,235
681,258
681,240
681,109
681,148
681,209
681,259
681,61
681,71
681,211
681,355
681,139
681,135
681,141
681,393
681,197
681,14
681,332
681,43
681,56
681,1
681,192
681,154
681,189
681,245
681,347
681,351
681,9
681,343
681,222
681,344
681,380
683,18
683,32
683,37
683,39
683,79
683,60
683,72
683,78
683,148
683,100
683,107
683,108
683,113
683,126
683,177
683,63
683,41
683,66
683,198
683,204
683,207
683,231
683,264
683,266
683,296
683,299
683,314
683,346
683,138
683,70
683,353
683,238
683,337
683,379
683,106
683,135
683,56
683,394
683,395
683,347
683,293
683,328
684,85
684,126
684,319
684,101
684,147
684,37
684,177
684,266
684,301
684,137
684,117
684,145
684,227
684,394
684,395
684,347
684,293
684,344
686,15
686,81
686,114
686,344
686,198
686,290
686,225
686,354
686,398
686,375
686,184
686,237
686,306
686,307
686,115
359,3
359,160
359,21
359,31
359,32
359,77
359,78
359,148
359,81
359,90
359,108
359,113
359,121
359,123
359,319
359,101
359,152
359,63
359,207
359,231
359,266
359,274
359,356
359,296
359,314
359,325
359,83
359,337
359,253
359,350
359,195
359,354
359,379
359,396
359,117
359,375
359,251
359,11
359,220
359,357
359,247
359,5
359,127
359,141
359,197
359,14
359,56
359,222
359,328
359,6
359,395
692,0
692,3
692,7
692,15
692,23
692,30
692,26
692,76
692,107
692,138
692,286
692,319
692,101
692,53
692,164
692,198
692,207
692,225
692,232
692,233
692,266
692,279
692,287
692,293
692,298
692,303
692,313
692,312
692,314
692,337
692,346
692,348
692,361
692,364
692,379
692,382
692,381
692,391
692,396
692,181
692,236
692,103
692,322
692,1
694,0
694,3
694,160
694,23
694,22
694,26
694,28
694,94
694,31
694,37
694,62
694,81
694,82
694,85
694,101
694,107
694,113
694,120
694,123
694,126
694,130
694,133
694,319
694,147
694,53
694,150
694,156
694,158
694,159
694,164
694,177
694,66
694,175
694,171
694,194
694,199
694,202
694,204
694,205
694,206
694,226
694,233
694,87
694,253
694,153
694,266
694,279
694,297
694,298
694,299
694,278
694,301
694,303
694,309
694,311
694,378
694,314
694,325
694,83
694,340
694,342
694,346
694,138
694,348
694,360
694,361
694,364
694,137
694,372
694,379
694,382
694,381
694,391
694,396
694,221
694,117
694,73
694,151
694,236
694,36
694,16
694,110
694,358
694,336
694,393
694,277
694,293
694,115
694,351
694,195
694,222
694,344
698,3
698,160
698,15
698,18
698,22
698,173
698,25
698,26
698,28
698,94
698,29
698,32
698,33
698,256
698,34
698,37
698,38
698,39
698,40
698,42
698,248
698,57
698,60
698,59
698,267
698,72
698,265
698,330
698,212
698,78
698,148
698,81
698,85
698,91
698,92
698,43
698,298
698,234
698,112
698,96
698,100
698,107
698,108
698,113
698,120
698,123
698,126
698,127
698,131
698,284
698,132
698,133
698,366
698,134
698,138
698,319
698,101
698,147
698,53
698,150
698,152
698,156
698,157
698,158
698,166
698,176
698,177
698,63
698,170
698,174
698,182
698,187
698,194
698,196
698,198
698,204
698,206
698,207
698,290
698,216
698,224
698,225
698,226
698,35
698,291
698,326
698,229
698,294
698,232
698,233
698,58
698,242
698,87
698,253
698,200
698,261
698,10
698,264
698,266
698,274
698,356
698,279
698,51
698,287
698,292
698,293
698,296
698,297
698,299
698,278
698,301
698,308
698,309
698,313
698,312
698,314
698,317
698,316
698,337
698,257
698,333
698,338
698,340
698,343
698,346
698,70
698,350
698,195
698,353
698,238
698,354
698,360
698,364
698,368
698,137
698,372
698,377
698,376
698,373
698,379
698,27
698,384
698,389
698,390
698,391
698,392
698,396
698,398
698,397
698,399
698,117
698,73
698,180
698,305
698,285
698,181
698,89
698,48
698,151
698,388
698,8
698,221
698,241
698,371
698,235
698,240
698,109
698,209
698,259
698,244
698,71
698,106
698,135
698,359
698,288
698,289
698,183
698,24
698,23
698,393
698,306
698,307
698,218
698,217
698,56
698,277
698,146
698,86
698,115
698,351
698,46
698,222
698,331
698,327
698,325
698,344
699,28
699,94
699,29
699,248
699,212
699,78
699,148
699,85
699,96
699,113
699,126
699,147
699,37
699,158
699,176
699,177
699,64
699,290
699,210
699,112
699,242
699,273
699,280
699,296
699,308
699,350
699,195
699,354
699,27
699,391
699,396
699,398
699,397
699,117
699,285
699,241
699,81
699,1
699,110
699,13
699,50
699,353
699,222
699,344
695,3
695,160
695,17
695,18
695,26
695,28
695,94
695,32
695,33
695,256
695,39
695,77
695,78
695,148
695,96
695,107
695,113
695,114
695,344
695,120
695,123
695,284
695,319
695,101
695,147
695,37
695,53
695,150
695,156
695,165
695,176
695,177
695,192
695,194
695,207
695,231
695,232
695,266
695,283
695,287
695,311
695,378
695,334
695,83
695,337
695,333
695,342
695,352
695,353
695,238
695,358
695,364
695,368
695,374
695,391
695,396
695,398
695,397
695,117
695,349
695,99
695,14
695,255
695,254
695,71
695,244
695,140
695,119
695,200
695,135
695,118
695,393
695,56
695,84
695,109
704,3
704,160
704,15
704,17
704,23
704,22
704,173
704,25
704,26
704,28
704,94
704,29
704,32
704,33
704,256
704,37
704,39
704,42
704,60
704,62
704,72
704,77
704,78
704,148
704,79
704,81
704,85
704,90
704,124
704,105
704,107
704,108
704,113
704,120
704,123
704,126
704,127
704,129
704,131
704,284
704,133
704,366
704,134
704,319
704,101
704,147
704,150
704,152
704,159
704,166
704,176
704,177
704,65
704,170
704,182
704,188
704,194
704,198
704,199
704,204
704,207
704,272
704,88
704,253
704,232
704,233
704,249
704,200
704,153
704,261
704,10
704,266
704,271
704,369
704,274
704,356
704,280
704,283
704,299
704,278
704,301
704,303
704,311
704,378
704,314
704,317
704,316
704,318
704,383
704,325
704,330
704,83
704,340
704,342
704,346
704,138
704,348
704,353
704,238
704,337
704,354
704,358
704,360
704,364
704,368
704,379
704,382
704,381
704,384
704,391
704,392
704,396
704,117
704,375
704,73
704,14
704,305
704,181
704,51
704,89
704,48
704,145
704,339
704,240
704,109
704,209
704,259
704,254
704,211
704,357
704,247
704,111
704,103
704,341
704,141
704,24
704,306
704,307
704,218
704,217
704,197
704,56
704,239
704,146
704,189
704,245
704,351
704,195
704,222
704,344
704,6
704,395
706,18
706,28
706,94
706,39
706,212
706,82
706,119
706,291
706,53
706,175
706,171
706,231
706,233
706,266
706,269
706,298
706,325
706,348
706,360
706,396
706,110
706,185
706,359
706,288
706,289
706,394
706,395
707,0
707,3
707,2
707,160
707,23
707,26
707,81
707,113
707,114
707,344
707,123
707,366
707,138
707,319
707,101
707,147
707,37
707,150
707,158
707,177
707,198
707,210
707,266
707,273
707,314
707,346
707,238
707,376
707,373
707,379
707,396
707,117
707,375
707,371
707,340
707,4
707,109
707,103
707,24
707,99
707,107
707,208
708,3
708,160
708,18
708,23
708,26
708,32
708,44
708,103
708,67
708,72
708,81
708,85
708,100
708,107
708,113
708,114
708,344
708,123
708,134
708,319
708,101
708,147
708,37
708,53
708,156
708,158
708,177
708,199
708,207
708,210
708,231
708,266
708,273
708,274
708,356
708,280
708,293
708,296
708,299
708,301
708,333
708,353
708,238
708,337
708,354
708,364
708,310
708,392
708,396
708,117
708,371
708,340
708,4
708,240
708,109
708,148
708,209
708,259
708,256
708,211
708,183
708,197
708,14
708,115
708,120
708,222
709,13
709,15
709,18
709,21
709,31
709,32
709,37
709,39
709,75
709,77
709,212
709,78
709,148
709,81
709,91
709,92
709,43
709,97
709,108
709,113
709,114
709,344
709,119
709,291
709,319
709,101
709,147
709,159
709,176
709,177
709,63
709,41
709,198
709,199
709,206
709,207
709,224
709,225
709,231
709,232
709,266
709,274
709,356
709,293
709,298
709,315
709,317
709,83
709,333
709,343
709,354
709,360
709,368
709,374
709,391
709,396
709,117
709,73
709,387
709,349
709,99
709,14
709,220
709,184
709,237
709,236
709,219
709,304
709,45
709,110
709,357
709,247
709,244
709,140
709,139
709,135
709,324
709,137
709,393
709,158
709,56
709,394
709,395
709,328
712,3
712,160
712,15
712,18
712,23
712,22
712,30
712,173
712,25
712,26
712,28
712,94
712,29
712,32
712,33
712,256
712,34
712,37
712,39
712,40
712,42
712,57
712,59
712,69
712,72
712,212
712,78
712,148
712,79
712,81
712,85
712,234
712,112
712,101
712,105
712,106
712,107
712,113
712,120
712,123
712,126
712,130
712,284
712,133
712,366
712,134
712,138
712,319
712,147
712,53
712,150
712,152
712,156
712,165
712,166
712,177
712,182
712,194
712,196
712,198
712,202
712,204
712,206
712,207
712,290
712,216
712,225
712,226
712,294
712,233
712,87
712,253
712,257
712,264
712,266
712,271
712,369
712,273
712,274
712,356
712,281
712,293
712,296
712,297
712,299
712,278
712,301
712,309
712,314
712,317
712,318
712,383
712,325
712,329
712,330
712,338
712,346
712,350
712,195
712,352
712,353
712,238
712,337
712,354
712,360
712,364
712,368
712,137
712,372
712,310
712,377
712,379
712,27
712,384
712,389
712,390
712,391
712,396
712,398
712,221
712,117
712,14
712,68
712,250
712,51
712,255
712,118
712,240
712,109
712,209
712,259
712,244
712,135
712,393
712,306
712,307
712,258
712,341
712,146
712,347
712,48
712,201
712,52
712,343
712,222
712,327
712,344
714,3
714,160
714,18
714,21
714,23
714,173
714,26
714,28
714,94
714,29
714,33
714,256
714,34
714,37
714,42
714,72
714,212
714,78
714,148
714,81
714,107
714,113
714,120
714,123
714,126
714,133
714,366
714,138
714,319
714,101
714,147
714,53
714,150
714,152
714,167
714,177
714,182
714,198
714,216
714,226
714,294
714,233
714,87
714,253
714,263
714,266
714,293
714,297
714,299
714,278
714,314
714,318
714,383
714,329
714,257
714,338
714,346
714,360
714,368
714,377
714,379
714,384
714,391
714,396
714,117
714,73
714,180
714,68
714,181
714,8
714,221
714,304
714,45
714,240
714,109
714,209
714,259
714,244
714,355
714,144
714,1
714,135
714,393
714,306
714,307
714,367
714,222
716,15
716,18
716,20
716,37
716,60
716,78
716,148
716,81
716,85
716,124
716,101
716,113
716,114
716,344
716,120
716,121
716,126
716,284
716,319
716,147
716,158
716,163
716,167
716,177
716,182
716,198
716,199
716,207
716,290
716,225
716,233
716,242
716,264
716,266
716,273
716,282
716,335
716,202
716,299
716,314
716,315
716,325
716,83
716,333
716,253
716,70
716,353
716,238
716,337
716,354
716,360
716,368
716,27
716,396
716,398
716,397
716,399
716,117
716,375
716,14
716,184
716,237
716,235
716,254
716,154
716,71
716,356
716,140
716,119
716,72
716,116
716,393
716,306
716,307
716,222
727,173
727,44
727,103
727,107
727,133
727,319
727,101
727,175
727,171
727,293
727,314
727,352
727,137
727,379
727,61
727,298
727,146
729,79
732,0
732,3
732,160
732,13
732,15
732,18
732,29
732,32
732,37
732,39
732,54
732,57
732,60
732,212
732,78
732,148
732,81
732,234
732,112
732,124
732,97
732,98
732,102
732,107
732,113
732,114
732,344
732,119
732,291
732,120
732,121
732,284
732,132
732,133
732,366
732,138
732,319
732,101
732,143
732,147
732,53
732,152
732,158
732,167
732,176
732,177
732,41
732,64
732,182
732,195
732,199
732,207
732,290
732,225
732,233
732,242
732,260
732,261
732,10
732,264
732,266
732,273
732,274
732,356
732,280
732,282
732,335
732,202
732,296
732,299
732,278
732,300
732,314
732,315
732,318
732,383
732,83
732,333
732,343
732,346
732,348
732,70
732,353
732,238
732,337
732,354
732,360
732,364
732,368
732,310
732,376
732,373
732,379
732,27
732,389
732,390
732,396
732,398
732,397
732,117
732,375
732,14
732,236
732,298
732,255
732,241
732,307
732,371
732,340
732,223
732,123
732,211
732,110
732,244
732,140
732,135
732,183
732,393
732,197
732,50
732,84
732,189
732,245
732,351
732,214
732,213
732,46
732,128
732,222
732,363
735,3
735,160
735,15
735,26
735,319
735,101
735,182
735,198
735,279
735,83
735,379
735,246
736,23
736,26
736,28
736,94
736,113
736,123
736,319
736,101
736,177
736,198
736,210
736,379
736,240
736,109
736,148
736,209
736,146
736,222
738,28
738,94
738,37
738,81
738,234
738,112
738,147
738,164
738,290
738,260
738,266
738,299
738,317
738,83
738,353
738,113
738,238
738,337
738,368
738,396
738,375
738,135
738,393
738,208
873,15
873,18
873,20
873,23
873,173
873,28
873,94
873,44
873,103
873,212
873,100
873,101
873,107
873,138
873,319
873,175
873,171
873,187
873,198
873,225
873,233
873,266
873,287
873,298
873,300
873,314
873,342
873,360
873,361
873,362
873,364
873,391
873,396
873,371
873,340
814,114
814,344
814,147
814,37
814,177
814,117
814,24
814,23
814,393
739,3
739,160
739,15
739,18
739,173
739,28
739,94
739,76
739,79
739,81
739,105
739,107
739,284
739,133
739,138
739,147
739,37
739,158
739,175
739,171
739,226
739,233
739,266
739,279
739,281
739,296
739,299
739,314
739,325
739,346
739,348
739,364
739,370
739,379
739,396
739,240
739,109
739,148
739,209
739,393
739,222
740,2
740,3
740,160
740,7
740,18
740,20
740,21
740,23
740,22
740,173
740,26
740,28
740,94
740,29
740,33
740,256
740,37
740,38
740,39
740,42
740,248
740,75
740,54
740,57
740,60
740,59
740,270
740,72
740,212
740,78
740,148
740,80
740,81
740,91
740,92
740,43
740,234
740,112
740,124
740,100
740,106
740,107
740,113
740,114
740,344
740,119
740,291
740,120
740,122
740,126
740,127
740,284
740,132
740,134
740,138
740,319
740,101
740,143
740,147
740,53
740,158
740,165
740,177
740,64
740,66
740,123
740,49
740,175
740,171
740,182
740,125
740,192
740,194
740,196
740,198
740,204
740,205
740,207
740,290
740,210
740,216
740,224
740,225
740,226
740,230
740,88
740,253
740,294
740,232
740,184
740,58
740,242
740,246
740,249
740,87
740,257
740,261
740,10
740,265
740,266
740,268
740,269
740,271
740,369
740,273
740,274
740,356
740,276
740,278
740,296
740,299
740,301
740,313
740,312
740,314
740,316
740,83
740,338
740,340
740,345
740,70
740,350
740,195
740,352
740,353
740,238
740,337
740,354
740,360
740,361
740,362
740,364
740,368
740,370
740,137
740,372
740,310
740,377
740,376
740,373
740,379
740,382
740,381
740,27
740,391
740,395
740,396
740,398
740,397
740,117
740,375
740,73
740,180
740,14
740,251
740,11
740,285
740,181
740,252
740,348
740,95
740,250
740,220
740,255
740,219
740,304
740,45
740,16
740,118
740,241
740,371
740,240
740,109
740,209
740,259
740,211
740,1
740,355
740,139
740,48
740,318
740,336
740,323
740,183
740,151
740,24
740,272
740,56
740,50
740,146
740,394
740,189
740,245
740,115
740,351
740,9
740,214
740,213
740,46
740,128
740,222
740,150
740,315
740,358
740,380
741,79
741,163
741,198
741,260
741,392
741,144
741,393
741,394
741,395
741,347
741,293
742,3
742,160
742,15
742,18
742,23
742,22
742,30
742,173
742,26
742,28
742,94
742,29
742,32
742,37
742,38
742,248
742,76
742,77
742,212
742,78
742,148
742,79
742,81
742,91
742,92
742,43
742,105
742,107
742,113
742,114
742,344
742,123
742,126
742,127
742,129
742,130
742,284
742,133
742,366
742,136
742,138
742,286
742,319
742,101
742,53
742,150
742,156
742,158
742,159
742,164
742,176
742,177
742,66
742,168
742,170
742,175
742,171
742,182
742,194
742,199
742,206
742,207
742,225
742,226
742,233
742,243
742,261
742,10
742,266
742,271
742,369
742,274
742,356
742,287
742,296
742,297
742,298
742,299
742,309
742,311
742,378
742,313
742,312
742,314
742,318
742,383
742,325
742,83
742,346
742,348
742,353
742,238
742,337
742,354
742,360
742,364
742,368
742,370
742,376
742,373
742,379
742,384
742,391
742,396
742,117
742,180
742,327
742,236
742,371
742,340
742,240
742,109
742,209
742,144
742,179
742,336
742,323
742,151
742,24
742,393
742,306
742,307
742,239
742,222
742,178
742,93
743,3
743,160
743,13
743,15
743,18
743,23
743,30
743,29
743,33
743,256
743,37
743,39
743,41
743,248
743,44
743,103
743,67
743,72
743,77
743,78
743,148
743,80
743,107
743,113
743,123
743,126
743,284
743,138
743,319
743,101
743,143
743,147
743,53
743,152
743,158
743,176
743,177
743,64
743,195
743,198
743,199
743,207
743,224
743,232
743,233
743,184
743,242
743,87
743,253
743,266
743,273
743,296
743,299
743,309
743,314
743,315
743,325
743,83
743,340
743,346
743,350
743,353
743,238
743,337
743,354
743,360
743,364
743,368
743,137
743,379
743,27
743,391
743,396
743,73
743,180
743,14
743,251
743,11
743,68
743,255
743,241
743,371
743,240
743,109
743,209
743,259
743,94
743,244
743,5
743,276
743,222
743,183
743,141
743,393
743,218
743,217
743,56
743,277
743,278
743,84
743,394
743,395
743,115
743,46
743,128
743,343
743,178
743,93
743,344
744,18
744,37
744,270
744,212
744,81
744,106
744,107
744,113
744,126
744,284
744,319
744,101
744,150
744,167
744,65
744,192
744,194
744,199
744,207
744,231
744,249
744,266
744,293
744,316
744,350
744,195
744,361
744,310
744,379
744,396
744,398
744,251
744,11
744,240
744,109
744,148
744,209
744,211
744,135
744,151
744,189
744,245
746,3
746,160
746,15
746,17
746,18
746,23
746,22
746,25
746,26
746,29
746,32
746,33
746,256
746,34
746,38
746,42
746,248
746,60
746,59
746,76
746,212
746,78
746,148
746,79
746,80
746,81
746,85
746,298
746,96
746,101
746,105
746,107
746,113
746,114
746,344
746,120
746,123
746,126
746,284
746,366
746,136
746,138
746,286
746,319
746,143
746,147
746,37
746,53
746,150
746,152
746,156
746,161
746,158
746,159
746,177
746,64
746,65
746,66
746,168
746,170
746,175
746,171
746,182
746,191
746,195
746,198
746,199
746,207
746,210
746,216
746,225
746,326
746,229
746,233
746,242
746,243
746,257
746,261
746,10
746,265
746,266
746,271
746,369
746,273
746,274
746,356
746,293
746,294
746,296
746,297
746,299
746,301
746,314
746,318
746,383
746,325
746,330
746,83
746,337
746,338
746,253
746,346
746,348
746,252
746,350
746,352
746,353
746,238
746,354
746,360
746,364
746,368
746,370
746,137
746,372
746,310
746,377
746,376
746,373
746,379
746,27
746,384
746,391
746,395
746,396
746,398
746,397
746,399
746,117
746,375
746,180
746,251
746,11
746,285
746,103
746,68
746,181
746,51
746,89
746,48
746,155
746,327
746,236
746,36
746,16
746,241
746,307
746,371
746,340
746,235
746,4
746,240
746,109
746,209
746,259
746,211
746,110
746,320
746,183
746,24
746,393
746,306
746,218
746,217
746,321
746,50
746,146
746,394
746,189
746,245
746,115
746,351
746,214
746,213
746,46
746,128
746,222
746,94
746,1
746,6
747,18
747,20
747,23
747,22
747,173
747,28
747,94
747,32
747,40
747,60
747,270
747,72
747,212
747,80
747,85
747,91
747,92
747,43
747,101
747,107
747,126
747,284
747,319
747,142
747,147
747,37
747,152
747,158
747,63
747,175
747,171
747,182
747,198
747,206
747,207
747,210
747,225
747,326
747,233
747,184
747,242
747,266
747,269
747,279
747,293
747,298
747,314
747,329
747,83
747,342
747,348
747,354
747,360
747,370
747,376
747,373
747,379
747,384
747,396
747,252
747,220
747,236
747,341
747,371
747,340
747,223
747,259
747,256
747,123
747,183
747,367
747,277
747,278
747,149
747,102
747,201
747,52
747,46
747,363
747,299
748,3
748,160
748,7
748,13
748,15
748,18
748,21
748,22
748,25
748,28
748,94
748,29
748,31
748,32
748,33
748,256
748,34
748,37
748,38
748,39
748,40
748,41
748,42
748,248
748,75
748,54
748,60
748,59
748,62
748,67
748,69
748,72
748,76
748,77
748,212
748,78
748,148
748,79
748,80
748,81
748,85
748,91
748,92
748,43
748,234
748,112
748,124
748,96
748,97
748,98
748,100
748,101
748,106
748,107
748,108
748,113
748,120
748,121
748,123
748,126
748,127
748,129
748,131
748,284
748,132
748,134
748,136
748,286
748,319
748,140
748,143
748,147
748,53
748,150
748,152
748,156
748,157
748,161
748,158
748,159
748,162
748,163
748,166
748,176
748,177
748,178
748,63
748,64
748,65
748,66
748,169
748,170
748,174
748,175
748,171
748,182
748,187
748,191
748,193
748,194
748,196
748,198
748,199
748,202
748,204
748,205
748,206
748,207
748,290
748,210
748,216
748,224
748,35
748,291
748,272
748,326
748,229
748,294
748,231
748,232
748,233
748,242
748,243
748,200
748,153
748,261
748,10
748,265
748,266
748,268
748,269
748,273
748,274
748,356
748,275
748,279
748,280
748,51
748,282
748,335
748,292
748,293
748,295
748,296
748,297
748,298
748,299
748,278
748,301
748,303
748,309
748,311
748,378
748,314
748,315
748,317
748,316
748,318
748,383
748,328
748,330
748,83
748,338
748,340
748,342
748,345
748,346
748,138
748,252
748,70
748,353
748,238
748,337
748,354
748,360
748,361
748,364
748,368
748,372
748,310
748,374
748,377
748,376
748,373
748,379
748,27
748,391
748,395
748,396
748,398
748,397
748,117
748,375
748,180
748,387
748,349
748,99
748,14
748,251
748,11
748,285
748,68
748,181
748,95
748,89
748,48
748,155
748,8
748,221
748,327
748,255
748,55
748,145
748,304
748,45
748,36
748,16
748,118
748,241
748,240
748,109
748,209
748,259
748,211
748,110
748,357
748,247
748,320
748,111
748,103
748,179
748,341
748,135
748,336
748,323
748,183
748,141
748,393
748,218
748,217
748,197
748,332
748,73
748,56
748,277
748,84
748,154
748,189
748,245
748,351
748,195
748,201
748,52
748,214
748,213
748,46
748,343
748,236
748,222
748,208
748,93
748,325
748,344
748,380
748,6
198,23
198,37
198,78
198,148
198,81
198,113
198,114
198,344
198,177
198,198
198,260
198,266
198,274
198,356
198,296
198,354
198,379
198,396
198,117
198,375
198,135
198,393
198,2
198,222
198,12
749,23
749,28
749,94
749,29
749,37
749,77
749,78
749,148
749,81
749,234
749,112
749,97
749,113
749,114
749,344
749,284
749,319
749,101
749,152
749,176
749,177
749,63
749,198
749,199
749,207
749,290
749,224
749,260
749,266
749,295
749,296
749,303
749,314
749,315
749,83
749,337
749,253
749,350
749,195
749,353
749,238
749,354
749,368
749,137
749,379
749,385
749,386
749,391
749,396
749,117
749,375
749,14
749,251
749,11
749,99
749,219
749,235
749,121
749,254
749,110
749,139
749,197
749,56
749,84
749,394
749,395
749,222
750,15
750,18
750,22
750,30
750,173
750,39
750,78
750,148
750,79
750,101
750,105
750,108
750,113
750,114
750,344
750,119
750,291
750,284
750,133
750,366
750,138
750,319
750,147
750,37
750,49
750,182
750,198
750,224
750,225
750,232
750,233
750,266
750,274
750,356
750,279
750,283
750,298
750,315
750,83
750,346
750,360
750,368
750,396
750,398
750,305
750,239
750,35
750,222
751,26
751,29
751,31
751,37
751,42
751,113
751,114
751,344
751,284
751,53
751,177
751,63
751,41
751,198
751,199
751,207
751,266
751,274
751,356
751,299
751,314
751,83
751,350
751,195
751,352
751,353
751,238
751,337
751,354
751,364
751,368
751,137
751,374
751,379
751,396
751,375
751,73
751,387
751,14
751,24
751,23
751,393
751,56
751,351
752,15
752,23
752,30
752,26
752,32
752,37
752,39
752,60
752,101
752,105
752,107
752,113
752,114
752,344
752,130
752,133
752,138
752,53
752,177
752,198
752,233
752,266
752,287
752,296
752,299
752,300
752,314
752,318
752,383
752,346
752,348
752,353
752,238
752,337
752,354
752,391
752,396
752,73
752,285
752,103
752,14
752,119
752,139
752,321
752,239
752,207
9,0
9,3
9,2
9,160
9,15
9,17
9,18
9,19
9,20
9,23
9,22
9,30
9,25
9,26
9,28
9,94
9,29
9,33
9,256
9,34
9,37
9,38
9,40
9,42
9,248
9,44
9,103
9,54
9,57
9,60
9,59
9,62
9,267
9,72
9,74
9,76
9,77
9,212
9,78
9,148
9,79
9,80
9,81
9,85
9,91
9,92
9,43
9,93
9,234
9,112
9,124
9,97
9,100
9,102
9,107
9,113
9,120
9,122
9,123
9,126
9,127
9,129
9,130
9,131
9,284
9,133
9,134
9,136
9,319
9,101
9,143
9,147
9,53
9,150
9,156
9,157
9,158
9,159
9,166
9,177
9,64
9,49
9,170
9,175
9,171
9,182
9,190
9,195
9,198
9,199
9,203
9,207
9,290
9,210
9,216
9,225
9,226
9,35
9,291
9,326
9,88
9,253
9,231
9,232
9,233
9,184
9,58
9,242
9,243
9,246
9,249
9,87
9,200
9,257
9,265
9,266
9,271
9,369
9,273
9,274
9,356
9,279
9,293
9,296
9,297
9,298
9,299
9,278
9,301
9,308
9,309
9,313
9,312
9,314
9,325
9,330
9,334
9,337
9,338
9,346
9,138
9,348
9,350
9,353
9,238
9,354
9,358
9,360
9,362
9,364
9,368
9,137
9,372
9,310
9,377
9,376
9,373
9,379
9,382
9,381
9,27
9,385
9,386
9,391
9,396
9,398
9,397
9,117
9,73
9,180
9,61
9,251
9,11
9,322
9,285
9,252
9,250
9,51
9,365
9,155
9,237
9,236
9,341
9,145
9,304
9,45
9,36
9,16
9,339
9,118
9,371
9,340
9,223
9,240
9,109
9,209
9,259
9,211
9,1
9,4
9,110
9,355
9,5
9,320
9,185
9,48
9,179
9,359
9,288
9,289
9,323
9,183
9,47
9,116
9,393
9,306
9,307
9,258
9,367
9,277
9,239
9,217
9,146
9,86
9,9
9,214
9,213
9,46
9,128
9,302
9,228
9,222
9,331
9,327
9,344
9,149
757,32
757,37
757,72
757,85
757,107
757,113
757,114
757,344
757,284
757,147
757,53
757,177
757,198
757,199
757,205
757,87
757,253
757,266
757,274
757,356
757,293
757,296
757,314
757,350
757,195
757,353
757,238
757,337
757,354
757,368
757,379
757,396
757,117
757,60
757,73
757,259
757,256
757,24
757,23
757,393
757,38
757,120
757,1
757,351
757,222
757,216
759,2
759,3
759,160
759,25
759,28
759,94
759,37
759,57
759,72
759,212
759,80
759,81
759,82
759,96
759,101
759,107
759,113
759,114
759,344
759,120
759,123
759,126
759,129
759,319
759,143
759,147
759,150
759,152
759,158
759,177
759,64
759,49
759,182
759,199
759,202
759,204
759,207
759,210
759,216
759,231
759,242
759,87
759,253
759,153
759,264
759,266
759,273
759,279
759,294
759,296
759,297
759,299
759,314
759,330
759,353
759,238
759,337
759,360
759,368
759,137
759,372
759,379
759,27
759,396
759,73
759,285
759,250
759,8
759,221
759,236
759,241
759,371
759,340
759,235
759,240
759,109
759,148
759,209
759,259
759,256
759,1
759,4
759,327
759,71
759,183
759,393
759,332
759,56
759,277
759,278
759,351
759,195
759,214
759,213
759,128
759,284
759,331
759,265
761,0
761,3
761,160
761,20
761,23
761,28
761,94
761,29
761,32
761,37
761,78
761,148
761,81
761,234
761,112
761,104
761,107
761,113
761,114
761,344
761,284
761,319
761,101
761,53
761,152
761,164
761,176
761,177
761,63
761,65
761,198
761,205
761,207
761,290
761,224
761,260
761,266
761,296
761,303
761,314
761,317
761,83
761,337
761,253
761,350
761,195
761,352
761,353
761,238
761,354
761,360
761,368
761,137
761,379
761,389
761,390
761,391
761,396
761,398
761,397
761,117
761,375
761,73
761,14
761,235
761,254
761,110
761,293
761,139
761,324
761,141
761,227
761,56
761,394
761,395
761,115
761,351
761,222
761,331
761,265
764,127
764,319
764,101
764,266
764,314
764,396
764,158
764,123
764,1
764,170
766,21
766,23
766,26
766,78
766,148
766,79
766,108
766,113
766,114
766,344
766,123
766,319
766,101
766,53
766,152
766,177
766,198
766,207
766,225
766,226
766,233
766,264
766,266
766,283
766,293
766,314
766,83
766,353
766,238
766,337
766,361
766,379
766,391
766,396
766,221
766,235
766,84
766,120
766,393
766,56
766,222
768,3
768,160
768,7
768,15
768,18
768,23
768,22
768,30
768,28
768,94
768,31
768,33
768,256
768,37
768,38
768,39
768,42
768,248
768,54
768,57
768,72
768,77
768,212
768,78
768,148
768,79
768,85
768,90
768,91
768,92
768,43
768,100
768,101
768,105
768,106
768,107
768,113
768,114
768,344
768,119
768,291
768,123
768,126
768,127
768,130
768,133
768,366
768,134
768,138
768,319
768,142
768,143
768,147
768,53
768,158
768,162
768,164
768,167
768,177
768,64
768,168
768,170
768,175
768,171
768,182
768,186
768,187
768,191
768,198
768,207
768,210
768,215
768,224
768,326
768,231
768,233
768,242
768,243
768,153
768,266
768,268
768,269
768,273
768,279
768,287
768,293
768,297
768,298
768,300
768,301
768,308
768,309
768,311
768,378
768,313
768,312
768,314
768,317
768,316
768,325
768,83
768,336
768,342
768,346
768,348
768,252
768,70
768,307
768,350
768,195
768,360
768,361
768,364
768,370
768,137
768,372
768,376
768,373
768,379
768,382
768,381
768,27
768,384
768,391
768,396
768,73
768,180
768,61
768,349
768,99
768,95
768,258
768,341
768,241
768,371
768,340
768,223
768,240
768,109
768,209
768,259
768,1
768,345
768,185
768,179
768,299
768,120
768,135
768,339
768,183
768,24
768,393
768,306
768,239
768,394
768,395
768,201
768,52
768,214
768,213
768,46
768,128
768,236
768,222
768,328
768,251
17,32
17,44
17,103
17,212
17,100
17,113
17,120
17,284
17,319
17,101
17,53
17,177
17,186
17,198
17,207
17,215
17,88
17,253
17,266
17,274
17,356
17,314
17,340
17,307
17,137
17,379
17,391
17,118
17,240
17,109
17,148
17,209
17,158
17,123
17,355
17,341
17,324
17,222
830,23
830,37
830,78
830,148
830,81
830,113
830,114
830,344
830,177
830,198
830,260
830,266
830,274
830,356
830,296
830,354
830,379
830,396
830,117
830,135
830,393
830,2
830,222
830,12
770,15
770,23
770,30
770,173
770,28
770,94
770,37
770,81
770,107
770,113
770,319
770,101
770,53
770,165
770,177
770,192
770,194
770,198
770,290
770,225
770,233
770,87
770,253
770,266
770,297
770,299
770,309
770,317
770,318
770,383
770,346
770,138
770,360
770,379
770,384
770,391
770,396
770,14
770,241
770,393
770,306
770,307
770,201
770,52
772,15
772,20
772,173
772,25
772,33
772,256
772,37
772,248
772,57
772,76
772,212
772,80
772,81
772,234
772,112
772,107
772,2
772,113
772,131
772,284
772,132
772,133
772,366
772,319
772,101
772,53
772,150
772,158
772,167
772,177
772,64
772,66
772,182
772,198
772,290
772,225
772,233
772,184
772,242
772,264
772,266
772,273
772,280
772,297
772,299
772,315
772,360
772,27
772,384
772,396
772,398
772,237
772,236
772,298
772,371
772,340
772,235
772,259
772,355
772,135
772,183
772,56
772,214
772,213
772,46
773,3
773,160
773,23
773,173
773,29
773,32
773,248
773,72
773,78
773,148
773,107
773,113
773,126
773,127
773,319
773,101
773,142
773,143
773,53
773,158
773,177
773,64
773,191
773,195
773,199
773,207
773,210
773,242
773,260
773,266
773,268
773,273
773,350
773,354
773,361
773,368
773,376
773,373
773,379
773,27
773,396
773,14
773,220
773,339
773,172
773,371
773,340
773,123
773,293
773,351
773,46
774,3
774,160
774,23
774,25
774,41
774,72
774,107
774,113
774,126
774,319
774,101
774,176
774,177
774,64
774,170
774,199
774,207
774,88
774,253
774,264
774,266
774,273
774,296
774,299
774,83
774,70
774,354
774,361
774,364
774,389
774,390
774,396
774,56
774,351
774,195
776,3
776,160
776,7
776,13
776,17
776,18
776,23
776,22
776,30
776,25
776,26
776,28
776,94
776,29
776,32
776,33
776,256
776,37
776,38
776,42
776,248
776,54
776,57
776,59
776,267
776,72
776,77
776,212
776,78
776,148
776,79
776,80
776,81
776,82
776,85
776,234
776,112
776,96
776,97
776,100
776,101
776,105
776,106
776,107
776,108
776,113
776,114
776,344
776,121
776,122
776,123
776,126
776,129
776,130
776,131
776,284
776,134
776,138
776,319
776,143
776,147
776,53
776,152
776,156
776,157
776,158
776,163
776,167
776,176
776,177
776,63
776,64
776,49
776,170
776,175
776,171
776,188
776,195
776,198
776,199
776,204
776,210
776,215
776,216
776,224
776,229
776,88
776,253
776,231
776,233
776,242
776,87
776,153
776,260
776,261
776,10
776,265
776,266
776,269
776,273
776,274
776,356
776,292
776,293
776,294
776,296
776,297
776,298
776,299
776,300
776,301
776,309
776,314
776,315
776,330
776,83
776,338
776,345
776,346
776,70
776,350
776,352
776,353
776,238
776,337
776,354
776,358
776,360
776,368
776,370
776,137
776,372
776,376
776,373
776,379
776,27
776,384
776,391
776,396
776,398
776,397
776,117
776,73
776,14
776,251
776,11
776,322
776,181
776,250
776,388
776,8
776,221
776,236
776,145
776,304
776,45
776,16
776,339
776,241
776,104
776,307
776,371
776,340
776,4
776,240
776,109
776,209
776,259
776,254
776,211
776,1
776,110
776,357
776,247
776,5
776,139
776,71
776,179
776,341
776,135
776,359
776,288
776,289
776,183
776,47
776,116
776,141
776,393
776,306
776,149
776,197
776,56
776,239
776,50
776,394
776,395
776,86
776,189
776,245
776,115
776,214
776,213
776,46
776,128
776,343
776,302
776,228
776,222
776,6
776,264
777,20
777,37
777,57
777,80
777,143
777,147
777,165
777,64
777,65
777,175
777,171
777,210
777,215
777,35
777,291
777,232
777,242
777,153
777,268
777,273
777,276
777,278
777,299
777,317
777,330
777,350
777,353
777,238
777,354
777,361
777,379
777,27
777,384
777,221
777,241
777,371
777,340
777,109
777,209
777,24
777,341
777,56
777,277
777,192
777,214
777,213
777,128
777,45
777,363
777,395
778,18
778,20
778,29
778,75
778,234
778,112
778,167
778,177
778,175
778,171
778,226
778,266
778,27
778,299
778,24
778,23
779,3
779,160
779,18
779,33
779,256
779,37
779,39
779,42
779,72
779,81
779,107
779,113
779,114
779,344
779,126
779,127
779,284
779,133
779,319
779,101
779,147
779,53
779,152
779,123
779,190
779,290
779,294
779,260
779,266
779,279
779,287
779,293
779,299
779,308
779,311
779,378
779,83
779,354
779,360
779,361
779,396
779,398
779,397
779,285
779,51
779,235
779,240
779,109
779,148
779,209
779,259
779,139
779,158
779,222
781,15
781,20
781,26
781,29
781,38
781,40
781,41
781,60
781,78
781,148
781,97
781,100
781,107
781,113
781,114
781,344
781,126
781,284
781,319
781,101
781,140
781,147
781,37
781,53
781,152
781,167
781,176
781,177
781,63
781,66
781,49
781,198
781,199
781,207
781,225
781,230
781,233
781,266
781,279
781,296
781,83
781,253
781,354
781,368
781,310
781,374
781,379
781,389
781,390
781,399
781,14
781,327
781,185
781,135
781,151
781,321
781,121
781,56
781,394
781,395
781,274
781,222
781,328
782,3
782,160
782,15
782,22
782,28
782,94
782,29
782,33
782,256
782,37
782,42
782,72
782,81
782,85
782,101
782,107
782,113
782,114
782,344
782,366
782,134
782,319
782,147
782,165
782,177
782,182
782,192
782,194
782,198
782,205
782,206
782,290
782,226
782,231
782,233
782,87
782,253
782,266
782,274
782,356
782,281
782,293
782,296
782,297
782,299
782,300
782,314
782,318
782,383
782,346
782,138
782,352
782,353
782,238
782,337
782,360
782,364
782,379
782,391
782,396
782,117
782,73
782,14
782,341
782,118
782,235
782,123
782,240
782,109
782,148
782,209
782,1
782,120
782,135
782,359
782,288
782,289
782,393
782,306
782,307
782,277
782,278
782,201
782,52
782,199
782,51
782,222
782,150
782,2
783,3
783,160
783,15
783,18
783,21
783,25
783,29
783,32
783,33
783,256
783,34
783,37
783,41
783,248
783,57
783,60
783,72
783,77
783,78
783,148
783,79
783,80
783,81
783,90
783,93
783,234
783,112
783,100
783,106
783,107
783,113
783,120
783,126
783,284
783,319
783,101
783,143
783,147
783,53
783,150
783,158
783,176
783,177
783,63
783,64
783,65
783,66
783,123
783,182
783,195
783,198
783,199
783,204
783,207
783,290
783,210
783,225
783,230
783,233
783,242
783,87
783,253
783,257
783,266
783,273
783,274
783,356
783,280
783,293
783,296
783,299
783,309
783,314
783,330
783,337
783,343
783,70
783,350
783,353
783,238
783,354
783,360
783,364
783,379
783,27
783,390
783,391
783,396
783,398
783,399
783,117
783,251
783,11
783,285
783,181
783,236
783,307
783,371
783,340
783,235
783,4
783,110
783,244
783,247
783,111
783,144
783,135
783,359
783,288
783,289
783,178
783,183
783,116
783,393
783,5
783,306
783,56
783,394
783,395
783,99
783,189
783,245
783,351
783,67
783,128
783,222
783,344
785,0
785,3
785,160
785,15
785,23
785,30
785,26
785,28
785,94
785,33
785,256
785,37
785,38
785,39
785,42
785,248
785,57
785,59
785,270
785,62
785,273
785,72
785,212
785,78
785,148
785,79
785,80
785,81
785,91
785,92
785,43
785,234
785,112
785,100
785,104
785,107
785,108
785,113
785,114
785,344
785,119
785,291
785,120
785,122
785,123
785,127
785,284
785,133
785,366
785,136
785,319
785,101
785,143
785,147
785,53
785,150
785,152
785,158
785,162
785,164
785,167
785,176
785,177
785,64
785,49
785,182
785,188
785,198
785,199
785,210
785,216
785,224
785,225
785,233
785,58
785,242
785,246
785,249
785,87
785,253
785,153
785,264
785,265
785,266
785,269
785,276
785,278
785,279
785,282
785,335
785,202
785,283
785,293
785,296
785,297
785,299
785,301
785,311
785,378
785,314
785,315
785,330
785,83
785,337
785,338
785,346
785,138
785,348
785,350
785,195
785,353
785,238
785,360
785,361
785,364
785,368
785,137
785,372
785,310
785,377
785,379
785,382
785,381
785,27
785,391
785,395
785,396
785,117
785,180
785,61
785,322
785,103
785,236
785,298
785,118
785,227
785,237
785,371
785,340
785,240
785,1
785,4
785,110
785,320
785,144
785,341
785,183
785,324
785,393
785,306
785,307
785,218
785,217
785,277
785,84
785,347
785,214
785,213
785,46
785,222
785,2
785,363
786,3
786,160
786,18
786,102
786,113
786,132
786,158
786,177
786,199
786,207
786,266
786,273
786,293
786,298
786,27
786,396
786,371
786,340
786,1
787,3
787,160
787,15
787,18
787,25
787,32
787,33
787,256
787,37
787,39
787,41
787,72
787,78
787,148
787,81
787,234
787,112
787,124
787,100
787,105
787,107
787,113
787,114
787,344
787,123
787,126
787,284
787,319
787,101
787,147
787,53
787,176
787,177
787,66
787,49
787,182
787,188
787,198
787,199
787,207
787,233
787,87
787,253
787,266
787,274
787,356
787,279
787,282
787,335
787,202
787,283
787,293
787,296
787,297
787,299
787,301
787,315
787,83
787,346
787,138
787,353
787,238
787,337
787,360
787,364
787,368
787,396
787,117
787,387
787,388
787,236
787,118
787,235
787,240
787,109
787,209
787,345
787,135
787,393
787,56
787,84
787,394
787,395
787,1
787,189
787,245
787,351
787,195
787,21
787,120
788,15
788,22
788,33
788,256
788,34
788,37
788,248
788,57
788,78
788,148
788,80
788,81
788,108
788,113
788,114
788,344
788,284
788,319
788,101
788,143
788,147
788,158
788,167
788,177
788,63
788,64
788,65
788,49
788,182
788,199
788,207
788,225
788,231
788,233
788,242
788,264
788,273
788,279
788,298
788,299
788,314
788,83
788,353
788,238
788,337
788,354
788,360
788,364
788,368
788,27
788,391
788,398
788,117
788,14
788,181
788,371
788,340
788,259
788,179
788,135
788,183
788,197
788,56
788,128
789,3
789,160
789,23
789,22
789,26
789,28
789,94
789,212
789,85
789,107
789,120
789,366
789,319
789,101
789,147
789,37
789,157
789,158
789,177
789,49
789,182
789,198
789,210
789,242
789,87
789,253
789,266
789,273
789,279
789,293
789,314
789,346
789,138
789,372
789,379
789,396
789,117
789,73
789,252
789,348
789,155
789,104
789,240
789,109
789,148
789,209
789,4
789,183
789,214
789,213
789,12
790,13
790,23
790,29
790,31
790,221
790,37
790,39
790,248
790,60
790,78
790,148
790,80
790,81
790,85
790,97
790,98
790,100
790,108
790,113
790,114
790,344
790,119
790,291
790,126
790,319
790,101
790,143
790,147
790,158
790,176
790,177
790,63
790,64
790,65
790,169
790,188
790,198
790,207
790,210
790,224
790,230
790,231
790,242
790,121
790,266
790,273
790,274
790,356
790,280
790,283
790,293
790,299
790,278
790,303
790,314
790,315
790,328
790,333
790,337
790,343
790,352
790,354
790,361
790,362
790,390
790,368
790,137
790,379
790,353
790,391
790,396
790,399
790,117
790,73
790,14
790,251
790,11
790,388
790,255
790,341
790,219
790,371
790,340
790,235
790,258
790,254
790,123
790,110
790,355
790,139
790,141
790,324
790,24
790,393
790,149
790,197
790,56
790,394
790,395
790,99
790,331
790,265
790,125
791,3
791,160
791,29
791,37
791,42
791,248
791,78
791,148
791,113
791,123
791,126
791,127
791,138
791,319
791,101
791,150
791,152
791,158
791,177
791,64
791,190
791,199
791,224
791,88
791,253
791,266
791,273
791,274
791,356
791,293
791,299
791,314
791,334
791,346
791,348
791,354
791,310
791,376
791,373
791,27
791,385
791,386
791,117
791,375
791,73
791,14
791,181
791,118
791,371
791,340
791,56
791,179
791,183
791,1
791,115
791,343
791,222
791,344
792,3
792,160
792,26
792,28
792,94
792,29
792,33
792,256
792,37
792,42
792,248
792,57
792,212
792,80
792,81
792,105
792,107
792,113
792,126
792,284
792,366
792,319
792,101
792,147
792,53
792,161
792,158
792,177
792,175
792,171
792,198
792,199
792,204
792,205
792,207
792,242
792,249
792,87
792,253
792,265
792,266
792,273
792,293
792,294
792,314
792,338
792,358
792,379
792,27
792,396
792,117
792,73
792,285
792,255
792,241
792,371
792,340
792,240
792,109
792,148
792,209
792,259
792,321
792,189
792,245
792,214
792,213
792,222
792,344
792,380
796,23
796,25
796,32
796,60
796,72
796,319
796,101
796,177
796,205
796,207
796,360
796,368
796,389
796,390
796,387
796,388
796,236
798,25
798,57
798,284
798,366
798,319
798,101
798,158
798,64
798,207
798,233
798,242
798,266
798,308
798,346
798,138
798,354
798,360
798,396
798,398
798,285
798,103
798,304
798,45
798,241
798,371
798,340
798,151
798,48
798,46
801,3
801,160
801,13
801,15
801,18
801,19
801,20
801,21
801,22
801,30
801,25
801,28
801,94
801,29
801,32
801,33
801,256
801,34
801,37
801,38
801,39
801,42
801,248
801,44
801,103
801,75
801,54
801,59
801,62
801,69
801,267
801,72
801,76
801,77
801,212
801,78
801,148
801,79
801,81
801,91
801,92
801,43
801,93
801,234
801,112
801,96
801,97
801,98
801,105
801,106
801,107
801,108
801,311
801,113
801,114
801,344
801,119
801,291
801,120
801,121
801,122
801,123
801,126
801,127
801,129
801,284
801,133
801,366
801,134
801,136
801,138
801,319
801,101
801,140
801,143
801,147
801,53
801,150
801,156
801,157
801,158
801,163
801,164
801,166
801,176
801,177
801,64
801,170
801,182
801,186
801,187
801,188
801,193
801,198
801,199
801,202
801,206
801,207
801,290
801,216
801,225
801,35
801,272
801,229
801,317
801,231
801,233
801,58
801,246
801,249
801,200
801,261
801,10
801,266
801,273
801,274
801,356
801,279
801,280
801,283
801,292
801,293
801,296
801,297
801,298
801,299
801,300
801,301
801,303
801,309
801,378
801,314
801,315
801,316
801,330
801,83
801,337
801,333
801,338
801,342
801,346
801,348
801,252
801,350
801,195
801,353
801,238
801,354
801,358
801,360
801,364
801,368
801,370
801,310
801,374
801,377
801,376
801,373
801,379
801,382
801,381
801,27
801,391
801,396
801,398
801,397
801,117
801,375
801,73
801,387
801,349
801,99
801,14
801,251
801,11
801,285
801,181
801,250
801,258
801,151
801,365
801,388
801,236
801,55
801,145
801,36
801,16
801,118
801,241
801,307
801,371
801,340
801,240
801,109
801,209
801,259
801,254
801,211
801,110
801,357
801,247
801,244
801,5
801,139
801,111
801,135
801,359
801,288
801,289
801,141
801,183
801,2
801,197
801,56
801,239
801,84
801,146
801,86
801,85
801,347
801,351
801,9
801,46
801,222
801,255
801,12
804,13
804,17
804,22
804,28
804,94
804,37
804,39
804,248
804,57
804,212
804,78
804,148
804,80
804,107
804,108
804,113
804,114
804,344
804,119
804,291
804,120
804,123
804,132
804,319
804,101
804,143
804,53
804,152
804,158
804,167
804,177
804,170
804,182
804,193
804,198
804,199
804,207
804,290
804,224
804,231
804,121
804,266
804,269
804,273
804,279
804,153
804,293
804,299
804,313
804,312
804,337
804,333
804,360
804,368
804,376
804,373
804,27
804,391
804,396
804,221
804,68
804,184
804,237
804,241
804,371
804,340
804,345
804,179
804,183
804,393
804,102
804,21
804,214
804,213
804,46
804,255
804,247
804,395
805,3
805,160
805,15
805,18
805,20
805,23
805,22
805,28
805,94
805,29
805,32
805,33
805,256
805,37
805,42
805,72
805,212
805,78
805,148
805,79
805,81
805,82
805,85
805,96
805,107
805,114
805,344
805,123
805,126
805,130
805,284
805,319
805,101
805,142
805,147
805,53
805,159
805,177
805,65
805,66
805,170
805,175
805,171
805,182
805,194
805,196
805,198
805,199
805,203
805,205
805,206
805,207
805,225
805,326
805,233
805,246
805,153
805,261
805,10
805,266
805,268
805,279
805,293
805,299
805,300
805,301
805,303
805,309
805,313
805,312
805,325
805,330
805,83
805,337
805,338
805,340
805,348
805,350
805,195
805,352
805,354
805,360
805,370
805,137
805,372
805,377
805,379
805,392
805,396
805,398
805,397
805,73
805,51
805,155
805,262
805,298
805,55
805,36
805,16
805,172
805,223
805,4
805,240
805,109
805,209
805,259
805,135
805,336
805,47
805,24
805,393
805,56
805,48
805,351
805,201
805,52
805,120
805,179
809,3
809,160
809,13
809,25
809,29
809,37
809,72
809,78
809,148
809,79
809,81
809,98
809,107
809,113
809,114
809,344
809,119
809,291
809,123
809,126
809,127
809,319
809,101
809,147
809,152
809,156
809,162
809,176
809,177
809,199
809,207
809,224
809,249
809,266
809,274
809,356
809,280
809,296
809,299
809,311
809,378
809,314
809,343
809,348
809,350
809,195
809,353
809,238
809,337
809,354
809,364
809,368
809,379
809,396
809,117
809,14
809,250
809,118
809,240
809,109
809,209
809,259
809,256
809,110
809,2
809,179
809,141
809,393
809,56
809,394
809,395
809,189
809,245
809,120
809,102
809,222
809,150
809,94
810,3
810,160
810,13
810,15
810,17
810,19
810,21
810,23
810,22
810,26
810,28
810,94
810,29
810,32
810,33
810,256
810,34
810,37
810,38
810,39
810,42
810,248
810,59
810,267
810,72
810,212
810,78
810,148
810,79
810,80
810,81
810,85
810,91
810,92
810,43
810,234
810,112
810,98
810,100
810,107
810,113
810,120
810,121
810,122
810,123
810,126
810,129
810,130
810,131
810,284
810,133
810,366
810,134
810,138
810,319
810,101
810,147
810,53
810,150
810,157
810,158
810,162
810,176
810,177
810,178
810,63
810,64
810,170
810,186
810,194
810,195
810,198
810,199
810,207
810,210
810,216
810,224
810,35
810,291
810,88
810,253
810,232
810,200
810,266
810,273
810,274
810,356
810,293
810,296
810,299
810,301
810,309
810,314
810,315
810,330
810,83
810,338
810,340
810,346
810,350
810,353
810,238
810,337
810,354
810,358
810,368
810,310
810,377
810,376
810,373
810,379
810,27
810,385
810,386
810,391
810,392
810,396
810,398
810,397
810,117
810,375
810,73
810,14
810,251
810,11
810,285
810,181
810,252
810,348
810,250
810,258
810,388
810,155
810,8
810,221
810,262
810,255
810,145
810,36
810,118
810,371
810,240
810,109
810,209
810,259
810,254
810,211
810,357
810,247
810,179
810,135
810,306
810,307
810,197
810,56
810,50
810,86
810,222
810,344
810,6
810,395
810,104
810,114
810,242
810,298
810,311
810,378
810,241
810,4
810,111
810,24
810,217
813,3
813,160
813,7
813,28
813,94
813,33
813,256
813,42
813,62
813,82
813,101
813,122
813,123
813,129
813,132
813,134
813,147
813,37
813,150
813,157
813,177
813,257
813,266
813,293
813,299
813,301
813,314
813,338
813,372
813,377
813,396
813,117
813,8
813,221
813,118
813,104
813,259
813,198
813,339
813,218
813,217
813,212
813,9
813,347
813,222
813,125
813,363
813,23
813,26
813,60
813,59
813,72
813,79
813,85
813,107
813,120
813,126
813,175
813,171
813,292
813,330
813,370
813,137
813,392
813,399
819,3
819,160
819,13
819,23
819,26
819,29
819,33
819,256
819,37
819,38
819,248
819,54
819,212
819,79
819,80
819,82
819,85
819,101
819,102
819,107
819,113
819,114
819,344
819,123
819,129
819,131
819,284
819,133
819,366
819,134
819,138
819,319
819,147
819,53
819,157
819,158
819,176
819,177
819,64
819,182
819,198
819,202
819,210
819,216
819,224
819,225
819,229
819,184
819,242
819,87
819,253
819,266
819,273
819,292
819,293
819,296
819,297
819,299
819,301
819,309
819,314
819,330
819,83
819,338
819,346
819,358
819,360
819,368
819,372
819,376
819,373
819,379
819,384
819,392
819,396
819,399
819,221
819,14
819,59
819,36
819,16
819,237
819,371
819,340
819,259
819,110
819,111
819,244
819,183
819,197
819,277
819,278
819,214
819,213
819,46
819,343
819,222
819,331
819,265
820,23
820,22
820,173
820,28
820,94
820,31
820,37
820,60
820,77
820,78
820,148
820,81
820,90
820,234
820,112
820,113
820,114
820,344
820,121
820,284
820,133
820,319
820,101
820,147
820,53
820,176
820,63
820,198
820,206
820,207
820,290
820,87
820,253
820,266
820,274
820,356
820,296
820,314
820,316
820,325
820,73
820,337
820,348
820,350
820,195
820,353
820,238
820,354
820,390
820,368
820,370
820,137
820,379
820,396
820,117
820,375
820,349
820,99
820,14
820,227
820,355
820,293
820,139
820,120
820,4
820,56
820,222
820,331
820,265
820,328
820,2
820,3
820,160
820,19
820,20
820,21
820,29
820,33
820,256
820,39
820,40
820,42
820,248
820,44
820,103
820,57
820,67
820,72
820,212
820,79
820,80
820,85
820,124
820,96
820,97
820,104
820,107
820,108
820,123
820,126
820,127
820,143
820,150
820,152
820,157
820,161
820,158
820,167
820,177
820,182
820,188
820,190
820,194
820,199
820,202
820,205
820,216
820,230
820,231
820,233
820,242
820,200
820,260
820,273
820,275
820,283
820,287
820,291
820,295
820,299
820,303
820,315
820,317
820,329
820,330
820,83
820,343
820,352
820,358
820,360
820,377
820,376
820,373
820,27
820,385
820,386
820,391
820,397
820,399
820,251
820,11
820,285
820,8
820,221
820,236
820,55
820,145
820,219
820,118
820,241
820,371
820,340
820,235
820,240
820,109
820,209
820,254
820,71
820,327
820,110
820,357
820,247
820,5
820,119
820,135
820,336
820,183
820,24
820,393
820,197
820,332
820,43
820,84
820,394
820,395
820,154
820,115
820,351
820,311
820,208
821,2
821,3
821,160
821,15
821,17
821,19
821,21
821,23
821,22
821,25
821,26
821,28
821,94
821,29
821,31
821,32
821,33
821,256
821,34
821,37
821,38
821,40
821,42
821,248
821,75
821,54
821,57
821,60
821,62
821,67
821,69
821,72
821,76
821,77
821,78
821,148
821,79
821,80
821,81
821,91
821,92
821,43
821,93
821,124
821,96
821,100
821,102
821,106
821,107
821,108
821,113
821,120
821,123
821,126
821,127
821,129
821,131
821,284
821,133
821,366
821,134
821,136
821,286
821,319
821,101
821,143
821,147
821,53
821,150
821,156
821,157
821,161
821,158
821,159
821,162
821,164
821,166
821,176
821,177
821,63
821,64
821,65
821,66
821,170
821,174
821,175
821,171
821,182
821,186
821,188
821,191
821,193
821,190
821,194
821,195
821,198
821,199
821,202
821,204
821,205
821,207
821,290
821,210
821,215
821,225
821,226
821,35
821,291
821,116
821,326
821,88
821,253
821,294
821,231
821,232
821,233
821,242
821,243
821,87
821,200
821,257
821,153
821,261
821,10
821,266
821,269
821,271
821,369
821,273
821,274
821,356
821,279
821,51
821,292
821,293
821,296
821,297
821,298
821,299
821,278
821,301
821,303
821,308
821,309
821,311
821,378
821,314
821,315
821,325
821,330
821,83
821,337
821,338
821,340
821,342
821,345
821,346
821,138
821,348
821,70
821,350
821,353
821,238
821,354
821,358
821,360
821,361
821,364
821,365
821,368
821,137
821,310
821,377
821,376
821,373
821,379
821,382
821,381
821,27
821,385
821,386
821,389
821,390
821,391
821,396
821,398
821,399
821,117
821,375
821,73
821,180
821,14
821,251
821,11
821,305
821,322
821,285
821,181
821,252
821,250
821,388
821,155
821,220
821,327
821,184
821,237
821,236
821,255
821,145
821,219
821,318
821,103
821,36
821,16
821,118
821,172
821,241
821,307
821,371
821,240
821,109
821,209
821,259
821,254
821,211
821,1
821,4
821,110
821,357
821,247
821,5
821,139
821,144
821,52
821,48
821,71
821,179
821,336
821,183
821,47
821,24
821,393
821,306
821,227
821,321
821,197
821,56
821,367
821,277
821,50
821,84
821,146
821,394
821,395
821,86
821,85
821,154
821,347
821,201
821,262
821,214
821,213
821,46
821,128
821,343
821,45
821,302
821,228
821,222
821,178
821,12
821,344
821,221
821,6
824,3
824,160
824,23
824,26
824,69
824,85
824,101
824,105
824,104
824,107
824,113
824,120
824,129
824,131
824,134
824,319
824,177
824,175
824,171
824,198
824,210
824,266
824,293
824,301
824,314
824,330
824,252
824,352
824,137
824,379
824,117
824,118
824,371
824,340
824,355
824,347
825,3
825,160
825,7
825,15
825,17
825,18
825,19
825,20
825,21
825,23
825,22
825,30
825,173
825,25
825,26
825,28
825,94
825,29
825,31
825,32
825,33
825,256
825,37
825,38
825,40
825,42
825,248
825,75
825,59
825,62
825,67
825,69
825,267
825,72
825,76
825,212
825,78
825,148
825,79
825,80
825,81
825,85
825,90
825,91
825,92
825,43
825,93
825,124
825,96
825,97
825,98
825,100
825,106
825,107
825,108
825,113
825,120
825,123
825,126
825,127
825,129
825,130
825,284
825,134
825,136
825,286
825,319
825,101
825,143
825,53
825,150
825,156
825,157
825,158
825,159
825,162
825,164
825,166
825,167
825,176
825,177
825,63
825,64
825,65
825,66
825,168
825,49
825,170
825,174
825,175
825,171
825,182
825,186
825,187
825,188
825,191
825,192
825,193
825,190
825,194
825,196
825,198
825,199
825,202
825,203
825,204
825,205
825,206
825,207
825,290
825,216
825,225
825,226
825,35
825,291
825,326
825,230
825,229
825,88
825,253
825,232
825,233
825,58
825,242
825,243
825,249
825,200
825,263
825,153
825,261
825,10
825,266
825,269
825,273
825,274
825,356
825,279
825,281
825,283
825,287
825,292
825,293
825,295
825,296
825,297
825,298
825,299
825,300
825,301
825,303
825,308
825,309
825,314
825,315
825,317
825,316
825,325
825,330
825,83
825,337
825,338
825,340
825,342
825,345
825,348
825,252
825,70
825,350
825,195
825,353
825,238
825,354
825,358
825,360
825,361
825,362
825,364
825,368
825,310
825,374
825,377
825,376
825,373
825,379
825,27
825,390
825,391
825,396
825,398
825,397
825,117
825,375
825,73
825,180
825,14
825,251
825,11
825,305
825,285
825,68
825,51
825,89
825,48
825,151
825,388
825,155
825,220
825,8
825,221
825,327
825,184
825,237
825,236
825,55
825,145
825,304
825,45
825,103
825,322
825,36
825,16
825,339
825,241
825,371
825,223
825,240
825,109
825,209
825,259
825,357
825,247
825,179
825,135
825,336
825,323
825,183
825,141
825,2
825,321
825,197
825,56
825,277
825,278
825,239
825,146
825,394
825,395
825,86
825,9
825,201
825,52
825,214
825,213
825,46
825,222
825,255
825,328
825,208
825,12
825,344
825,380
825,6
826,2
826,3
826,160
826,7
826,15
826,17
826,18
826,19
826,22
826,25
826,28
826,94
826,29
826,31
826,32
826,33
826,256
826,34
826,37
826,38
826,39
826,40
826,42
826,248
826,75
826,54
826,57
826,59
826,270
826,62
826,67
826,69
826,267
826,72
826,76
826,212
826,78
826,148
826,79
826,80
826,81
826,82
826,85
826,93
826,124
826,96
826,97
826,106
826,107
826,113
826,123
826,126
826,127
826,129
826,130
826,284
826,132
826,134
826,136
826,286
826,319
826,101
826,143
826,147
826,53
826,150
826,156
826,157
826,161
826,158
826,159
826,162
826,166
826,176
826,177
826,63
826,64
826,65
826,66
826,49
826,170
826,174
826,175
826,171
826,182
826,186
826,187
826,188
826,191
826,192
826,193
826,194
826,196
826,199
826,202
826,203
826,204
826,205
826,206
826,207
826,290
826,216
826,225
826,226
826,35
826,291
826,326
826,88
826,253
826,232
826,233
826,242
826,243
826,87
826,200
826,153
826,265
826,266
826,269
826,273
826,274
826,356
826,279
826,281
826,287
826,293
826,294
826,295
826,296
826,297
826,298
826,299
826,300
826,301
826,303
826,308
826,309
826,314
826,315
826,317
826,325
826,330
826,83
826,338
826,340
826,342
826,348
826,350
826,195
826,352
826,353
826,238
826,337
826,354
826,358
826,360
826,362
826,364
826,368
826,372
826,310
826,374
826,377
826,376
826,373
826,27
826,390
826,391
826,392
826,396
826,398
826,397
826,399
826,117
826,375
826,73
826,14
826,251
826,11
826,285
826,68
826,252
826,51
826,89
826,48
826,151
826,388
826,155
826,8
826,221
826,327
826,184
826,237
826,236
826,304
826,45
826,103
826,322
826,36
826,16
826,241
826,371
826,240
826,109
826,209
826,259
826,4
826,357
826,247
826,5
826,135
826,359
826,288
826,289
826,336
826,183
826,141
826,393
826,332
826,43
826,56
826,277
826,278
826,239
826,50
826,217
826,146
826,86
826,9
826,201
826,52
826,214
826,213
826,46
826,302
826,228
826,222
826,255
826,328
826,208
826,344
826,6
826,395
1201,3
1201,160
1201,25
1201,32
1201,37
1201,60
1201,85
1201,113
1201,126
1201,319
1201,101
1201,53
1201,152
1201,177
1201,198
1201,199
1201,207
1201,266
1201,293
1201,296
1201,353
1201,238
1201,337
1201,379
1201,390
1201,396
1201,1
1201,120
1201,102
1201,6
1201,395
832,3
832,160
832,15
832,17
832,18
832,23
832,22
832,30
832,25
832,26
832,28
832,94
832,29
832,32
832,37
832,38
832,78
832,148
832,81
832,85
832,124
832,100
832,107
832,113
832,123
832,126
832,127
832,284
832,366
832,136
832,138
832,319
832,101
832,147
832,53
832,150
832,156
832,157
832,159
832,162
832,164
832,177
832,170
832,175
832,171
832,194
832,198
832,199
832,205
832,225
832,226
832,272
832,233
832,243
832,261
832,10
832,266
832,271
832,369
832,274
832,356
832,280
832,296
832,297
832,299
832,309
832,314
832,325
832,346
832,348
832,353
832,238
832,337
832,360
832,361
832,364
832,368
832,379
832,384
832,391
832,396
832,398
832,397
832,117
832,73
832,180
832,14
832,223
832,240
832,109
832,209
832,211
832,103
832,135
832,323
832,24
832,306
832,307
832,351
832,195
832,9
832,201
832,52
832,236
832,222
832,344
832,380
832,6
832,395
833,15
833,18
833,28
833,94
833,41
833,60
833,72
833,79
833,81
833,85
833,234
833,112
833,100
833,107
833,108
833,113
833,123
833,126
833,284
833,319
833,101
833,147
833,37
833,53
833,150
833,156
833,176
833,65
833,66
833,207
833,224
833,230
833,231
833,264
833,266
833,299
833,314
833,317
833,343
833,350
833,195
833,353
833,238
833,337
833,364
833,396
833,398
833,117
833,251
833,11
833,118
833,1
833,110
833,293
833,119
833,179
833,135
833,359
833,288
833,289
833,141
833,388
833,151
833,116
833,393
833,56
833,394
833,395
833,21
833,199
833,222
833,2
837,3
837,160
837,29
837,37
837,38
837,60
837,78
837,148
837,98
837,100
837,113
837,123
837,126
837,284
837,319
837,101
837,53
837,152
837,176
837,177
837,63
837,198
837,199
837,207
837,87
837,253
837,266
837,274
837,356
837,282
837,335
837,202
837,314
837,317
837,83
837,337
837,352
837,353
837,238
837,354
837,368
837,379
837,391
837,396
837,399
837,117
837,310
837,14
837,220
837,345
837,139
837,120
837,324
837,137
837,393
837,149
837,56
837,351
837,195
837,363
837,299
837,344
838,3
838,160
838,23
838,173
838,26
838,33
838,256
838,37
838,44
838,103
838,74
838,107
838,108
838,113
838,114
838,344
838,133
838,138
838,319
838,101
838,177
838,233
838,266
838,299
838,278
838,314
838,315
838,83
838,346
838,352
838,360
838,137
838,379
838,391
838,396
838,221
838,395
838,307
838,24
839,0
839,3
839,32
839,33
839,256
839,37
839,248
839,78
839,148
839,80
839,234
839,112
839,107
839,113
839,147
839,53
839,158
839,176
839,177
839,64
839,182
839,195
839,199
839,202
839,207
839,266
839,273
839,274
839,356
839,296
839,299
839,301
839,314
839,253
839,354
839,368
839,396
839,397
839,117
839,375
839,73
839,14
839,36
839,237
839,241
839,371
839,340
839,240
839,109
839,209
839,259
839,94
839,111
839,56
839,343
839,222
839,344
840,0
840,3
840,37
840,248
840,77
840,100
840,107
840,126
840,53
840,152
840,158
840,176
840,63
840,64
840,199
840,224
840,242
840,266
840,273
840,274
840,356
840,299
840,317
840,83
840,73
840,350
840,195
840,354
840,27
840,389
840,390
840,396
840,14
840,220
840,371
840,340
840,293
840,368
840,197
840,189
840,245
840,331
840,265
841,0
841,3
841,160
841,18
841,23
841,25
841,26
841,28
841,94
841,29
841,33
841,256
841,34
841,37
841,40
841,42
841,248
841,59
841,69
841,72
841,76
841,212
841,78
841,148
841,79
841,80
841,81
841,85
841,234
841,112
841,96
841,97
841,100
841,107
841,113
841,120
841,126
841,284
841,134
841,319
841,101
841,143
841,147
841,53
841,150
841,157
841,161
841,158
841,159
841,176
841,177
841,64
841,66
841,182
841,125
841,193
841,198
841,199
841,210
841,216
841,224
841,229
841,231
841,242
841,87
841,253
841,261
841,10
841,264
841,265
841,266
841,273
841,274
841,356
841,280
841,293
841,294
841,296
841,299
841,301
841,303
841,309
841,314
841,316
841,83
841,338
841,352
841,353
841,238
841,337
841,354
841,364
841,368
841,370
841,372
841,377
841,379
841,27
841,396
841,398
841,397
841,318
841,117
841,73
841,14
841,95
841,250
841,155
841,220
841,219
841,36
841,16
841,241
841,371
841,340
841,258
841,240
841,109
841,209
841,259
841,254
841,71
841,211
841,1
841,4
841,110
841,111
841,357
841,247
841,5
841,139
841,222
841,185
841,358
841,359
841,288
841,289
841,183
841,393
841,197
841,332
841,239
841,50
841,146
841,189
841,245
841,351
841,195
841,214
841,213
841,46
841,343
841,179
841,302
841,228
841,331
841,315
841,344
842,20
842,234
842,112
842,284
842,319
842,101
842,167
842,125
842,199
842,224
842,225
842,242
842,266
842,314
842,379
842,181
842,135
842,151
842,9
843,37
843,113
843,114
843,344
843,143
843,177
843,194
843,199
843,260
843,266
843,274
843,356
843,350
843,195
843,145
843,109
843,324
843,137
843,393
843,227
845,13
845,18
845,23
845,22
845,25
845,29
845,32
845,33
845,256
845,38
845,40
845,59
845,212
845,78
845,148
845,81
845,85
845,91
845,92
845,43
845,234
845,112
845,96
845,100
845,101
845,107
845,311
845,113
845,114
845,344
845,126
845,284
845,286
845,319
845,147
845,37
845,53
845,156
845,157
845,158
845,165
845,176
845,177
845,64
845,49
845,175
845,171
845,193
845,190
845,194
845,198
845,202
845,207
845,210
845,215
845,87
845,253
845,261
845,10
845,266
845,273
845,275
845,276
845,278
845,282
845,335
845,293
845,296
845,299
845,309
845,378
845,314
845,318
845,383
845,334
845,83
845,337
845,338
845,340
845,70
845,350
845,195
845,352
845,353
845,238
845,358
845,360
845,364
845,368
845,370
845,137
845,374
845,379
845,382
845,381
845,27
845,389
845,390
845,391
845,396
845,117
845,73
845,310
845,61
845,14
845,305
845,250
845,388
845,262
845,236
845,55
845,145
845,118
845,258
845,240
845,109
845,209
845,259
845,254
845,149
845,151
845,116
845,24
845,393
845,306
845,307
845,197
845,56
845,50
845,84
845,99
845,102
845,347
845,343
845,1
845,363
847,42
847,59
847,85
847,107
847,113
847,319
847,101
847,198
847,204
847,225
847,35
847,291
847,266
847,314
847,372
847,379
847,221
847,285
847,179
847,158
847,216
847,3
847,160
847,37
847,123
847,138
847,147
847,210
847,296
847,278
847,311
847,378
847,350
847,195
847,358
847,368
847,396
847,241
847,211
847,183
847,351
850,3
850,160
850,18
850,23
850,22
850,25
850,26
850,28
850,94
850,29
850,33
850,256
850,34
850,37
850,38
850,39
850,41
850,42
850,59
850,62
850,69
850,267
850,72
850,76
850,212
850,78
850,148
850,79
850,81
850,91
850,92
850,43
850,93
850,234
850,112
850,124
850,96
850,107
850,108
850,113
850,119
850,291
850,120
850,123
850,126
850,127
850,129
850,130
850,131
850,284
850,134
850,136
850,286
850,319
850,101
850,53
850,150
850,152
850,156
850,157
850,159
850,162
850,163
850,164
850,166
850,167
850,176
850,177
850,66
850,170
850,175
850,171
850,182
850,188
850,193
850,190
850,198
850,199
850,202
850,204
850,206
850,207
850,290
850,216
850,272
850,229
850,233
850,58
850,87
850,253
850,200
850,260
850,266
850,275
850,281
850,287
850,293
850,295
850,296
850,299
850,301
850,309
850,311
850,378
850,314
850,329
850,330
850,334
850,83
850,333
850,338
850,346
850,138
850,348
850,70
850,350
850,195
850,353
850,238
850,337
850,354
850,358
850,360
850,364
850,368
850,310
850,374
850,377
850,379
850,382
850,381
850,391
850,396
850,398
850,397
850,117
850,375
850,73
850,180
850,14
850,251
850,11
850,305
850,285
850,252
850,250
850,258
850,388
850,8
850,221
850,236
850,145
850,103
850,322
850,36
850,16
850,118
850,307
850,235
850,240
850,109
850,209
850,259
850,254
850,211
850,357
850,247
850,244
850,5
850,139
850,135
850,323
850,116
850,393
850,2
850,321
850,197
850,56
850,239
850,84
850,146
850,394
850,395
850,86
850,85
850,154
850,222
850,12
850,344
850,6
851,25
851,78
851,148
851,114
851,344
851,138
851,176
851,177
851,198
851,266
851,274
851,356
851,350
851,195
851,354
851,396
851,117
851,375
851,235
851,113
851,393
851,222
853,2
853,3
853,160
853,22
853,28
853,94
853,29
853,33
853,256
853,34
853,37
853,42
853,60
853,80
853,96
853,101
853,106
853,107
853,113
853,123
853,126
853,284
853,134
853,138
853,319
853,143
853,53
853,150
853,158
853,159
853,177
853,175
853,171
853,182
853,191
853,194
853,198
853,204
853,210
853,215
853,225
853,272
853,233
853,87
853,253
853,263
853,266
853,279
853,293
853,297
853,299
853,301
853,309
853,314
853,329
853,330
853,83
853,338
853,350
853,195
853,360
853,137
853,379
853,27
853,396
853,251
853,11
853,103
853,252
853,348
853,250
853,8
853,221
853,236
853,36
853,16
853,172
853,241
853,371
853,340
853,240
853,109
853,148
853,209
853,259
853,4
853,179
853,183
853,321
853,197
853,14
853,201
853,52
853,343
853,222
853,255
853,344
854,23
854,163
854,198
854,314
854,352
854,137
854,392
854,212
854,107
854,266
854,396
855,0
855,3
855,23
855,32
855,33
855,256
855,37
855,41
855,248
855,60
855,67
855,77
855,80
855,107
855,113
855,114
855,344
855,119
855,291
855,126
855,319
855,101
855,150
855,152
855,158
855,177
855,63
855,198
855,207
855,242
855,87
855,253
855,266
855,273
855,283
855,314
855,333
855,83
855,353
855,238
855,337
855,354
855,310
855,374
855,376
855,373
855,379
855,396
855,399
855,117
855,14
855,371
855,340
855,71
855,227
855,56
855,351
855,195
855,302
855,228
855,160
855,222
858,3
858,160
858,15
858,23
858,22
858,26
858,28
858,94
858,33
858,256
858,44
858,103
858,54
858,79
858,80
858,105
858,107
858,284
858,133
858,366
858,138
858,319
858,101
858,147
858,37
858,53
858,158
858,177
858,182
858,193
858,194
858,198
858,210
858,215
858,225
858,184
858,266
858,268
858,273
858,279
858,297
858,299
858,278
858,314
858,325
858,329
858,346
858,252
858,360
858,370
858,137
858,379
858,396
858,180
858,155
858,236
858,36
858,16
858,237
858,371
858,340
858,240
858,109
858,148
858,209
858,259
858,293
858,320
858,185
858,179
858,341
858,183
858,321
858,367
858,239
858,50
858,146
858,115
858,46
858,344
860,3
860,160
860,25
860,29
860,33
860,256
860,37
860,40
860,41
860,267
860,72
860,212
860,78
860,148
860,79
860,81
860,107
860,113
860,123
860,126
860,284
860,319
860,101
860,53
860,152
860,177
860,170
860,198
860,199
860,202
860,205
860,207
860,290
860,200
860,261
860,10
860,266
860,274
860,356
860,281
860,293
860,296
860,299
860,311
860,378
860,330
860,338
860,350
860,195
860,353
860,238
860,337
860,354
860,360
860,364
860,368
860,310
860,385
860,386
860,390
860,391
860,396
860,117
860,285
860,95
860,388
860,220
860,219
860,240
860,109
860,209
860,259
860,5
860,135
860,359
860,288
860,289
860,141
860,393
860,197
860,14
860,146
860,189
860,245
860,351
860,222
860,344
860,6
860,395
863,3
863,160
863,15
863,18
863,19
863,21
863,23
863,22
863,173
863,25
863,26
863,28
863,94
863,29
863,32
863,33
863,256
863,34
863,37
863,39
863,40
863,42
863,248
863,44
863,103
863,57
863,60
863,67
863,69
863,267
863,72
863,74
863,77
863,78
863,148
863,79
863,80
863,81
863,85
863,234
863,112
863,124
863,101
863,105
863,107
863,108
863,113
863,120
863,123
863,126
863,127
863,284
863,133
863,366
863,134
863,136
863,138
863,286
863,319
863,143
863,147
863,53
863,150
863,152
863,161
863,159
863,162
863,166
863,167
863,177
863,63
863,64
863,65
863,66
863,170
863,175
863,171
863,182
863,194
863,198
863,202
863,207
863,290
863,210
863,215
863,225
863,35
863,291
863,272
863,88
863,253
863,294
863,233
863,58
863,242
863,243
863,87
863,200
863,263
863,264
863,266
863,273
863,274
863,356
863,280
863,281
863,287
863,293
863,296
863,299
863,300
863,301
863,303
863,311
863,378
863,314
863,317
863,318
863,383
863,330
863,338
863,340
863,343
863,346
863,350
863,195
863,353
863,238
863,337
863,354
863,358
863,360
863,364
863,368
863,370
863,137
863,372
863,310
863,374
863,376
863,373
863,379
863,27
863,385
863,386
863,391
863,396
863,398
863,397
863,399
863,117
863,73
863,387
863,251
863,11
863,322
863,285
863,250
863,155
863,262
863,236
863,145
863,16
863,241
863,307
863,371
863,235
863,240
863,109
863,209
863,259
863,254
863,149
863,355
863,320
863,247
863,111
863,135
863,359
863,288
863,289
863,183
863,141
863,24
863,393
863,2
863,327
863,321
863,197
863,14
863,332
863,158
863,56
863,239
863,50
863,146
863,394
863,395
863,86
863,189
863,245
863,351
863,46
863,222
863,255
863,1
863,344
863,6
865,3
865,160
865,22
865,25
865,28
865,94
865,34
865,37
865,42
865,72
865,81
865,234
865,112
865,100
865,107
865,113
865,123
865,126
865,284
865,319
865,101
865,53
865,158
865,159
865,167
865,177
865,65
865,170
865,194
865,199
865,202
865,216
865,233
865,243
865,266
865,274
865,356
865,281
865,293
865,299
865,309
865,314
865,330
865,350
865,195
865,353
865,238
865,337
865,372
865,377
865,376
865,373
865,396
865,397
865,117
865,305
865,285
865,68
865,51
865,89
865,48
865,55
865,304
865,45
865,36
865,16
865,118
865,223
865,240
865,109
865,148
865,209
865,135
865,394
865,395
865,86
865,85
865,18
865,189
865,245
865,222
865,6
866,22
866,100
866,107
866,113
866,126
866,284
866,319
866,101
866,152
866,158
866,159
866,177
866,64
866,66
866,169
866,182
866,198
866,199
866,206
866,207
866,210
866,225
866,87
866,253
866,266
866,273
866,296
866,303
866,314
866,354
866,360
866,27
866,396
866,399
866,95
866,236
866,304
866,45
866,16
866,235
866,259
866,256
866,183
866,151
866,56
866,351
866,195
866,9
866,46
866,208
867,18
867,19
867,21
867,22
867,26
867,28
867,94
867,29
867,33
867,256
867,34
867,38
867,39
867,40
867,69
867,72
867,76
867,78
867,148
867,79
867,234
867,112
867,124
867,105
867,106
867,107
867,113
867,120
867,123
867,126
867,127
867,129
867,130
867,284
867,134
867,319
867,101
867,53
867,150
867,156
867,159
867,163
867,164
867,166
867,167
867,177
867,66
867,170
867,186
867,187
867,198
867,202
867,205
867,207
867,290
867,216
867,229
867,88
867,253
867,233
867,243
867,200
867,261
867,10
867,266
867,274
867,356
867,281
867,292
867,296
867,299
867,300
867,301
867,308
867,314
867,330
867,338
867,342
867,70
867,350
867,195
867,353
867,238
867,337
867,354
867,364
867,368
867,310
867,379
867,382
867,381
867,385
867,386
867,391
867,398
867,397
867,117
867,73
867,322
867,285
867,252
867,348
867,250
867,51
867,388
867,236
867,339
867,118
867,240
867,109
867,209
867,259
867,399
867,71
867,211
867,357
867,247
867,5
867,135
867,321
867,146
867,86
867,85
867,222
867,255
867,344
867,380
867,227
867,6
867,395
869,13
869,15
869,21
869,29
869,37
869,39
869,212
869,78
869,148
869,81
869,124
869,107
869,108
869,113
869,114
869,344
869,126
869,319
869,101
869,147
869,176
869,177
869,123
869,49
869,198
869,207
869,224
869,225
869,231
869,233
869,87
869,253
869,266
869,274
869,356
869,280
869,282
869,335
869,202
869,296
869,309
869,314
869,315
869,333
869,83
869,350
869,195
869,353
869,238
869,337
869,368
869,374
869,391
869,396
869,14
869,99
869,365
869,255
869,235
869,240
869,158
869,110
869,357
869,247
869,244
869,119
869,1
869,5
869,393
869,197
869,84
869,154
869,299
872,3
872,160
872,15
872,18
872,19
872,23
872,22
872,30
872,173
872,28
872,94
872,37
872,72
872,78
872,148
872,81
872,85
872,90
872,105
872,106
872,107
872,113
872,114
872,344
872,123
872,126
872,133
872,138
872,53
872,150
872,177
872,182
872,198
872,226
872,233
872,266
872,282
872,335
872,202
872,283
872,299
872,278
872,308
872,315
872,325
872,346
872,360
872,384
872,391
872,396
872,73
872,36
872,16
872,172
872,223
872,240
872,109
872,209
872,259
872,256
872,139
872,319
872,38
872,158
872,327
872,363
874,3
874,160
874,23
874,25
874,26
874,32
874,37
874,248
874,77
874,212
874,78
874,148
874,90
874,105
874,102
874,104
874,113
874,114
874,344
874,126
874,131
874,319
874,101
874,53
874,152
874,158
874,177
874,41
874,64
874,198
874,207
874,290
874,210
874,326
874,242
874,266
874,273
874,295
874,296
874,299
874,301
874,314
874,330
874,337
874,348
874,350
874,195
874,353
874,238
874,354
874,137
874,379
874,27
874,385
874,386
874,391
874,396
874,61
874,14
874,285
874,371
874,340
874,235
874,56
874,324
874,24
874,393
874,394
874,395
874,189
874,245
874,351
874,214
874,213
874,46
874,71
877,3
877,160
877,19
877,23
877,22
877,28
877,94
877,29
877,37
877,42
877,60
877,72
877,212
877,78
877,148
877,81
877,85
877,234
877,112
877,105
877,107
877,113
877,123
877,133
877,319
877,101
877,53
877,150
877,158
877,166
877,167
877,177
877,182
877,224
877,225
877,264
877,265
877,266
877,274
877,356
877,293
877,301
877,309
877,314
877,330
877,83
877,338
877,350
877,195
877,360
877,379
877,384
877,390
877,396
877,117
877,184
877,237
877,259
877,256
877,5
877,179
877,135
877,272
877,201
877,52
877,222
877,344
879,0
879,3
879,160
879,18
879,20
879,248
879,57
879,270
879,80
879,100
879,113
879,114
879,344
879,284
879,138
879,319
879,101
879,147
879,37
879,158
879,177
879,175
879,171
879,182
879,198
879,210
879,226
879,58
879,246
879,249
879,261
879,10
879,266
879,274
879,356
879,294
879,314
879,316
879,83
879,361
879,362
879,379
879,396
879,398
879,251
879,11
879,95
879,250
879,371
879,340
879,123
879,355
879,318
879,183
879,24
879,23
879,306
879,307
879,9
879,102
879,222
879,150
879,2
879,327
879,325
879,380
880,0
880,3
880,160
880,15
880,17
880,23
880,173
880,26
880,28
880,94
880,29
880,33
880,256
880,34
880,37
880,39
880,42
880,44
880,103
880,72
880,74
880,78
880,148
880,79
880,81
880,124
880,105
880,107
880,108
880,113
880,114
880,344
880,119
880,291
880,120
880,122
880,123
880,126
880,284
880,133
880,366
880,138
880,319
880,101
880,147
880,53
880,150
880,165
880,176
880,177
880,170
880,182
880,195
880,198
880,202
880,204
880,290
880,224
880,225
880,226
880,233
880,87
880,253
880,200
880,261
880,10
880,266
880,271
880,369
880,274
880,356
880,279
880,283
880,296
880,297
880,299
880,278
880,313
880,312
880,314
880,315
880,325
880,83
880,343
880,346
880,348
880,352
880,360
880,364
880,368
880,137
880,379
880,384
880,391
880,396
880,117
880,73
880,180
880,387
880,14
880,252
880,51
880,89
880,48
880,145
880,304
880,45
880,36
880,227
880,235
880,259
880,110
880,355
880,139
880,24
880,393
880,306
880,307
880,394
880,395
880,236
880,222
880,178
880,93
880,363
687,2
687,3
687,160
687,18
687,20
687,22
687,26
687,28
687,94
687,29
687,32
687,37
687,38
687,42
687,248
687,57
687,59
687,62
687,72
687,212
687,80
687,81
687,82
687,85
687,91
687,92
687,43
687,234
687,112
687,100
687,101
687,104
687,107
687,113
687,122
687,123
687,126
687,127
687,131
687,284
687,132
687,319
687,143
687,147
687,53
687,150
687,158
687,177
687,64
687,169
687,175
687,171
687,186
687,198
687,199
687,202
687,210
687,216
687,88
687,253
687,294
687,58
687,242
687,246
687,249
687,257
687,266
687,269
687,273
687,274
687,356
687,282
687,335
687,292
687,293
687,296
687,301
687,309
687,314
687,318
687,383
687,330
687,338
687,340
687,353
687,238
687,337
687,372
687,310
687,374
687,377
687,376
687,373
687,379
687,391
687,396
687,398
687,397
687,251
687,11
687,250
687,118
687,172
687,241
687,371
687,235
687,259
687,256
687,254
687,211
687,109
687,355
687,324
687,137
687,218
687,217
687,381
687,351
687,195
687,9
687,214
687,213
687,312
687,222
687,344
687,380
687,6
687,395
881,0
881,3
881,15
881,18
881,30
881,28
881,94
881,29
881,32
881,37
881,39
881,74
881,78
881,148
881,81
881,234
881,112
881,97
881,98
881,107
881,113
881,114
881,344
881,284
881,133
881,319
881,101
881,143
881,147
881,53
881,152
881,162
881,167
881,176
881,177
881,41
881,182
881,198
881,199
881,207
881,290
881,224
881,225
881,233
881,260
881,261
881,10
881,266
881,274
881,356
881,280
881,282
881,335
881,202
881,281
881,296
881,299
881,278
881,300
881,314
881,315
881,318
881,383
881,83
881,348
881,70
881,350
881,195
881,353
881,238
881,337
881,354
881,360
881,364
881,368
881,310
881,379
881,389
881,390
881,396
881,398
881,397
881,117
881,375
881,14
881,285
881,181
881,365
881,298
881,145
881,123
881,240
881,109
881,209
881,110
881,140
881,120
881,135
881,359
881,288
881,289
881,393
881,84
881,102
881,189
881,245
881,351
881,222
881,363
1067,3
1067,160
1067,18
1067,23
1067,173
1067,25
1067,32
1067,33
1067,256
1067,42
1067,59
1067,67
1067,72
1067,81
1067,107
1067,123
1067,284
1067,319
1067,101
1067,143
1067,158
1067,177
1067,64
1067,66
1067,182
1067,194
1067,198
1067,199
1067,204
1067,210
1067,225
1067,233
1067,261
1067,10
1067,266
1067,296
1067,297
1067,299
1067,314
1067,330
1067,338
1067,346
1067,138
1067,360
1067,137
1067,377
1067,379
1067,384
1067,396
1067,285
1067,181
1067,262
1067,241
1067,371
1067,340
1067,179
1067,183
1067,24
1067,394
1067,395
887,60
887,107
887,131
887,319
887,101
887,198
887,266
887,293
887,314
887,346
887,138
887,354
887,379
887,396
887,259
887,256
887,348
887,24
887,23
887,158
887,1
893,3
893,160
893,13
893,15
893,17
893,23
893,22
893,26
893,28
893,94
893,29
893,33
893,256
893,37
893,39
893,60
893,72
893,78
893,148
893,79
893,81
893,82
893,85
893,101
893,105
893,107
893,108
893,113
893,114
893,344
893,120
893,122
893,123
893,126
893,127
893,129
893,130
893,131
893,284
893,133
893,366
893,134
893,138
893,319
893,140
893,143
893,147
893,53
893,150
893,152
893,158
893,159
893,165
893,176
893,177
893,178
893,63
893,170
893,175
893,171
893,182
893,188
893,194
893,198
893,199
893,202
893,204
893,207
893,210
893,215
893,225
893,272
893,232
893,233
893,246
893,249
893,87
893,253
893,153
893,266
893,271
893,369
893,274
893,356
893,279
893,280
893,282
893,335
893,283
893,292
893,293
893,294
893,296
893,298
893,299
893,278
893,300
893,301
893,309
893,311
893,378
893,313
893,312
893,314
893,315
893,317
893,318
893,383
893,325
893,329
893,330
893,337
893,338
893,346
893,353
893,238
893,354
893,358
893,360
893,364
893,368
893,310
893,379
893,382
893,381
893,384
893,385
893,386
893,391
893,396
893,397
893,117
893,375
893,73
893,180
893,14
893,251
893,11
893,305
893,68
893,181
893,91
893,51
893,89
893,48
893,145
893,103
893,322
893,227
893,235
893,240
893,109
893,209
893,259
893,110
893,119
893,320
893,139
893,106
893,212
893,116
893,324
893,137
893,393
893,306
893,307
893,197
893,277
893,84
893,146
893,394
893,395
893,1
893,189
893,245
893,347
893,115
893,351
893,195
893,343
893,222
893,331
893,265
893,18
893,21
893,30
893,173
893,25
893,31
893,32
893,34
893,38
893,40
893,42
893,248
893,75
893,57
893,59
893,62
893,270
893,67
893,273
893,76
893,80
893,124
893,96
893,286
893,156
893,157
893,161
893,164
893,166
893,41
893,64
893,65
893,169
893,174
893,186
893,190
893,196
893,205
893,206
893,290
893,35
893,291
893,326
893,229
893,88
893,242
893,243
893,200
893,261
893,10
893,269
893,287
893,297
893,303
893,308
893,316
893,328
893,334
893,340
893,342
893,345
893,348
893,70
893,352
893,361
893,370
893,372
893,374
893,376
893,373
893,27
893,389
893,390
893,392
893,387
893,349
893,99
893,250
893,365
893,220
893,327
893,55
893,219
893,304
893,45
893,118
893,241
893,371
893,223
893,185
893,179
893,341
893,135
893,336
893,183
893,47
893,24
893,2
893,218
893,217
893,321
893,332
893,56
893,239
893,285
893,154
893,214
893,213
893,46
893,128
893,93
893,125
893,363
893,12
893,6
895,2
895,3
895,160
895,17
895,18
895,19
895,20
895,21
895,22
895,26
895,28
895,94
895,29
895,31
895,33
895,256
895,34
895,37
895,38
895,39
895,40
895,41
895,42
895,248
895,57
895,62
895,267
895,72
895,77
895,212
895,78
895,148
895,79
895,80
895,81
895,85
895,90
895,91
895,92
895,43
895,93
895,234
895,112
895,124
895,96
895,97
895,98
895,100
895,104
895,106
895,107
895,108
895,113
895,119
895,291
895,120
895,121
895,122
895,123
895,126
895,127
895,129
895,130
895,131
895,284
895,133
895,134
895,136
895,286
895,319
895,101
895,140
895,143
895,147
895,53
895,150
895,156
895,157
895,158
895,162
895,163
895,164
895,165
895,166
895,167
895,176
895,177
895,63
895,64
895,65
895,66
895,170
895,174
895,175
895,171
895,182
895,188
895,191
895,193
895,194
895,196
895,198
895,199
895,202
895,204
895,205
895,206
895,207
895,290
895,210
895,216
895,225
895,35
895,229
895,88
895,253
895,231
895,232
895,233
895,58
895,242
895,243
895,246
895,249
895,200
895,263
895,260
895,264
895,265
895,266
895,273
895,274
895,356
895,275
895,279
895,283
895,287
895,293
895,294
895,295
895,296
895,297
895,299
895,301
895,309
895,311
895,378
895,314
895,317
895,316
895,329
895,330
895,83
895,333
895,338
895,342
895,345
895,348
895,70
895,350
895,195
895,353
895,238
895,337
895,354
895,358
895,360
895,364
895,368
895,137
895,372
895,310
895,374
895,377
895,376
895,373
895,379
895,382
895,381
895,27
895,390
895,391
895,392
895,396
895,398
895,397
895,117
895,375
895,73
895,180
895,387
895,349
895,99
895,14
895,251
895,11
895,322
895,285
895,68
895,252
895,95
895,250
895,258
895,365
895,388
895,155
895,220
895,8
895,221
895,55
895,145
895,219
895,304
895,45
895,103
895,36
895,16
895,339
895,118
895,172
895,241
895,307
895,371
895,340
895,240
895,109
895,209
895,259
895,254
895,257
895,211
895,4
895,357
895,247
895,5
895,139
895,179
895,135
895,323
895,183
895,116
895,24
895,23
895,321
895,197
895,56
895,277
895,278
895,239
895,84
895,146
895,86
895,154
895,351
895,9
895,201
895,52
895,47
895,214
895,213
895,46
895,128
895,343
895,302
895,228
895,222
895,255
895,208
895,344
895,380
895,328
895,6
895,395
900,3
900,160
900,13
900,15
900,18
900,23
900,22
900,173
900,25
900,26
900,28
900,94
900,29
900,33
900,256
900,37
900,42
900,248
900,54
900,57
900,60
900,62
900,72
900,212
900,78
900,148
900,80
900,81
900,85
900,101
900,107
900,108
900,113
900,116
900,120
900,123
900,126
900,366
900,134
900,136
900,138
900,319
900,143
900,147
900,53
900,150
900,156
900,158
900,164
900,165
900,167
900,176
900,177
900,170
900,182
900,195
900,198
900,203
900,204
900,205
900,206
900,210
900,216
900,225
900,294
900,232
900,233
900,184
900,242
900,87
900,253
900,266
900,268
900,269
900,271
900,369
900,273
900,274
900,356
900,279
900,293
900,296
900,297
900,298
900,299
900,300
900,301
900,313
900,312
900,314
900,318
900,383
900,330
900,337
900,343
900,346
900,348
900,352
900,354
900,360
900,364
900,368
900,372
900,310
900,377
900,376
900,373
900,379
900,391
900,396
900,398
900,117
900,180
900,14
900,285
900,8
900,221
900,255
900,36
900,16
900,118
900,241
900,371
900,340
900,235
900,240
900,109
900,209
900,259
900,4
900,144
900,135
900,183
900,393
900,306
900,307
900,56
900,50
900,394
900,395
900,351
900,214
900,213
900,46
900,128
900,179
900,222
900,327
900,325
900,344
900,17
900,79
900,91
900,92
900,43
900,124
900,122
900,127
900,129
900,286
900,161
900,152
900,157
900,159
900,188
900,191
900,199
900,202
900,224
900,35
900,291
900,243
900,200
900,153
900,292
900,311
900,378
900,334
900,338
900,252
900,358
900,365
900,382
900,381
900,397
900,181
900,250
900,89
900,48
900,151
900,220
900,304
900,45
900,211
900,320
900,239
900,100
900,34
900,2
900,321
900,332
900,73
900,146
900,38
900,189
900,245
900,201
900,52
900,12
900,6
901,3
901,160
901,23
901,25
901,26
901,29
901,32
901,37
901,38
901,40
901,60
901,270
901,67
901,72
901,81
901,85
901,107
901,113
901,114
901,344
901,121
901,126
901,127
901,366
901,319
901,101
901,143
901,147
901,53
901,150
901,152
901,158
901,177
901,64
901,175
901,171
901,188
901,198
901,205
901,207
901,210
901,230
901,184
901,242
901,257
901,261
901,10
901,273
901,293
901,296
901,299
901,314
901,83
901,73
901,337
901,343
901,346
901,138
901,352
901,353
901,238
901,354
901,368
901,377
901,379
901,27
901,396
901,117
901,375
901,180
901,14
901,388
901,220
901,262
901,36
901,371
901,340
901,240
901,109
901,148
901,209
901,183
901,324
901,137
901,24
901,393
901,149
901,56
901,219
901,394
901,395
901,236
904,2
904,3
904,160
904,18
904,20
904,23
904,26
904,29
904,34
904,37
904,38
904,42
904,248
904,57
904,60
904,67
904,72
904,212
904,85
904,100
904,113
904,122
904,123
904,131
904,284
904,136
904,319
904,101
904,147
904,53
904,150
904,156
904,158
904,177
904,49
904,175
904,171
904,182
904,198
904,204
904,205
904,210
904,216
904,35
904,291
904,88
904,253
904,242
904,245
904,87
904,266
904,269
904,273
904,293
904,296
904,297
904,299
904,278
904,301
904,311
904,378
904,314
904,325
904,83
904,338
904,358
904,372
904,377
904,376
904,373
904,379
904,382
904,381
904,391
904,396
904,117
904,180
904,118
904,241
904,371
904,340
904,240
904,109
904,148
904,209
904,259
904,256
904,211
904,94
904,1
904,120
904,4
904,103
904,106
904,323
904,183
904,393
904,285
904,107
904,115
904,351
904,195
904,9
904,214
904,213
904,46
904,343
904,222
905,23
905,30
905,37
905,78
905,148
905,81
905,113
905,114
905,344
905,176
905,177
905,198
905,260
905,266
905,340
905,296
905,314
905,354
905,368
905,379
905,396
905,14
905,356
905,393
906,3
906,160
906,23
906,22
906,25
906,26
906,29
906,32
906,33
906,256
906,38
906,42
906,248
906,54
906,59
906,212
906,78
906,148
906,79
906,85
906,97
906,98
906,101
906,106
906,107
906,113
906,122
906,123
906,129
906,131
906,366
906,134
906,138
906,319
906,143
906,147
906,37
906,53
906,158
906,159
906,176
906,177
906,64
906,49
906,182
906,186
906,198
906,210
906,216
906,225
906,184
906,242
906,264
906,265
906,266
906,273
906,280
906,292
906,293
906,294
906,309
906,83
906,338
906,346
906,352
906,360
906,372
906,379
906,391
906,396
906,180
906,14
906,181
906,8
906,221
906,236
906,145
906,371
906,340
906,259
906,4
906,185
906,179
906,359
906,288
906,289
906,183
906,24
906,239
906,217
906,102
906,146
906,394
906,395
906,214
906,213
906,46
906,128
906,222
906,331
908,3
908,160
908,15
908,23
908,26
908,33
908,256
908,60
908,76
908,107
908,133
908,319
908,101
908,53
908,170
908,198
908,207
908,230
908,266
908,271
908,369
908,279
908,313
908,312
908,314
908,337
908,348
908,379
908,396
908,236
908,298
908,36
908,240
908,109
908,148
908,209
908,259
908,185
908,158
908,1
909,3
909,160
909,15
909,18
909,23
909,22
909,173
909,26
909,28
909,94
909,29
909,33
909,256
909,37
909,39
909,42
909,248
909,75
909,60
909,67
909,69
909,72
909,76
909,212
909,79
909,80
909,81
909,82
909,85
909,90
909,93
909,124
909,96
909,100
909,107
909,108
909,113
909,119
909,291
909,120
909,123
909,126
909,127
909,284
909,134
909,319
909,101
909,142
909,143
909,147
909,53
909,150
909,152
909,161
909,158
909,159
909,162
909,177
909,168
909,170
909,174
909,175
909,171
909,182
909,188
909,125
909,191
909,194
909,198
909,199
909,202
909,203
909,205
909,206
909,207
909,210
909,215
909,326
909,230
909,231
909,233
909,184
909,242
909,243
909,87
909,253
909,265
909,266
909,268
909,271
909,369
909,273
909,274
909,356
909,275
909,279
909,293
909,294
909,297
909,299
909,278
909,301
909,303
909,309
909,314
909,318
909,383
909,329
909,330
909,334
909,83
909,338
909,340
909,346
909,138
909,348
909,350
909,195
909,352
909,353
909,238
909,337
909,354
909,360
909,361
909,362
909,368
909,372
909,310
909,374
909,377
909,376
909,373
909,379
909,27
909,391
909,395
909,396
909,398
909,397
909,399
909,117
909,73
909,180
909,285
909,252
909,95
909,89
909,48
909,220
909,8
909,221
909,255
909,55
909,145
909,304
909,45
909,118
909,227
909,241
909,371
909,223
909,259
909,254
909,71
909,4
909,110
909,109
909,320
909,185
909,179
909,341
909,336
909,323
909,183
909,324
909,137
909,24
909,2
909,332
909,367
909,277
909,84
909,154
909,189
909,245
909,351
909,214
909,213
909,46
909,270
909,222
909,208
909,331
909,289
909,344
909,380
909,6
911,3
911,160
911,15
911,18
911,23
911,22
911,30
911,173
911,26
911,28
911,94
911,29
911,32
911,37
911,38
911,77
911,212
911,78
911,148
911,79
911,81
911,91
911,92
911,43
911,105
911,107
911,311
911,113
911,114
911,344
911,120
911,123
911,126
911,127
911,130
911,284
911,133
911,366
911,136
911,138
911,286
911,319
911,101
911,53
911,150
911,156
911,159
911,164
911,176
911,177
911,66
911,168
911,170
911,175
911,171
911,182
911,194
911,199
911,207
911,225
911,326
911,231
911,233
911,243
911,261
911,10
911,266
911,271
911,369
911,274
911,356
911,287
911,296
911,297
911,298
911,299
911,309
911,378
911,313
911,312
911,314
911,318
911,383
911,83
911,338
911,346
911,348
911,353
911,238
911,337
911,354
911,360
911,364
911,368
911,370
911,379
911,384
911,391
911,396
911,117
911,180
911,327
911,240
911,109
911,209
911,4
911,179
911,336
911,323
911,24
911,393
911,306
911,307
911,239
911,351
911,195
911,222
911,178
911,93
911,325
912,3
912,160
912,13
912,15
912,39
912,108
912,113
912,114
912,344
912,284
912,319
912,101
912,53
912,176
912,177
912,49
912,198
912,207
912,225
912,231
912,233
912,266
912,299
912,353
912,238
912,337
912,368
912,391
912,349
912,99
912,181
912,110
912,14
912,244
912,21
912,119
912,139
912,393
914,319
914,101
914,293
914,314
914,137
914,104
914,347
914,363
914,299
915,33
915,256
915,60
915,107
915,108
915,113
915,123
915,147
915,37
915,177
915,65
915,198
915,204
915,207
915,290
915,266
915,296
915,314
915,315
915,360
915,3
915,5
915,56
915,351
915,195
915,222
916,3
916,160
916,19
916,21
916,23
916,26
916,28
916,94
916,29
916,32
916,33
916,256
916,34
916,37
916,38
916,42
916,248
916,57
916,59
916,72
916,76
916,212
916,78
916,148
916,79
916,80
916,81
916,85
916,91
916,92
916,43
916,234
916,112
916,124
916,100
916,101
916,107
916,113
916,114
916,344
916,120
916,123
916,127
916,284
916,134
916,136
916,286
916,319
916,143
916,147
916,150
916,152
916,161
916,158
916,163
916,164
916,176
916,177
916,64
916,170
916,188
916,125
916,198
916,199
916,202
916,207
916,216
916,35
916,291
916,116
916,242
916,243
916,200
916,153
916,260
916,264
916,265
916,266
916,273
916,274
916,356
916,280
916,281
916,293
916,294
916,296
916,299
916,301
916,314
916,315
916,330
916,83
916,333
916,338
916,348
916,353
916,238
916,337
916,354
916,358
916,364
916,365
916,137
916,372
916,310
916,377
916,376
916,373
916,379
916,27
916,385
916,386
916,396
916,117
916,375
916,14
916,251
916,11
916,285
916,252
916,250
916,89
916,48
916,151
916,8
916,221
916,236
916,145
916,103
916,322
916,339
916,118
916,241
916,371
916,340
916,240
916,109
916,209
916,211
916,1
916,4
916,357
916,247
916,244
916,144
916,71
916,135
916,393
916,2
916,197
916,50
916,146
916,86
916,102
916,189
916,245
916,214
916,213
916,128
916,343
916,302
916,228
916,222
916,289
916,12
916,6
916,395
917,0
917,3
917,160
917,19
917,20
917,21
917,23
917,22
917,26
917,28
917,94
917,29
917,31
917,33
917,256
917,34
917,37
917,38
917,42
917,248
917,44
917,103
917,57
917,60
917,59
917,69
917,267
917,72
917,74
917,77
917,212
917,78
917,148
917,80
917,81
917,85
917,90
917,234
917,112
917,124
917,96
917,97
917,105
917,107
917,113
917,114
917,344
917,120
917,123
917,126
917,127
917,284
917,132
917,134
917,136
917,319
917,101
917,143
917,147
917,53
917,150
917,152
917,156
917,158
917,162
917,164
917,166
917,176
917,177
917,63
917,64
917,65
917,170
917,175
917,171
917,182
917,186
917,188
917,190
917,192
917,194
917,195
917,198
917,202
917,204
917,206
917,207
917,290
917,210
917,216
917,224
917,230
917,233
917,242
917,243
917,200
917,260
917,266
917,273
917,274
917,356
917,275
917,295
917,296
917,299
917,301
917,309
917,311
917,378
917,314
917,330
917,83
917,73
917,337
917,338
917,253
917,345
917,348
917,350
917,352
917,353
917,238
917,354
917,358
917,361
917,390
917,364
917,368
917,377
917,376
917,373
917,379
917,27
917,385
917,386
917,391
917,396
917,397
917,399
917,117
917,375
917,349
917,99
917,14
917,251
917,11
917,285
917,95
917,250
917,151
917,8
917,221
917,55
917,118
917,241
917,307
917,371
917,340
917,293
917,235
917,240
917,109
917,209
917,259
917,254
917,71
917,211
917,110
917,357
917,247
917,5
917,139
917,2
917,179
917,135
917,336
917,183
917,24
917,4
917,227
917,197
917,56
917,239
917,50
917,146
917,86
917,154
917,115
917,214
917,213
917,46
917,128
917,222
917,328
917,208
917,331
917,265
917,395
917,6
918,18
918,234
918,112
918,107
918,284
918,167
918,175
918,171
918,224
918,226
918,87
918,253
918,266
918,269
918,396
918,73
918,135
918,9
918,222
919,2
919,3
919,160
919,21
919,28
919,94
919,29
919,31
919,37
919,248
919,60
919,72
919,78
919,148
919,81
919,96
919,101
919,102
919,107
919,108
919,113
919,123
919,126
919,284
919,143
919,147
919,53
919,150
919,152
919,158
919,176
919,177
919,64
919,198
919,199
919,207
919,290
919,210
919,230
919,231
919,242
919,266
919,273
919,274
919,356
919,287
919,296
919,309
919,314
919,83
919,353
919,238
919,337
919,354
919,376
919,373
919,379
919,27
919,391
919,396
919,397
919,117
919,375
919,14
919,293
919,220
919,241
919,371
919,340
919,110
919,244
919,139
919,393
919,56
919,394
919,395
919,99
919,189
919,245
919,115
919,351
919,195
919,222
919,208
919,247
919,344
89,3
89,160
89,15
89,22
89,173
89,28
89,94
89,105
89,107
89,113
89,319
89,101
89,53
89,158
89,159
89,177
89,182
89,198
89,204
89,225
89,233
89,266
89,273
89,278
89,318
89,383
89,360
89,376
89,373
89,379
89,384
89,396
89,397
89,241
89,371
89,340
89,120
89,102
89,46
89,150
89,2
923,2
923,3
923,160
923,18
923,19
923,23
923,22
923,26
923,28
923,94
923,29
923,32
923,33
923,256
923,37
923,39
923,40
923,41
923,42
923,248
923,54
923,57
923,62
923,69
923,267
923,72
923,76
923,212
923,78
923,148
923,79
923,80
923,81
923,82
923,85
923,124
923,96
923,100
923,101
923,105
923,107
923,113
923,120
923,121
923,123
923,126
923,127
923,129
923,284
923,366
923,134
923,138
923,286
923,319
923,142
923,143
923,147
923,53
923,150
923,152
923,161
923,158
923,177
923,63
923,64
923,65
923,66
923,49
923,170
923,175
923,171
923,186
923,187
923,125
923,190
923,194
923,195
923,198
923,199
923,202
923,203
923,204
923,205
923,206
923,207
923,290
923,210
923,216
923,116
923,326
923,88
923,253
923,231
923,233
923,58
923,242
923,243
923,87
923,200
923,257
923,153
923,261
923,10
923,264
923,265
923,266
923,268
923,269
923,273
923,274
923,356
923,275
923,279
923,281
923,293
923,294
923,296
923,297
923,298
923,299
923,278
923,301
923,303
923,308
923,309
923,311
923,378
923,314
923,316
923,330
923,334
923,83
923,337
923,338
923,340
923,342
923,346
923,348
923,70
923,352
923,353
923,238
923,354
923,360
923,361
923,362
923,364
923,368
923,137
923,372
923,310
923,374
923,377
923,376
923,373
923,379
923,27
923,390
923,391
923,392
923,395
923,396
923,398
923,397
923,399
923,117
923,73
923,14
923,285
923,252
923,155
923,220
923,8
923,221
923,262
923,255
923,341
923,55
923,145
923,304
923,45
923,36
923,16
923,339
923,118
923,227
923,241
923,307
923,371
923,223
923,235
923,240
923,109
923,209
923,259
923,4
923,357
923,247
923,355
923,320
923,276
923,144
923,48
923,71
923,359
923,288
923,289
923,336
923,141
923,388
923,323
923,183
923,151
923,335
923,47
923,324
923,393
923,218
923,217
923,321
923,332
923,56
923,277
923,50
923,394
923,154
923,189
923,245
923,115
923,351
923,214
923,213
923,46
923,128
923,302
923,228
923,236
923,222
923,328
923,208
923,331
923,178
923,93
923,327
923,325
923,363
923,344
923,251
923,6
923,59
923,102
923,174
923,191
926,3
926,160
926,15
926,18
926,23
926,22
926,26
926,28
926,94
926,29
926,33
926,256
926,37
926,40
926,42
926,75
926,60
926,270
926,62
926,212
926,78
926,148
926,79
926,80
926,81
926,85
926,107
926,113
926,120
926,123
926,126
926,284
926,319
926,101
926,143
926,147
926,53
926,152
926,156
926,158
926,159
926,177
926,64
926,65
926,66
926,170
926,175
926,171
926,186
926,187
926,192
926,196
926,198
926,199
926,203
926,205
926,207
926,210
926,215
926,216
926,35
926,291
926,326
926,317
926,231
926,233
926,242
926,87
926,253
926,257
926,266
926,273
926,274
926,356
926,279
926,293
926,299
926,303
926,308
926,309
926,314
926,315
926,325
926,330
926,83
926,338
926,348
926,352
926,353
926,238
926,337
926,354
926,360
926,361
926,369
926,372
926,377
926,376
926,373
926,27
926,396
926,221
926,14
926,181
926,236
926,55
926,241
926,223
926,240
926,109
926,209
926,259
926,324
926,137
926,24
926,218
926,217
926,332
926,73
926,48
926,351
926,195
926,214
926,213
926,46
926,51
926,222
926,331
926,265
926,344
927,31
927,60
927,319
927,101
927,152
927,198
927,207
927,328
927,333
927,354
927,255
927,324
927,137
927,24
927,23
927,115
355,101
355,107
355,126
355,198
355,207
355,314
355,379
355,396
355,14
355,3
355,363
355,299
928,2
928,3
928,160
928,7
928,15
928,17
928,18
928,19
928,23
928,22
928,25
928,26
928,28
928,94
928,29
928,32
928,33
928,256
928,34
928,37
928,38
928,40
928,42
928,248
928,75
928,54
928,57
928,59
928,62
928,67
928,267
928,72
928,76
928,212
928,78
928,148
928,79
928,80
928,81
928,82
928,85
928,91
928,92
928,43
928,93
928,234
928,112
928,124
928,96
928,100
928,105
928,104
928,106
928,107
928,108
928,113
928,119
928,291
928,120
928,122
928,123
928,126
928,127
928,129
928,130
928,131
928,284
928,133
928,366
928,134
928,136
928,138
928,286
928,319
928,101
928,143
928,147
928,53
928,150
928,152
928,156
928,157
928,161
928,158
928,159
928,162
928,163
928,164
928,165
928,166
928,167
928,176
928,177
928,66
928,168
928,49
928,170
928,175
928,171
928,182
928,186
928,187
928,188
928,191
928,193
928,194
928,198
928,199
928,202
928,206
928,207
928,210
928,215
928,216
928,225
928,226
928,35
928,272
928,229
928,88
928,253
928,232
928,233
928,58
928,243
928,87
928,200
928,261
928,10
928,264
928,265
928,266
928,269
928,271
928,369
928,273
928,274
928,356
928,275
928,276
928,278
928,281
928,293
928,294
928,296
928,297
928,298
928,299
928,301
928,309
928,314
928,329
928,330
928,83
928,337
928,333
928,338
928,340
928,342
928,345
928,346
928,348
928,350
928,195
928,353
928,238
928,354
928,358
928,360
928,361
928,362
928,364
928,368
928,372
928,310
928,377
928,376
928,373
928,379
928,382
928,381
928,385
928,386
928,391
928,392
928,395
928,396
928,398
928,397
928,117
928,73
928,180
928,251
928,11
928,305
928,285
928,252
928,250
928,258
928,68
928,89
928,48
928,151
928,155
928,220
928,262
928,184
928,237
928,236
928,55
928,304
928,45
928,36
928,16
928,118
928,241
928,307
928,371
928,240
928,109
928,209
928,259
928,254
928,211
928,1
928,4
928,110
928,357
928,247
928,5
928,179
928,135
928,336
928,323
928,183
928,47
928,393
928,306
928,321
928,197
928,14
928,367
928,277
928,50
928,217
928,146
928,394
928,86
928,189
928,245
928,351
928,201
928,52
928,214
928,213
928,46
928,343
928,221
928,222
928,12
928,344
928,6
929,28
929,94
929,81
929,107
929,319
929,101
929,152
929,177
929,182
929,266
929,391
929,240
929,109
929,148
929,209
929,1
929,50
933,0
933,3
933,107
933,266
935,3
935,160
935,7
935,13
935,15
935,17
935,18
935,19
935,20
935,21
935,23
935,22
935,30
935,173
935,25
935,26
935,29
935,32
935,33
935,256
935,34
935,37
935,38
935,39
935,40
935,42
935,248
935,44
935,103
935,54
935,57
935,59
935,62
935,270
935,69
935,267
935,72
935,76
935,77
935,212
935,78
935,148
935,79
935,80
935,81
935,85
935,91
935,92
935,43
935,93
935,234
935,112
935,124
935,96
935,97
935,98
935,100
935,105
935,104
935,106
935,107
935,108
935,311
935,113
935,114
935,344
935,119
935,291
935,120
935,121
935,122
935,123
935,126
935,127
935,129
935,130
935,131
935,284
935,132
935,133
935,366
935,134
935,136
935,138
935,286
935,319
935,101
935,140
935,143
935,147
935,53
935,150
935,152
935,156
935,157
935,161
935,158
935,159
935,162
935,163
935,164
935,166
935,176
935,177
935,41
935,64
935,66
935,168
935,169
935,170
935,174
935,175
935,171
935,182
935,186
935,187
935,188
935,190
935,191
935,192
935,193
935,194
935,195
935,196
935,198
935,199
935,202
935,203
935,204
935,205
935,206
935,207
935,290
935,210
935,216
935,225
935,35
935,272
935,326
935,230
935,229
935,231
935,232
935,233
935,58
935,242
935,243
935,246
935,249
935,87
935,253
935,200
935,263
935,260
935,261
935,10
935,266
935,269
935,273
935,274
935,356
935,275
935,276
935,278
935,280
935,281
935,283
935,287
935,292
935,293
935,295
935,296
935,297
935,298
935,299
935,301
935,303
935,309
935,378
935,314
935,315
935,317
935,316
935,318
935,383
935,330
935,334
935,83
935,73
935,333
935,338
935,342
935,343
935,346
935,348
935,252
935,70
935,350
935,353
935,238
935,337
935,354
935,358
935,360
935,361
935,362
935,364
935,368
935,370
935,137
935,310
935,374
935,377
935,379
935,382
935,381
935,27
935,385
935,386
935,389
935,390
935,391
935,396
935,398
935,397
935,221
935,117
935,375
935,180
935,349
935,99
935,14
935,251
935,11
935,305
935,322
935,285
935,68
935,181
935,250
935,258
935,51
935,151
935,365
935,388
935,262
935,327
935,236
935,145
935,304
935,45
935,36
935,16
935,339
935,118
935,241
935,307
935,371
935,340
935,235
935,240
935,109
935,209
935,259
935,254
935,211
935,94
935,110
935,111
935,357
935,247
935,5
935,139
935,135
935,336
935,323
935,183
935,141
935,24
935,393
935,306
935,321
935,197
935,56
935,367
935,277
935,239
935,84
935,146
935,394
935,395
935,86
935,154
935,351
935,9
935,46
935,265
935,222
935,255
935,208
935,125
935,12
935,380
935,6
645,23
645,26
645,38
645,198
645,314
645,337
645,379
941,15
941,37
941,41
941,85
941,100
941,107
941,113
941,123
941,126
941,147
941,53
941,177
941,230
941,266
941,293
941,350
941,195
941,372
941,251
941,11
941,110
941,320
941,135
941,359
941,288
941,289
941,56
941,21
941,18
941,222
942,3
942,160
942,22
942,26
942,248
942,78
942,148
942,97
942,107
942,113
942,120
942,122
942,366
942,138
942,319
942,101
942,147
942,37
942,150
942,176
942,177
942,64
942,198
942,202
942,226
942,326
942,233
942,266
942,273
942,279
942,293
942,296
942,299
942,314
942,346
942,360
942,137
942,379
942,396
942,250
942,236
942,339
942,371
942,340
942,110
942,320
942,183
942,46
942,344
320,15
320,18
320,22
320,30
320,173
320,28
320,94
320,29
320,33
320,256
320,38
320,248
320,75
320,74
320,105
320,107
320,120
320,133
320,366
320,319
320,101
320,142
320,53
320,164
320,170
320,175
320,171
320,198
320,204
320,232
320,233
320,266
320,297
320,298
320,278
320,313
320,312
320,325
320,360
320,361
320,364
320,376
320,373
320,379
320,27
320,384
320,396
320,221
320,180
320,14
320,181
320,348
320,252
320,255
320,371
320,340
320,223
320,4
320,320
320,183
320,277
320,239
320,45
320,46
320,12
943,107
943,198
943,379
943,123
944,0
944,3
944,160
944,7
944,23
944,22
944,26
944,28
944,94
944,29
944,32
944,33
944,256
944,38
944,60
944,59
944,62
944,72
944,76
944,212
944,78
944,148
944,79
944,81
944,85
944,90
944,298
944,101
944,106
944,107
944,113
944,114
944,344
944,123
944,126
944,133
944,319
944,142
944,147
944,37
944,53
944,152
944,156
944,162
944,166
944,176
944,177
944,170
944,174
944,182
944,187
944,194
944,196
944,198
944,199
944,202
944,203
944,204
944,207
944,216
944,326
944,230
944,229
944,231
944,233
944,243
944,264
944,266
944,268
944,274
944,356
944,275
944,279
944,293
944,296
944,297
944,299
944,278
944,301
944,303
944,314
944,325
944,329
944,330
944,83
944,333
944,338
944,346
944,138
944,70
944,353
944,238
944,337
944,354
944,360
944,368
944,137
944,379
944,384
944,390
944,391
944,396
944,399
944,117
944,73
944,251
944,11
944,181
944,252
944,348
944,51
944,89
944,48
944,236
944,145
944,118
944,223
944,235
944,259
944,154
944,71
944,109
944,285
944,341
944,336
944,393
944,56
944,277
944,120
944,146
944,21
944,222
944,315
944,327
944,12
946,15
946,23
946,28
946,94
946,31
946,37
946,78
946,148
946,81
946,101
946,107
946,108
946,113
946,120
946,126
946,133
946,366
946,138
946,152
946,176
946,177
946,198
946,199
946,207
946,224
946,87
946,253
946,266
946,283
946,299
946,314
946,337
946,350
946,195
946,353
946,238
946,354
946,364
946,368
946,370
946,391
946,396
946,117
946,375
946,73
946,181
946,235
946,110
946,14
946,139
946,1
946,393
946,146
946,394
946,395
946,351
946,222
946,344
947,26
947,29
947,31
947,39
947,78
947,148
947,81
947,105
947,113
947,319
947,101
947,53
947,176
947,177
947,198
947,207
947,266
947,274
947,356
947,280
947,353
947,238
947,337
947,396
947,14
947,99
947,220
947,184
947,237
947,197
947,56
947,344
947,328
949,3
949,160
949,7
949,15
949,18
949,19
949,20
949,21
949,22
949,30
949,173
949,25
949,28
949,94
949,29
949,32
949,33
949,256
949,34
949,37
949,38
949,39
949,41
949,60
949,59
949,62
949,69
949,72
949,212
949,78
949,148
949,79
949,81
949,85
949,93
949,124
949,100
949,107
949,113
949,119
949,291
949,123
949,126
949,129
949,131
949,319
949,101
949,147
949,53
949,150
949,162
949,164
949,166
949,176
949,177
949,63
949,65
949,175
949,171
949,186
949,187
949,192
949,198
949,199
949,206
949,207
949,272
949,233
949,184
949,153
949,266
949,269
949,273
949,274
949,356
949,275
949,276
949,278
949,293
949,299
949,300
949,301
949,303
949,309
949,314
949,316
949,325
949,330
949,83
949,338
949,340
949,348
949,350
949,195
949,353
949,238
949,337
949,354
949,360
949,361
949,364
949,372
949,377
949,379
949,384
949,391
949,392
949,396
949,73
949,251
949,11
949,305
949,285
949,89
949,48
949,388
949,327
949,236
949,118
949,307
949,259
949,254
949,357
949,247
949,5
949,179
949,135
949,336
949,116
949,218
949,217
949,197
949,14
949,158
949,56
949,277
949,146
949,86
949,351
949,9
949,222
949,208
949,344
949,227
949,6
949,395
950,3
950,160
950,23
950,22
950,30
950,25
950,26
950,28
950,94
950,29
950,32
950,37
950,42
950,60
950,72
950,74
950,212
950,78
950,148
950,79
950,81
950,107
950,113
950,114
950,344
950,123
950,126
950,129
950,284
950,134
950,136
950,319
950,101
950,53
950,150
950,152
950,177
950,175
950,171
950,182
950,198
950,199
950,207
950,210
950,225
950,229
950,88
950,253
950,233
950,264
950,266
950,274
950,356
950,296
950,298
950,314
950,318
950,383
950,333
950,334
950,83
950,337
950,343
950,350
950,195
950,352
950,354
950,358
950,360
950,368
950,137
950,379
950,396
950,117
950,14
950,371
950,340
950,235
950,240
950,109
950,209
950,259
950,256
950,1
950,359
950,288
950,289
950,183
950,24
950,393
950,218
950,217
950,227
950,120
950,214
950,213
950,222
950,2
953,3
953,160
953,7
953,18
953,20
953,21
953,22
953,25
953,28
953,94
953,29
953,31
953,32
953,33
953,256
953,34
953,37
953,38
953,39
953,40
953,41
953,42
953,59
953,62
953,69
953,267
953,72
953,76
953,77
953,212
953,78
953,148
953,79
953,81
953,90
953,91
953,92
953,43
953,93
953,234
953,112
953,124
953,96
953,97
953,98
953,100
953,106
953,107
953,108
953,113
953,120
953,121
953,122
953,123
953,126
953,127
953,129
953,131
953,284
953,132
953,133
953,134
953,136
953,286
953,319
953,101
953,140
953,143
953,53
953,150
953,156
953,157
953,162
953,163
953,164
953,166
953,176
953,177
953,63
953,66
953,168
953,170
953,174
953,182
953,186
953,187
953,188
953,193
953,194
953,199
953,204
953,205
953,207
953,290
953,216
953,225
953,272
953,229
953,232
953,233
953,58
953,243
953,246
953,249
953,200
953,261
953,10
953,266
953,269
953,274
953,356
953,275
953,276
953,278
953,292
953,293
953,296
953,297
953,299
953,300
953,301
953,308
953,309
953,314
953,315
953,317
953,316
953,318
953,383
953,325
953,330
953,334
953,83
953,337
953,338
953,342
953,345
953,70
953,350
953,195
953,353
953,238
953,354
953,358
953,360
953,361
953,364
953,368
953,310
953,374
953,377
953,382
953,381
953,384
953,390
953,391
953,396
953,398
953,397
953,117
953,375
953,73
953,349
953,99
953,14
953,251
953,11
953,305
953,285
953,68
953,250
953,388
953,8
953,221
953,236
953,55
953,145
953,103
953,322
953,339
953,118
953,240
953,109
953,209
953,259
953,254
953,211
953,357
953,247
953,5
953,139
953,135
953,336
953,2
953,197
953,56
953,277
953,239
953,84
953,146
953,86
953,85
953,154
953,201
953,52
953,222
953,344
953,380
953,328
953,6
953,395
954,3
954,160
954,28
954,94
954,37
954,39
954,108
954,113
954,319
954,101
954,140
954,152
954,177
954,182
954,204
954,266
954,274
954,356
954,299
954,278
954,83
954,350
954,195
954,353
954,238
954,337
954,368
954,379
954,396
954,397
954,147
954,184
954,237
954,255
954,154
954,222
1027,13
1027,15
1027,20
1027,26
1027,32
1027,38
1027,41
1027,212
1027,81
1027,107
1027,114
1027,344
1027,121
1027,126
1027,284
1027,133
1027,319
1027,101
1027,53
1027,163
1027,167
1027,64
1027,194
1027,198
1027,205
1027,207
1027,225
1027,226
1027,264
1027,266
1027,309
1027,316
1027,354
1027,368
1027,390
1027,396
1027,398
1027,117
1027,14
1027,95
1027,237
1027,211
1027,135
1027,78
1027,393
1027,306
1027,307
1027,246
1027,351
1027,195
1027,222
958,15
958,20
958,173
958,26
958,28
958,94
958,38
958,39
958,74
958,212
958,81
958,85
958,124
958,105
958,104
958,107
958,113
958,114
958,344
958,121
958,126
958,131
958,133
958,53
958,163
958,165
958,167
958,177
958,63
958,49
958,194
958,198
958,199
958,204
958,207
958,290
958,225
958,226
958,231
958,233
958,260
958,264
958,295
958,298
958,311
958,378
958,314
958,315
958,333
958,337
958,253
958,353
958,238
958,354
958,137
958,379
958,117
958,375
958,14
958,305
958,285
958,184
958,237
958,255
958,140
958,293
958,119
958,202
958,359
958,288
958,289
958,24
958,23
958,393
958,306
958,307
958,197
958,56
958,83
958,78
958,5
958,222
969,173
969,107
969,319
969,101
969,177
969,182
969,198
969,225
969,272
969,266
969,314
969,396
969,158
969,123
969,394
969,395
965,26
965,31
965,38
965,39
965,44
965,103
965,77
965,78
965,148
965,81
965,97
965,101
965,105
965,113
965,114
965,344
965,366
965,319
965,142
965,53
965,176
965,177
965,182
965,198
965,203
965,207
965,224
965,230
965,231
965,266
965,268
965,274
965,356
965,280
965,283
965,293
965,325
965,337
965,346
965,138
965,353
965,238
965,137
965,379
965,391
965,396
965,14
965,251
965,11
965,99
965,220
965,184
965,237
965,259
965,256
965,357
965,247
965,29
965,197
965,56
965,33
965,328
966,114
966,344
966,147
966,37
966,290
966,264
966,354
966,1
967,0
967,3
967,25
967,81
967,107
967,113
967,284
967,319
967,101
967,147
967,37
967,176
967,177
967,63
967,65
967,199
967,261
967,10
967,266
967,274
967,356
967,296
967,315
967,70
967,354
967,368
967,379
967,396
967,117
967,14
967,72
967,158
967,123
967,139
967,135
967,222
7,3
7,160
7,20
7,22
7,30
7,28
7,94
7,32
7,248
7,57
7,81
7,100
7,120
7,130
7,284
7,319
7,101
7,156
7,158
7,177
7,64
7,205
7,224
7,232
7,233
7,266
7,273
7,297
7,278
7,353
7,113
7,238
7,337
7,360
7,376
7,373
7,396
7,398
7,241
7,371
7,340
7,323
7,46
971,32
971,41
971,248
971,267
971,72
971,126
971,142
971,158
971,177
971,64
971,198
971,199
971,290
971,210
971,242
971,261
971,10
971,266
971,273
971,274
971,356
971,295
971,296
971,299
971,314
971,317
971,353
971,113
971,238
971,337
971,354
971,368
971,27
971,396
971,387
971,14
971,305
971,388
971,262
971,341
971,145
971,371
971,340
971,56
971,4
971,141
971,393
971,227
971,50
971,347
971,293
971,351
971,195
973,29
973,32
973,39
973,78
973,148
973,81
973,113
973,114
973,344
973,121
973,126
973,319
973,101
973,152
973,176
973,198
973,207
973,224
973,266
973,274
973,356
973,315
973,354
973,368
973,396
973,375
973,14
973,184
973,237
973,139
973,393
973,50
973,84
973,222
822,3
822,160
822,26
822,29
822,37
822,42
822,59
822,212
822,107
822,113
822,319
822,101
822,177
822,207
822,290
822,266
822,293
822,301
822,314
822,338
822,343
822,379
822,391
822,117
822,285
822,222
822,344
977,266
977,333
977,83
977,396
977,56
1313,90
1313,113
1313,126
1313,152
1313,191
1313,198
1313,207
1313,210
1313,215
1313,268
1313,303
1313,350
1313,195
1313,352
1313,137
1313,220
1313,24
1313,23
1313,351
1313,219
978,3
978,160
978,18
978,19
978,25
978,28
978,94
978,29
978,32
978,33
978,256
978,34
978,37
978,41
978,42
978,54
978,59
978,62
978,267
978,72
978,76
978,212
978,78
978,148
978,79
978,81
978,93
978,124
978,98
978,101
978,105
978,104
978,107
978,113
978,120
978,123
978,126
978,127
978,129
978,131
978,284
978,134
978,136
978,286
978,319
978,143
978,53
978,150
978,152
978,156
978,157
978,158
978,162
978,164
978,177
978,170
978,182
978,186
978,188
978,191
978,198
978,199
978,202
978,204
978,207
978,216
978,230
978,229
978,88
978,253
978,233
978,58
978,243
978,246
978,249
978,261
978,10
978,266
978,274
978,356
978,293
978,296
978,297
978,299
978,301
978,309
978,314
978,317
978,330
978,333
978,337
978,338
978,342
978,345
978,348
978,350
978,195
978,353
978,238
978,354
978,360
978,362
978,364
978,365
978,368
978,310
978,374
978,377
978,382
978,381
978,392
978,396
978,60
978,73
978,14
978,251
978,11
978,285
978,68
978,250
978,258
978,8
978,221
978,236
978,145
978,103
978,322
978,118
978,307
978,259
978,254
978,211
978,357
978,247
978,109
978,5
978,144
978,116
978,393
978,227
978,197
978,56
978,239
978,146
978,86
978,85
978,347
978,222
978,255
978,12
978,344
978,380
978,395
978,6
982,3
982,160
982,13
982,29
982,33
982,256
982,37
982,248
982,60
982,72
982,78
982,148
982,79
982,81
982,100
982,107
982,113
982,114
982,344
982,126
982,284
982,319
982,101
982,147
982,150
982,158
982,176
982,177
982,41
982,64
982,65
982,66
982,123
982,195
982,207
982,290
982,231
982,242
982,87
982,253
982,266
982,273
982,274
982,356
982,280
982,296
982,299
982,314
982,343
982,350
982,353
982,238
982,337
982,354
982,364
982,368
982,310
982,27
982,391
982,396
982,398
982,399
982,117
982,235
982,259
982,1
982,293
982,135
982,5
982,56
982,367
982,394
982,395
982,189
982,245
982,222
983,23
983,22
983,25
983,26
983,33
983,256
983,37
983,42
983,57
983,59
983,72
983,212
983,80
983,107
983,113
983,126
983,284
983,143
983,147
983,150
983,157
983,158
983,165
983,177
983,64
983,65
983,66
983,170
983,182
983,194
983,198
983,199
983,202
983,204
983,210
983,216
983,88
983,253
983,242
983,261
983,10
983,269
983,273
983,294
983,301
983,313
983,312
983,317
983,338
983,70
983,350
983,195
983,372
983,377
983,376
983,373
983,379
983,391
983,398
983,397
983,180
983,285
983,151
983,8
983,221
983,262
983,236
983,16
983,241
983,371
983,340
983,240
983,109
983,148
983,209
983,259
983,211
983,4
983,106
983,179
983,135
983,394
983,395
983,214
983,213
983,46
983,128
983,222
983,6
984,3
984,160
984,15
984,22
984,173
984,33
984,256
984,54
984,62
984,81
984,107
984,113
984,123
984,130
984,131
984,284
984,133
984,366
984,134
984,138
984,319
984,101
984,147
984,37
984,53
984,152
984,176
984,177
984,169
984,175
984,171
984,182
984,191
984,198
984,205
984,207
984,210
984,225
984,233
984,184
984,266
984,271
984,369
984,273
984,279
984,293
984,298
984,303
984,314
984,318
984,383
984,325
984,83
984,337
984,346
984,348
984,360
984,361
984,137
984,376
984,373
984,379
984,27
984,396
984,117
984,103
984,95
984,51
984,155
984,220
984,255
984,36
984,16
984,241
984,371
984,340
984,259
984,48
984,47
984,24
984,23
984,332
984,73
984,115
984,351
984,195
984,214
984,213
984,45
984,222
985,3
985,160
985,18
985,28
985,94
985,29
985,37
985,42
985,72
985,78
985,148
985,82
985,85
985,101
985,107
985,113
985,114
985,344
985,284
985,319
985,147
985,152
985,164
985,177
985,125
985,207
985,87
985,253
985,264
985,266
985,274
985,356
985,282
985,335
985,202
985,296
985,314
985,348
985,353
985,238
985,337
985,354
985,368
985,396
985,398
985,399
985,117
985,250
985,141
985,359
985,288
985,289
985,197
985,14
985,222
991,44
991,103
991,113
991,284
991,319
991,101
991,177
991,170
991,175
991,171
991,210
991,215
991,293
991,314
991,342
991,352
991,370
991,137
991,396
991,339
991,118
991,371
991,340
991,355
991,341
991,324
991,347
991,222
991,363
991,299
993,17
993,31
993,39
993,113
993,114
993,344
993,53
993,152
993,177
993,293
993,299
993,361
993,379
993,258
995,15
995,30
995,28
995,94
995,37
995,81
995,107
995,113
995,319
995,101
995,165
995,177
995,194
995,198
995,290
995,225
995,226
995,233
995,87
995,253
995,266
995,297
995,299
995,318
995,383
995,360
995,379
995,384
995,391
995,396
995,14
995,306
995,307
995,201
995,52
1002,2
1002,3
1002,160
1002,7
1002,13
1002,18
1002,20
1002,21
1002,22
1002,25
1002,28
1002,94
1002,29
1002,31
1002,33
1002,256
1002,34
1002,37
1002,38
1002,39
1002,40
1002,42
1002,248
1002,57
1002,59
1002,270
1002,62
1002,69
1002,267
1002,72
1002,76
1002,77
1002,212
1002,78
1002,148
1002,79
1002,80
1002,81
1002,85
1002,90
1002,91
1002,92
1002,43
1002,93
1002,234
1002,112
1002,124
1002,96
1002,97
1002,98
1002,100
1002,101
1002,104
1002,106
1002,107
1002,108
1002,113
1002,114
1002,344
1002,119
1002,291
1002,120
1002,121
1002,122
1002,123
1002,126
1002,127
1002,129
1002,130
1002,131
1002,284
1002,132
1002,134
1002,136
1002,286
1002,161
1002,319
1002,140
1002,143
1002,147
1002,53
1002,150
1002,152
1002,156
1002,157
1002,158
1002,159
1002,162
1002,163
1002,165
1002,166
1002,167
1002,176
1002,177
1002,63
1002,64
1002,65
1002,66
1002,168
1002,169
1002,170
1002,174
1002,186
1002,187
1002,188
1002,193
1002,190
1002,194
1002,195
1002,198
1002,199
1002,202
1002,203
1002,204
1002,205
1002,206
1002,207
1002,290
1002,210
1002,216
1002,224
1002,272
1002,230
1002,229
1002,317
1002,88
1002,253
1002,231
1002,232
1002,233
1002,58
1002,242
1002,246
1002,249
1002,87
1002,200
1002,263
1002,153
1002,261
1002,10
1002,264
1002,265
1002,266
1002,269
1002,273
1002,274
1002,356
1002,275
1002,280
1002,281
1002,283
1002,287
1002,292
1002,293
1002,294
1002,295
1002,296
1002,297
1002,299
1002,300
1002,301
1002,303
1002,309
1002,313
1002,312
1002,314
1002,315
1002,316
1002,318
1002,383
1002,325
1002,329
1002,330
1002,334
1002,83
1002,337
1002,257
1002,333
1002,338
1002,340
1002,342
1002,345
1002,307
1002,350
1002,353
1002,238
1002,354
1002,358
1002,360
1002,361
1002,362
1002,364
1002,368
1002,137
1002,372
1002,310
1002,374
1002,377
1002,376
1002,373
1002,379
1002,27
1002,385
1002,386
1002,389
1002,391
1002,392
1002,396
1002,398
1002,397
1002,399
1002,117
1002,375
1002,73
1002,349
1002,99
1002,14
1002,251
1002,11
1002,305
1002,285
1002,103
1002,68
1002,95
1002,250
1002,365
1002,388
1002,8
1002,221
1002,55
1002,145
1002,339
1002,118
1002,241
1002,371
1002,240
1002,109
1002,209
1002,259
1002,254
1002,211
1002,1
1002,4
1002,110
1002,111
1002,244
1002,5
1002,320
1002,139
1002,144
1002,71
1002,245
1002,341
1002,135
1002,336
1002,323
1002,183
1002,151
1002,116
1002,141
1002,393
1002,381
1002,227
1002,321
1002,197
1002,56
1002,277
1002,278
1002,239
1002,84
1002,217
1002,146
1002,394
1002,395
1002,86
1002,154
1002,189
1002,9
1002,201
1002,52
1002,214
1002,213
1002,46
1002,128
1002,343
1002,302
1002,228
1002,222
1002,255
1002,258
1002,328
1002,208
1002,331
1002,178
1002,125
1002,327
1002,12
1002,149
1002,380
1004,2
1004,3
1004,160
1004,18
1004,21
1004,23
1004,22
1004,173
1004,25
1004,26
1004,28
1004,94
1004,29
1004,32
1004,33
1004,256
1004,34
1004,37
1004,72
1004,265
1004,330
1004,212
1004,78
1004,148
1004,81
1004,85
1004,100
1004,101
1004,107
1004,108
1004,113
1004,120
1004,123
1004,126
1004,127
1004,284
1004,133
1004,366
1004,138
1004,319
1004,147
1004,53
1004,150
1004,152
1004,167
1004,177
1004,64
1004,182
1004,198
1004,199
1004,216
1004,225
1004,226
1004,326
1004,233
1004,184
1004,87
1004,253
1004,263
1004,257
1004,261
1004,10
1004,266
1004,274
1004,356
1004,280
1004,282
1004,335
1004,202
1004,281
1004,293
1004,297
1004,299
1004,278
1004,301
1004,314
1004,318
1004,383
1004,329
1004,338
1004,343
1004,346
1004,360
1004,364
1004,368
1004,372
1004,377
1004,379
1004,384
1004,391
1004,392
1004,396
1004,398
1004,397
1004,221
1004,73
1004,180
1004,251
1004,11
1004,68
1004,181
1004,155
1004,255
1004,304
1004,45
1004,16
1004,118
1004,223
1004,240
1004,109
1004,209
1004,259
1004,244
1004,355
1004,135
1004,393
1004,306
1004,307
1004,367
1004,277
1004,189
1004,245
1004,115
1004,351
1004,195
1004,236
1004,222
1004,178
1004,93
1004,395
1005,3
1005,160
1005,28
1005,94
1005,32
1005,37
1005,41
1005,54
1005,107
1005,113
1005,114
1005,344
1005,133
1005,319
1005,101
1005,147
1005,53
1005,158
1005,177
1005,64
1005,198
1005,210
1005,266
1005,273
1005,314
1005,83
1005,379
1005,389
1005,391
1005,396
1005,371
1005,340
1005,240
1005,109
1005,148
1005,209
1005,259
1005,256
1005,1
1005,56
1006,18
1006,25
1006,33
1006,256
1006,37
1006,81
1006,107
1006,113
1006,114
1006,344
1006,126
1006,284
1006,134
1006,319
1006,101
1006,147
1006,53
1006,152
1006,167
1006,176
1006,177
1006,198
1006,290
1006,264
1006,266
1006,274
1006,356
1006,293
1006,296
1006,297
1006,299
1006,314
1006,353
1006,238
1006,337
1006,354
1006,364
1006,310
1006,374
1006,379
1006,384
1006,391
1006,396
1006,117
1006,68
1006,145
1006,240
1006,109
1006,148
1006,209
1006,1
1006,135
1006,393
1006,56
1006,351
1006,195
1006,222
1009,2
1009,7
1009,23
1009,26
1009,32
1009,44
1009,103
1009,79
1009,102
1009,106
1009,130
1009,284
1009,319
1009,101
1009,163
1009,177
1009,63
1009,66
1009,175
1009,171
1009,186
1009,188
1009,198
1009,199
1009,35
1009,291
1009,260
1009,261
1009,10
1009,266
1009,276
1009,278
1009,297
1009,299
1009,300
1009,317
1009,83
1009,337
1009,353
1009,113
1009,238
1009,354
1009,361
1009,379
1009,384
1009,391
1009,392
1009,398
1009,221
1009,251
1009,11
1009,255
1009,240
1009,109
1009,148
1009,209
1009,211
1009,139
1009,144
1009,137
1009,151
1009,263
1009,24
1009,393
1009,56
1009,277
1009,394
1009,395
1009,347
1009,293
1009,351
1009,195
1009,9
1009,118
1009,222
1009,120
1009,314
1009,28
1009,94
1009,29
1009,33
1009,256
1009,37
1009,212
1009,81
1009,98
1009,107
1009,123
1009,286
1009,143
1009,147
1009,53
1009,176
1009,204
1009,205
1009,207
1009,224
1009,231
1009,232
1009,274
1009,356
1009,315
1009,318
1009,383
1009,325
1009,370
1009,396
1009,397
1009,14
1009,259
1009,146
1009,302
1009,228
1010,2
1010,3
1010,160
1010,7
1010,18
1010,20
1010,21
1010,23
1010,22
1010,26
1010,28
1010,94
1010,29
1010,32
1010,33
1010,256
1010,37
1010,248
1010,212
1010,80
1010,81
1010,82
1010,97
1010,98
1010,100
1010,101
1010,102
1010,106
1010,107
1010,113
1010,123
1010,130
1010,284
1010,132
1010,286
1010,319
1010,143
1010,147
1010,53
1010,152
1010,159
1010,163
1010,165
1010,176
1010,177
1010,63
1010,65
1010,66
1010,175
1010,171
1010,188
1010,193
1010,194
1010,198
1010,199
1010,210
1010,224
1010,35
1010,291
1010,231
1010,232
1010,153
1010,261
1010,10
1010,266
1010,268
1010,273
1010,276
1010,278
1010,279
1010,297
1010,299
1010,300
1010,205
1010,314
1010,315
1010,317
1010,318
1010,383
1010,83
1010,337
1010,353
1010,238
1010,354
1010,361
1010,370
1010,137
1010,379
1010,27
1010,384
1010,391
1010,392
1010,396
1010,398
1010,397
1010,221
1010,14
1010,251
1010,11
1010,68
1010,255
1010,16
1010,241
1010,371
1010,340
1010,240
1010,109
1010,148
1010,209
1010,259
1010,211
1010,244
1010,139
1010,135
1010,336
1010,263
1010,393
1010,9
1010,341
1010,197
1010,56
1010,277
1010,151
1010,146
1010,351
1010,195
1010,118
1010,46
1010,222
1012,23
1012,32
1012,37
1012,60
1012,78
1012,148
1012,90
1012,102
1012,108
1012,113
1012,114
1012,344
1012,119
1012,291
1012,284
1012,142
1012,63
1012,65
1012,198
1012,199
1012,207
1012,266
1012,274
1012,356
1012,282
1012,335
1012,202
1012,293
1012,299
1012,328
1012,337
1012,350
1012,195
1012,352
1012,353
1012,238
1012,364
1012,368
1012,379
1012,396
1012,221
1012,99
1012,235
1012,254
1012,110
1012,29
1012,149
1012,139
1012,24
1012,393
1012,56
1012,277
1012,278
1012,273
1012,22
1013,0
1013,3
1013,173
1013,233
1013,266
1013,396
1013,123
1014,15
1014,22
1014,28
1014,94
1014,33
1014,256
1014,39
1014,248
1014,80
1014,100
1014,108
1014,113
1014,114
1014,344
1014,319
1014,101
1014,143
1014,147
1014,37
1014,158
1014,177
1014,49
1014,266
1014,273
1014,283
1014,315
1014,391
1014,396
1014,241
1014,371
1014,340
1014,394
1014,395
1014,46
1015,18
1015,23
1015,22
1015,30
1015,173
1015,28
1015,94
1015,101
1015,113
1015,366
1015,53
1015,152
1015,177
1015,170
1015,198
1015,233
1015,266
1015,293
1015,314
1015,346
1015,138
1015,310
1015,379
1015,396
1016,3
1016,160
1016,15
1016,173
1016,26
1016,28
1016,94
1016,33
1016,256
1016,34
1016,37
1016,40
1016,78
1016,148
1016,100
1016,107
1016,113
1016,133
1016,53
1016,152
1016,176
1016,63
1016,64
1016,65
1016,198
1016,207
1016,231
1016,266
1016,279
1016,287
1016,308
1016,314
1016,315
1016,83
1016,337
1016,360
1016,379
1016,384
1016,389
1016,390
1016,396
1016,73
1016,180
1016,235
1016,240
1016,109
1016,209
1016,259
1016,327
1016,120
1016,4
1016,179
1016,321
1016,56
1016,325
1016,1
1017,26
1017,29
1017,31
1017,113
1017,114
1017,344
1017,284
1017,53
1017,63
1017,41
1017,198
1017,199
1017,207
1017,266
1017,274
1017,356
1017,314
1017,83
1017,353
1017,238
1017,337
1017,354
1017,364
1017,368
1017,137
1017,379
1017,385
1017,386
1017,396
1017,387
1017,14
1017,24
1017,23
1017,393
1017,56
1017,351
1017,195
1018,3
1018,160
1018,18
1018,20
1018,22
1018,173
1018,25
1018,28
1018,94
1018,32
1018,33
1018,256
1018,37
1018,39
1018,270
1018,77
1018,212
1018,78
1018,148
1018,81
1018,85
1018,124
1018,101
1018,107
1018,108
1018,113
1018,114
1018,344
1018,284
1018,133
1018,366
1018,134
1018,319
1018,147
1018,53
1018,152
1018,167
1018,176
1018,177
1018,168
1018,170
1018,174
1018,175
1018,171
1018,125
1018,198
1018,199
1018,207
1018,225
1018,231
1018,233
1018,243
1018,266
1018,274
1018,356
1018,280
1018,281
1018,283
1018,293
1018,297
1018,298
1018,299
1018,300
1018,308
1018,309
1018,314
1018,318
1018,383
1018,83
1018,348
1018,350
1018,195
1018,353
1018,238
1018,337
1018,354
1018,360
1018,362
1018,368
1018,310
1018,379
1018,396
1018,117
1018,73
1018,305
1018,181
1018,259
1018,110
1018,29
1018,119
1018,306
1018,307
1018,277
1018,278
1018,351
1018,222
1018,178
1018,93
1019,15
1019,20
1019,30
1019,173
1019,26
1019,31
1019,32
1019,38
1019,74
1019,77
1019,212
1019,81
1019,85
1019,90
1019,124
1019,101
1019,105
1019,104
1019,113
1019,114
1019,344
1019,121
1019,126
1019,131
1019,284
1019,133
1019,138
1019,53
1019,165
1019,167
1019,177
1019,63
1019,49
1019,194
1019,198
1019,204
1019,207
1019,216
1019,225
1019,226
1019,230
1019,233
1019,260
1019,264
1019,298
1019,314
1019,316
1019,83
1019,340
1019,253
1019,360
1019,368
1019,137
1019,379
1019,398
1019,117
1019,375
1019,14
1019,285
1019,95
1019,184
1019,237
1019,154
1019,211
1019,140
1019,135
1019,359
1019,288
1019,289
1019,319
1019,24
1019,23
1019,393
1019,306
1019,307
1019,274
1019,222
1020,2
1020,3
1020,160
1020,7
1020,13
1020,18
1020,20
1020,23
1020,22
1020,25
1020,26
1020,28
1020,94
1020,29
1020,33
1020,256
1020,34
1020,37
1020,38
1020,42
1020,248
1020,75
1020,57
1020,59
1020,270
1020,72
1020,74
1020,212
1020,78
1020,148
1020,79
1020,80
1020,81
1020,85
1020,91
1020,92
1020,43
1020,234
1020,112
1020,124
1020,100
1020,107
1020,108
1020,113
1020,114
1020,344
1020,119
1020,291
1020,122
1020,123
1020,126
1020,127
1020,129
1020,284
1020,132
1020,136
1020,138
1020,319
1020,101
1020,143
1020,147
1020,53
1020,150
1020,156
1020,157
1020,158
1020,177
1020,64
1020,175
1020,171
1020,182
1020,186
1020,194
1020,198
1020,199
1020,203
1020,207
1020,210
1020,224
1020,225
1020,226
1020,88
1020,253
1020,294
1020,184
1020,58
1020,242
1020,246
1020,249
1020,87
1020,200
1020,263
1020,257
1020,264
1020,265
1020,266
1020,269
1020,273
1020,274
1020,356
1020,276
1020,278
1020,281
1020,293
1020,296
1020,299
1020,301
1020,309
1020,314
1020,316
1020,318
1020,383
1020,330
1020,83
1020,337
1020,338
1020,340
1020,345
1020,352
1020,353
1020,238
1020,354
1020,358
1020,361
1020,362
1020,364
1020,368
1020,372
1020,310
1020,377
1020,376
1020,373
1020,379
1020,382
1020,381
1020,27
1020,391
1020,392
1020,395
1020,396
1020,398
1020,397
1020,117
1020,180
1020,349
1020,99
1020,251
1020,11
1020,285
1020,181
1020,250
1020,155
1020,8
1020,221
1020,55
1020,36
1020,16
1020,339
1020,241
1020,371
1020,235
1020,240
1020,109
1020,209
1020,259
1020,211
1020,1
1020,110
1020,355
1020,247
1020,111
1020,179
1020,183
1020,151
1020,154
1020,324
1020,137
1020,24
1020,393
1020,218
1020,217
1020,367
1020,239
1020,50
1020,244
1020,146
1020,394
1020,189
1020,245
1020,115
1020,351
1020,195
1020,9
1020,214
1020,213
1020,46
1020,128
1020,343
1020,236
1020,222
1020,380
1020,6
1021,3
1021,160
1021,28
1021,94
1021,248
1021,85
1021,107
1021,319
1021,101
1021,53
1021,158
1021,176
1021,177
1021,210
1021,242
1021,266
1021,273
1021,298
1021,348
1021,137
1021,396
1021,241
1021,371
1021,340
1021,183
1021,46
1021,179
1023,7
1023,15
1023,23
1023,30
1023,29
1023,31
1023,32
1023,38
1023,77
1023,78
1023,148
1023,81
1023,97
1023,100
1023,101
1023,104
1023,107
1023,108
1023,113
1023,114
1023,344
1023,121
1023,284
1023,319
1023,142
1023,147
1023,37
1023,176
1023,177
1023,207
1023,224
1023,225
1023,226
1023,233
1023,264
1023,268
1023,274
1023,356
1023,280
1023,293
1023,296
1023,303
1023,314
1023,83
1023,253
1023,352
1023,353
1023,238
1023,337
1023,354
1023,360
1023,361
1023,364
1023,368
1023,137
1023,117
1023,375
1023,14
1023,220
1023,123
1023,110
1023,140
1023,139
1023,335
1023,393
1023,306
1023,307
1023,56
1023,84
1023,222
1023,94
1024,2
1024,3
1024,160
1024,15
1024,18
1024,21
1024,22
1024,25
1024,28
1024,94
1024,29
1024,31
1024,32
1024,34
1024,37
1024,39
1024,40
1024,41
1024,248
1024,44
1024,103
1024,54
1024,57
1024,267
1024,72
1024,74
1024,77
1024,212
1024,78
1024,148
1024,80
1024,81
1024,82
1024,85
1024,234
1024,112
1024,124
1024,96
1024,100
1024,101
1024,106
1024,107
1024,311
1024,113
1024,114
1024,344
1024,120
1024,123
1024,126
1024,127
1024,130
1024,284
1024,133
1024,134
1024,136
1024,286
1024,319
1024,143
1024,147
1024,53
1024,150
1024,152
1024,156
1024,157
1024,161
1024,158
1024,164
1024,165
1024,166
1024,177
1024,63
1024,64
1024,65
1024,66
1024,49
1024,169
1024,170
1024,174
1024,175
1024,171
1024,182
1024,193
1024,194
1024,198
1024,199
1024,202
1024,205
1024,206
1024,207
1024,290
1024,210
1024,216
1024,225
1024,35
1024,291
1024,233
1024,58
1024,242
1024,243
1024,87
1024,253
1024,200
1024,266
1024,273
1024,274
1024,356
1024,280
1024,282
1024,335
1024,281
1024,287
1024,293
1024,295
1024,296
1024,297
1024,299
1024,278
1024,300
1024,308
1024,313
1024,312
1024,314
1024,315
1024,318
1024,383
1024,325
1024,330
1024,83
1024,345
1024,70
1024,353
1024,238
1024,337
1024,354
1024,360
1024,362
1024,364
1024,368
1024,137
1024,372
1024,310
1024,374
1024,376
1024,373
1024,379
1024,27
1024,389
1024,390
1024,391
1024,396
1024,398
1024,397
1024,399
1024,117
1024,375
1024,181
1024,252
1024,348
1024,388
1024,155
1024,184
1024,237
1024,236
1024,255
1024,36
1024,16
1024,118
1024,172
1024,241
1024,371
1024,340
1024,240
1024,109
1024,209
1024,259
1024,256
1024,5
1024,144
1024,48
1024,179
1024,135
1024,359
1024,288
1024,289
1024,323
1024,183
1024,47
1024,141
1024,393
1024,56
1024,239
1024,50
1024,154
1024,189
1024,245
1024,351
1024,195
1024,214
1024,213
1024,46
1024,128
1024,343
1024,45
1024,222
1024,328
1024,178
1024,93
1024,149
1024,6
1024,395
1025,23
1025,37
1025,78
1025,148
1025,81
1025,124
1025,102
1025,113
1025,114
1025,344
1025,319
1025,101
1025,152
1025,177
1025,198
1025,260
1025,266
1025,274
1025,356
1025,296
1025,333
1025,354
1025,358
1025,379
1025,396
1025,117
1025,135
1025,393
1025,2
1025,222
1026,175
1026,171
1026,260
1026,268
1026,104
1026,227
1026,347
1026,293
1028,0
1028,3
1028,19
1028,23
1028,26
1028,29
1028,31
1028,32
1028,37
1028,40
1028,41
1028,75
1028,60
1028,72
1028,78
1028,148
1028,85
1028,96
1028,97
1028,100
1028,107
1028,108
1028,113
1028,120
1028,126
1028,129
1028,284
1028,319
1028,101
1028,142
1028,147
1028,53
1028,152
1028,176
1028,177
1028,63
1028,65
1028,175
1028,171
1028,188
1028,194
1028,196
1028,199
1028,207
1028,230
1028,232
1028,87
1028,253
1028,200
1028,261
1028,10
1028,266
1028,283
1028,287
1028,293
1028,294
1028,297
1028,299
1028,301
1028,303
1028,314
1028,317
1028,325
1028,329
1028,83
1028,73
1028,333
1028,353
1028,238
1028,337
1028,354
1028,362
1028,364
1028,368
1028,137
1028,379
1028,389
1028,390
1028,396
1028,399
1028,117
1028,375
1028,14
1028,251
1028,11
1028,258
1028,51
1028,89
1028,48
1028,388
1028,262
1028,145
1028,259
1028,256
1028,254
1028,357
1028,247
1028,5
1028,139
1028,336
1028,141
1028,324
1028,24
1028,121
1028,56
1028,277
1028,278
1028,347
1028,351
1028,195
1028,222
1028,219
1028,208
1028,363
1028,344
1028,328
1028,6
1028,395
1030,0
1030,3
1030,160
1030,15
1030,18
1030,37
1030,41
1030,248
1030,60
1030,59
1030,273
1030,212
1030,81
1030,85
1030,100
1030,105
1030,107
1030,113
1030,126
1030,366
1030,138
1030,319
1030,101
1030,147
1030,53
1030,158
1030,176
1030,63
1030,64
1030,66
1030,196
1030,198
1030,204
1030,224
1030,230
1030,231
1030,263
1030,266
1030,279
1030,280
1030,299
1030,301
1030,318
1030,383
1030,83
1030,342
1030,346
1030,137
1030,379
1030,391
1030,396
1030,14
1030,251
1030,11
1030,371
1030,340
1030,235
1030,123
1030,94
1030,110
1030,293
1030,320
1030,135
1030,359
1030,288
1030,289
1030,116
1030,24
1030,23
1030,5
1030,56
1030,394
1030,395
1030,21
1030,214
1030,213
1030,46
1030,343
1030,222
1030,344
1035,0
1035,3
1035,15
1035,18
1035,28
1035,94
1035,29
1035,32
1035,37
1035,39
1035,78
1035,148
1035,81
1035,234
1035,112
1035,98
1035,107
1035,113
1035,114
1035,344
1035,284
1035,133
1035,319
1035,101
1035,147
1035,152
1035,167
1035,176
1035,177
1035,41
1035,199
1035,207
1035,290
1035,225
1035,233
1035,260
1035,261
1035,10
1035,266
1035,280
1035,282
1035,335
1035,202
1035,281
1035,296
1035,278
1035,300
1035,314
1035,315
1035,318
1035,383
1035,83
1035,348
1035,70
1035,354
1035,360
1035,364
1035,368
1035,310
1035,379
1035,396
1035,398
1035,117
1035,375
1035,14
1035,298
1035,123
1035,240
1035,109
1035,209
1035,110
1035,140
1035,120
1035,299
1035,135
1035,393
1035,84
1035,222
1035,53
1035,363
1038,28
1038,94
1038,107
1038,113
1038,114
1038,344
1038,319
1038,101
1038,147
1038,37
1038,177
1038,87
1038,253
1038,266
1038,396
1038,1
1038,222
1040,0
1040,3
1040,160
1040,18
1040,19
1040,37
1040,38
1040,267
1040,78
1040,148
1040,107
1040,114
1040,344
1040,122
1040,134
1040,319
1040,101
1040,150
1040,177
1040,63
1040,198
1040,202
1040,207
1040,231
1040,87
1040,253
1040,200
1040,266
1040,317
1040,83
1040,333
1040,361
1040,238
1040,310
1040,374
1040,379
1040,391
1040,396
1040,14
1040,59
1040,145
1040,118
1040,259
1040,256
1040,254
1040,71
1040,295
1040,98
1040,227
1040,258
1040,56
1040,50
1040,351
1040,195
1040,2
1040,299
1042,23
1042,28
1042,94
1042,366
1042,138
1042,170
1042,198
1042,233
1042,298
1042,346
1042,360
1042,396
1043,113
1043,114
1043,344
1043,123
1043,147
1043,37
1043,177
1043,117
1043,357
1043,247
1044,2
1044,3
1044,160
1044,13
1044,15
1044,19
1044,20
1044,21
1044,23
1044,22
1044,25
1044,26
1044,28
1044,94
1044,29
1044,33
1044,256
1044,34
1044,37
1044,38
1044,39
1044,40
1044,42
1044,248
1044,57
1044,59
1044,62
1044,67
1044,273
1044,267
1044,72
1044,212
1044,78
1044,148
1044,79
1044,80
1044,81
1044,82
1044,85
1044,90
1044,91
1044,92
1044,43
1044,93
1044,234
1044,112
1044,124
1044,96
1044,97
1044,98
1044,100
1044,101
1044,105
1044,104
1044,106
1044,107
1044,113
1044,119
1044,291
1044,120
1044,121
1044,122
1044,123
1044,126
1044,127
1044,129
1044,130
1044,131
1044,132
1044,133
1044,366
1044,134
1044,319
1044,140
1044,143
1044,147
1044,53
1044,150
1044,156
1044,157
1044,161
1044,158
1044,162
1044,163
1044,164
1044,165
1044,166
1044,167
1044,176
1044,177
1044,63
1044,64
1044,66
1044,168
1044,49
1044,175
1044,171
1044,182
1044,188
1044,194
1044,195
1044,198
1044,199
1044,202
1044,204
1044,205
1044,206
1044,207
1044,290
1044,210
1044,216
1044,224
1044,225
1044,35
1044,326
1044,88
1044,253
1044,231
1044,232
1044,233
1044,242
1044,243
1044,246
1044,249
1044,87
1044,200
1044,264
1044,265
1044,266
1044,269
1044,274
1044,356
1044,275
1044,279
1044,280
1044,281
1044,293
1044,294
1044,295
1044,296
1044,297
1044,299
1044,301
1044,309
1044,311
1044,378
1044,314
1044,315
1044,316
1044,329
1044,330
1044,83
1044,333
1044,338
1044,342
1044,345
1044,346
1044,138
1044,348
1044,70
1044,350
1044,353
1044,238
1044,337
1044,354
1044,358
1044,360
1044,361
1044,364
1044,368
1044,372
1044,310
1044,374
1044,377
1044,376
1044,373
1044,382
1044,381
1044,27
1044,391
1044,395
1044,396
1044,398
1044,397
1044,117
1044,375
1044,73
1044,387
1044,349
1044,99
1044,14
1044,251
1044,11
1044,285
1044,68
1044,252
1044,95
1044,250
1044,258
1044,89
1044,48
1044,365
1044,155
1044,8
1044,221
1044,55
1044,145
1044,304
1044,45
1044,36
1044,16
1044,339
1044,118
1044,172
1044,241
1044,307
1044,371
1044,340
1044,240
1044,109
1044,209
1044,259
1044,254
1044,211
1044,4
1044,110
1044,111
1044,357
1044,247
1044,5
1044,139
1044,1
1044,179
1044,135
1044,323
1044,183
1044,116
1044,393
1044,321
1044,197
1044,56
1044,239
1044,84
1044,146
1044,86
1044,154
1044,189
1044,245
1044,115
1044,9
1044,214
1044,213
1044,46
1044,128
1044,343
1044,302
1044,228
1044,222
1044,255
1044,208
1044,344
1044,380
1044,6
1045,3
1045,160
1045,15
1045,18
1045,19
1045,173
1045,25
1045,26
1045,32
1045,33
1045,256
1045,42
1045,248
1045,57
1045,72
1045,212
1045,80
1045,81
1045,85
1045,100
1045,105
1045,107
1045,113
1045,123
1045,126
1045,284
1045,319
1045,101
1045,143
1045,147
1045,37
1045,150
1045,158
1045,159
1045,177
1045,64
1045,182
1045,196
1045,290
1045,210
1045,326
1045,242
1045,261
1045,10
1045,266
1045,273
1045,274
1045,356
1045,296
1045,297
1045,299
1045,301
1045,314
1045,325
1045,70
1045,353
1045,238
1045,337
1045,354
1045,360
1045,377
1045,376
1045,373
1045,27
1045,385
1045,386
1045,391
1045,392
1045,396
1045,117
1045,51
1045,236
1045,307
1045,371
1045,340
1045,240
1045,109
1045,148
1045,209
1045,259
1045,135
1045,183
1045,24
1045,23
1045,351
1045,195
1045,214
1045,213
1045,46
1045,222
1045,344
1049,3
1049,160
1049,7
1049,15
1049,17
1049,18
1049,19
1049,21
1049,23
1049,22
1049,173
1049,25
1049,26
1049,28
1049,94
1049,29
1049,31
1049,32
1049,33
1049,256
1049,34
1049,37
1049,38
1049,42
1049,59
1049,62
1049,270
1049,67
1049,69
1049,267
1049,72
1049,76
1049,77
1049,78
1049,148
1049,79
1049,81
1049,85
1049,91
1049,92
1049,43
1049,93
1049,234
1049,112
1049,124
1049,96
1049,97
1049,104
1049,106
1049,107
1049,108
1049,113
1049,120
1049,122
1049,123
1049,126
1049,127
1049,129
1049,130
1049,284
1049,366
1049,134
1049,136
1049,138
1049,286
1049,319
1049,101
1049,140
1049,143
1049,53
1049,150
1049,156
1049,157
1049,159
1049,162
1049,163
1049,164
1049,166
1049,167
1049,177
1049,49
1049,170
1049,182
1049,186
1049,187
1049,188
1049,193
1049,194
1049,198
1049,199
1049,205
1049,206
1049,207
1049,225
1049,35
1049,291
1049,272
1049,229
1049,88
1049,253
1049,232
1049,233
1049,58
1049,243
1049,246
1049,249
1049,200
1049,261
1049,10
1049,266
1049,269
1049,271
1049,369
1049,274
1049,356
1049,275
1049,279
1049,292
1049,293
1049,296
1049,297
1049,298
1049,299
1049,301
1049,309
1049,311
1049,378
1049,314
1049,316
1049,329
1049,330
1049,83
1049,338
1049,346
1049,348
1049,252
1049,350
1049,195
1049,353
1049,238
1049,337
1049,354
1049,358
1049,360
1049,361
1049,362
1049,364
1049,368
1049,137
1049,310
1049,374
1049,377
1049,376
1049,373
1049,379
1049,382
1049,381
1049,27
1049,385
1049,386
1049,390
1049,391
1049,396
1049,398
1049,397
1049,117
1049,73
1049,14
1049,285
1049,68
1049,181
1049,250
1049,258
1049,388
1049,220
1049,236
1049,55
1049,145
1049,219
1049,16
1049,339
1049,118
1049,241
1049,307
1049,223
1049,240
1049,109
1049,209
1049,259
1049,254
1049,211
1049,110
1049,5
1049,4
1049,135
1049,323
1049,116
1049,393
1049,306
1049,2
1049,197
1049,56
1049,277
1049,278
1049,239
1049,146
1049,343
1049,222
1049,344
1049,380
1049,328
1049,6
1049,395
429,29
429,32
429,319
429,101
429,176
429,354
429,368
429,375
429,14
429,50
429,222
429,25
429,28
429,94
429,37
429,78
429,148
429,97
429,113
429,126
429,127
429,53
429,177
429,199
429,224
429,266
429,274
429,356
429,293
429,295
429,296
429,315
429,253
429,350
429,195
429,389
429,391
429,396
429,235
429,123
429,72
429,139
429,141
429,56
1051,3
1051,160
1051,33
1051,256
1051,34
1051,57
1051,59
1051,270
1051,72
1051,212
1051,79
1051,80
1051,91
1051,92
1051,43
1051,100
1051,106
1051,107
1051,123
1051,319
1051,101
1051,53
1051,150
1051,152
1051,157
1051,158
1051,177
1051,64
1051,202
1051,216
1051,229
1051,88
1051,253
1051,58
1051,266
1051,273
1051,275
1051,293
1051,301
1051,309
1051,316
1051,330
1051,338
1051,70
1051,350
1051,195
1051,353
1051,113
1051,238
1051,337
1051,360
1051,377
1051,376
1051,373
1051,382
1051,381
1051,27
1051,385
1051,386
1051,391
1051,396
1051,398
1051,285
1051,95
1051,250
1051,36
1051,371
1051,340
1051,259
1051,355
1051,50
1051,86
1051,85
1051,189
1051,245
1051,46
1051,222
1051,380
1055,3
1055,160
1055,15
1055,18
1055,21
1055,173
1055,25
1055,26
1055,28
1055,94
1055,29
1055,32
1055,33
1055,256
1055,34
1055,37
1055,40
1055,248
1055,57
1055,60
1055,59
1055,72
1055,78
1055,148
1055,79
1055,80
1055,81
1055,85
1055,234
1055,112
1055,124
1055,101
1055,105
1055,107
1055,113
1055,120
1055,123
1055,126
1055,284
1055,132
1055,133
1055,366
1055,134
1055,138
1055,319
1055,147
1055,53
1055,152
1055,156
1055,157
1055,158
1055,164
1055,167
1055,177
1055,65
1055,182
1055,198
1055,204
1055,206
1055,207
1055,290
1055,210
1055,216
1055,225
1055,226
1055,326
1055,230
1055,232
1055,233
1055,242
1055,87
1055,253
1055,261
1055,10
1055,264
1055,266
1055,273
1055,274
1055,356
1055,275
1055,279
1055,296
1055,297
1055,298
1055,299
1055,311
1055,378
1055,313
1055,312
1055,314
1055,318
1055,383
1055,83
1055,333
1055,338
1055,343
1055,346
1055,348
1055,70
1055,350
1055,195
1055,353
1055,238
1055,337
1055,354
1055,360
1055,364
1055,368
1055,137
1055,372
1055,377
1055,379
1055,384
1055,391
1055,396
1055,398
1055,117
1055,180
1055,61
1055,14
1055,285
1055,51
1055,89
1055,48
1055,262
1055,327
1055,184
1055,237
1055,236
1055,241
1055,307
1055,371
1055,340
1055,235
1055,4
1055,240
1055,109
1055,209
1055,259
1055,1
1055,111
1055,135
1055,183
1055,24
1055,23
1055,306
1055,321
1055,277
1055,278
1055,38
1055,86
1055,115
1055,351
1055,46
1055,128
1055,222
1055,178
1055,93
1055,325
1055,12
1055,344
1055,395
1057,15
1057,18
1057,23
1057,22
1057,30
1057,25
1057,26
1057,32
1057,33
1057,256
1057,41
1057,57
1057,60
1057,72
1057,78
1057,148
1057,81
1057,124
1057,97
1057,98
1057,104
1057,107
1057,113
1057,126
1057,133
1057,138
1057,319
1057,101
1057,53
1057,167
1057,176
1057,177
1057,63
1057,168
1057,49
1057,182
1057,198
1057,207
1057,225
1057,226
1057,233
1057,184
1057,266
1057,279
1057,293
1057,297
1057,298
1057,309
1057,314
1057,257
1057,350
1057,195
1057,354
1057,360
1057,137
1057,379
1057,384
1057,391
1057,396
1057,397
1057,399
1057,180
1057,14
1057,369
1057,388
1057,16
1057,235
1057,4
1057,3
1057,240
1057,109
1057,209
1057,259
1057,1
1057,135
1057,393
1057,306
1057,307
1057,121
1057,56
1057,48
1057,222
1057,344
1059,2
1059,3
1059,160
1059,7
1059,17
1059,20
1059,22
1059,26
1059,28
1059,94
1059,29
1059,33
1059,256
1059,37
1059,38
1059,40
1059,42
1059,54
1059,57
1059,59
1059,270
1059,62
1059,69
1059,72
1059,212
1059,78
1059,148
1059,79
1059,80
1059,81
1059,93
1059,124
1059,96
1059,105
1059,106
1059,107
1059,113
1059,123
1059,126
1059,127
1059,129
1059,130
1059,284
1059,134
1059,136
1059,286
1059,319
1059,101
1059,53
1059,150
1059,156
1059,157
1059,158
1059,162
1059,165
1059,166
1059,176
1059,177
1059,64
1059,66
1059,170
1059,174
1059,175
1059,171
1059,186
1059,187
1059,188
1059,191
1059,192
1059,193
1059,194
1059,196
1059,198
1059,199
1059,202
1059,203
1059,204
1059,205
1059,206
1059,207
1059,290
1059,210
1059,216
1059,35
1059,291
1059,88
1059,253
1059,232
1059,233
1059,242
1059,246
1059,249
1059,200
1059,266
1059,269
1059,273
1059,274
1059,356
1059,279
1059,281
1059,287
1059,292
1059,293
1059,296
1059,297
1059,298
1059,299
1059,301
1059,308
1059,309
1059,311
1059,378
1059,313
1059,312
1059,314
1059,317
1059,316
1059,330
1059,338
1059,340
1059,342
1059,348
1059,350
1059,195
1059,353
1059,238
1059,337
1059,354
1059,360
1059,361
1059,362
1059,364
1059,368
1059,372
1059,310
1059,374
1059,377
1059,376
1059,373
1059,27
1059,392
1059,396
1059,398
1059,397
1059,375
1059,73
1059,180
1059,14
1059,251
1059,11
1059,285
1059,68
1059,252
1059,95
1059,51
1059,89
1059,48
1059,151
1059,8
1059,221
1059,327
1059,184
1059,237
1059,236
1059,55
1059,304
1059,45
1059,36
1059,16
1059,241
1059,371
1059,223
1059,240
1059,109
1059,209
1059,259
1059,211
1059,43
1059,185
1059,135
1059,336
1059,183
1059,24
1059,23
1059,277
1059,278
1059,239
1059,146
1059,86
1059,85
1059,9
1059,201
1059,52
1059,214
1059,213
1059,46
1059,222
1059,208
1059,344
1059,6
1059,395
1068,3
1068,160
1068,7
1068,25
1068,42
1068,59
1068,212
1068,79
1068,81
1068,104
1068,113
1068,284
1068,132
1068,319
1068,101
1068,156
1068,162
1068,177
1068,187
1068,198
1068,199
1068,216
1068,200
1068,261
1068,10
1068,266
1068,293
1068,301
1068,314
1068,330
1068,338
1068,307
1068,137
1068,377
1068,379
1068,382
1068,381
1068,8
1068,221
1068,259
1068,256
1068,109
1068,144
1068,103
1068,202
1068,120
1068,324
1068,339
1068,86
1068,85
1068,347
1068,222
1068,363
1068,299
1068,227
1069,25
1069,28
1069,94
1069,29
1069,32
1069,93
1069,234
1069,112
1069,107
1069,113
1069,114
1069,344
1069,126
1069,127
1069,284
1069,134
1069,319
1069,101
1069,163
1069,167
1069,177
1069,264
1069,266
1069,274
1069,356
1069,280
1069,314
1069,318
1069,383
1069,353
1069,238
1069,337
1069,396
1069,398
1069,293
1069,135
1069,56
1075,2
1075,3
1075,160
1075,13
1075,18
1075,20
1075,21
1075,23
1075,22
1075,30
1075,173
1075,25
1075,26
1075,28
1075,94
1075,29
1075,31
1075,32
1075,33
1075,256
1075,34
1075,37
1075,38
1075,39
1075,42
1075,248
1075,54
1075,57
1075,60
1075,59
1075,62
1075,69
1075,72
1075,76
1075,77
1075,78
1075,148
1075,79
1075,80
1075,81
1075,82
1075,85
1075,90
1075,234
1075,112
1075,96
1075,100
1075,101
1075,102
1075,106
1075,107
1075,113
1075,120
1075,122
1075,123
1075,126
1075,129
1075,131
1075,284
1075,132
1075,366
1075,134
1075,138
1075,319
1075,143
1075,147
1075,53
1075,150
1075,152
1075,157
1075,158
1075,159
1075,162
1075,164
1075,166
1075,176
1075,177
1075,63
1075,64
1075,49
1075,175
1075,171
1075,186
1075,187
1075,125
1075,191
1075,190
1075,194
1075,195
1075,198
1075,199
1075,202
1075,203
1075,207
1075,210
1075,215
1075,216
1075,224
1075,225
1075,231
1075,233
1075,58
1075,242
1075,246
1075,200
1075,257
1075,153
1075,261
1075,10
1075,264
1075,265
1075,266
1075,269
1075,273
1075,274
1075,356
1075,275
1075,279
1075,280
1075,292
1075,293
1075,294
1075,295
1075,296
1075,297
1075,299
1075,278
1075,301
1075,309
1075,311
1075,378
1075,313
1075,312
1075,314
1075,315
1075,317
1075,316
1075,325
1075,329
1075,330
1075,83
1075,338
1075,340
1075,253
1075,346
1075,348
1075,252
1075,353
1075,238
1075,337
1075,354
1075,358
1075,360
1075,364
1075,368
1075,370
1075,137
1075,372
1075,52
1075,310
1075,374
1075,377
1075,376
1075,373
1075,379
1075,382
1075,381
1075,27
1075,384
1075,391
1075,392
1075,395
1075,396
1075,398
1075,397
1075,318
1075,399
1075,117
1075,73
1075,180
1075,14
1075,251
1075,11
1075,305
1075,285
1075,181
1075,250
1075,155
1075,220
1075,262
1075,255
1075,55
1075,145
1075,219
1075,339
1075,118
1075,172
1075,241
1075,307
1075,371
1075,223
1075,240
1075,109
1075,209
1075,259
1075,211
1075,4
1075,111
1075,244
1075,355
1075,5
1075,320
1075,247
1075,144
1075,1
1075,185
1075,71
1075,341
1075,135
1075,359
1075,288
1075,289
1075,336
1075,178
1075,141
1075,388
1075,183
1075,116
1075,393
1075,218
1075,217
1075,227
1075,321
1075,197
1075,332
1075,56
1075,277
1075,239
1075,146
1075,394
1075,351
1075,201
1075,214
1075,213
1075,46
1075,128
1075,343
1075,302
1075,228
1075,222
1075,182
1075,331
1075,93
1075,327
1075,12
1075,344
1075,328
1075,6
1081,3
1081,160
1081,7
1081,15
1081,18
1081,19
1081,20
1081,21
1081,23
1081,22
1081,30
1081,25
1081,26
1081,28
1081,94
1081,29
1081,31
1081,32
1081,33
1081,256
1081,34
1081,37
1081,38
1081,39
1081,40
1081,42
1081,248
1081,54
1081,57
1081,59
1081,62
1081,69
1081,267
1081,72
1081,77
1081,212
1081,78
1081,148
1081,80
1081,81
1081,90
1081,93
1081,234
1081,112
1081,124
1081,96
1081,97
1081,98
1081,100
1081,101
1081,105
1081,104
1081,106
1081,107
1081,108
1081,113
1081,119
1081,291
1081,120
1081,123
1081,126
1081,127
1081,129
1081,130
1081,131
1081,284
1081,132
1081,134
1081,138
1081,319
1081,140
1081,143
1081,147
1081,53
1081,150
1081,156
1081,158
1081,159
1081,163
1081,164
1081,165
1081,166
1081,176
1081,177
1081,63
1081,64
1081,65
1081,66
1081,168
1081,170
1081,174
1081,175
1081,171
1081,182
1081,188
1081,192
1081,193
1081,198
1081,199
1081,202
1081,205
1081,206
1081,207
1081,290
1081,210
1081,216
1081,225
1081,35
1081,272
1081,229
1081,88
1081,253
1081,232
1081,233
1081,58
1081,242
1081,243
1081,249
1081,200
1081,261
1081,10
1081,266
1081,269
1081,273
1081,274
1081,356
1081,276
1081,278
1081,279
1081,281
1081,293
1081,296
1081,297
1081,298
1081,299
1081,300
1081,301
1081,303
1081,308
1081,309
1081,314
1081,315
1081,317
1081,316
1081,318
1081,383
1081,330
1081,83
1081,337
1081,338
1081,340
1081,342
1081,348
1081,350
1081,195
1081,353
1081,238
1081,354
1081,358
1081,360
1081,362
1081,368
1081,370
1081,310
1081,374
1081,377
1081,376
1081,373
1081,379
1081,27
1081,389
1081,390
1081,391
1081,396
1081,398
1081,397
1081,117
1081,375
1081,73
1081,349
1081,99
1081,14
1081,251
1081,11
1081,305
1081,285
1081,68
1081,181
1081,250
1081,151
1081,388
1081,155
1081,220
1081,8
1081,221
1081,262
1081,184
1081,237
1081,236
1081,304
1081,45
1081,36
1081,16
1081,172
1081,241
1081,307
1081,371
1081,223
1081,240
1081,109
1081,209
1081,259
1081,211
1081,357
1081,247
1081,5
1081,139
1081,1
1081,135
1081,336
1081,183
1081,47
1081,24
1081,306
1081,2
1081,258
1081,56
1081,239
1081,84
1081,146
1081,86
1081,85
1081,154
1081,214
1081,213
1081,46
1081,128
1081,222
1081,255
1081,328
1081,208
1081,12
1081,344
1082,3
1082,160
1082,28
1082,94
1082,29
1082,37
1082,39
1082,60
1082,78
1082,148
1082,81
1082,85
1082,124
1082,100
1082,107
1082,113
1082,123
1082,126
1082,319
1082,101
1082,147
1082,176
1082,177
1082,41
1082,65
1082,199
1082,202
1082,266
1082,274
1082,356
1082,295
1082,296
1082,83
1082,348
1082,353
1082,238
1082,337
1082,354
1082,364
1082,368
1082,310
1082,396
1082,117
1082,14
1082,145
1082,227
1082,139
1082,247
1082,111
1082,197
1082,332
1082,73
1082,158
1082,285
1082,154
1082,351
1082,195
1082,222
1082,12
1082,344
1087,3
1087,160
1087,7
1087,15
1087,18
1087,20
1087,21
1087,23
1087,22
1087,25
1087,26
1087,28
1087,94
1087,29
1087,31
1087,32
1087,33
1087,256
1087,34
1087,37
1087,38
1087,39
1087,40
1087,41
1087,42
1087,248
1087,75
1087,54
1087,57
1087,60
1087,59
1087,67
1087,69
1087,273
1087,267
1087,72
1087,76
1087,77
1087,212
1087,78
1087,148
1087,79
1087,80
1087,81
1087,85
1087,91
1087,92
1087,43
1087,93
1087,234
1087,112
1087,124
1087,96
1087,97
1087,98
1087,100
1087,101
1087,106
1087,107
1087,108
1087,113
1087,114
1087,344
1087,119
1087,291
1087,120
1087,121
1087,122
1087,123
1087,126
1087,127
1087,129
1087,131
1087,284
1087,132
1087,134
1087,136
1087,138
1087,286
1087,319
1087,140
1087,143
1087,147
1087,53
1087,150
1087,152
1087,156
1087,157
1087,161
1087,158
1087,159
1087,162
1087,163
1087,165
1087,167
1087,177
1087,178
1087,63
1087,64
1087,168
1087,49
1087,169
1087,170
1087,174
1087,175
1087,171
1087,182
1087,191
1087,193
1087,194
1087,198
1087,199
1087,202
1087,204
1087,205
1087,206
1087,207
1087,290
1087,210
1087,216
1087,225
1087,35
1087,326
1087,230
1087,88
1087,253
1087,294
1087,231
1087,232
1087,233
1087,58
1087,242
1087,243
1087,246
1087,249
1087,200
1087,257
1087,153
1087,261
1087,10
1087,264
1087,265
1087,266
1087,268
1087,269
1087,274
1087,356
1087,279
1087,280
1087,282
1087,335
1087,292
1087,293
1087,295
1087,296
1087,297
1087,299
1087,278
1087,301
1087,303
1087,309
1087,311
1087,378
1087,314
1087,315
1087,317
1087,316
1087,318
1087,383
1087,329
1087,330
1087,333
1087,83
1087,338
1087,340
1087,342
1087,345
1087,346
1087,348
1087,252
1087,70
1087,350
1087,195
1087,352
1087,353
1087,238
1087,337
1087,354
1087,358
1087,360
1087,361
1087,364
1087,368
1087,370
1087,137
1087,372
1087,310
1087,374
1087,377
1087,376
1087,373
1087,379
1087,382
1087,381
1087,27
1087,389
1087,390
1087,391
1087,392
1087,395
1087,396
1087,398
1087,397
1087,399
1087,117
1087,375
1087,73
1087,180
1087,387
1087,349
1087,99
1087,14
1087,251
1087,11
1087,305
1087,285
1087,95
1087,250
1087,151
1087,365
1087,388
1087,155
1087,220
1087,262
1087,184
1087,237
1087,255
1087,55
1087,145
1087,219
1087,36
1087,16
1087,339
1087,118
1087,227
1087,172
1087,241
1087,307
1087,371
1087,240
1087,109
1087,209
1087,259
1087,254
1087,211
1087,1
1087,4
1087,327
1087,111
1087,357
1087,247
1087,320
1087,139
1087,239
1087,71
1087,103
1087,179
1087,341
1087,135
1087,336
1087,323
1087,183
1087,116
1087,324
1087,24
1087,393
1087,306
1087,2
1087,218
1087,217
1087,321
1087,197
1087,332
1087,56
1087,367
1087,84
1087,146
1087,154
1087,351
1087,9
1087,201
1087,52
1087,214
1087,213
1087,46
1087,128
1087,343
1087,302
1087,228
1087,222
1087,258
1087,208
1087,331
1087,13
1087,125
1087,325
1087,380
1087,6
1088,3
1088,160
1088,17
1088,19
1088,21
1088,22
1088,28
1088,94
1088,29
1088,33
1088,256
1088,34
1088,37
1088,38
1088,39
1088,42
1088,248
1088,54
1088,57
1088,59
1088,62
1088,67
1088,267
1088,72
1088,76
1088,77
1088,78
1088,148
1088,79
1088,80
1088,81
1088,85
1088,91
1088,92
1088,43
1088,234
1088,112
1088,124
1088,96
1088,100
1088,105
1088,104
1088,106
1088,107
1088,108
1088,113
1088,120
1088,123
1088,126
1088,127
1088,129
1088,130
1088,131
1088,284
1088,132
1088,366
1088,134
1088,136
1088,138
1088,286
1088,319
1088,101
1088,143
1088,147
1088,53
1088,150
1088,152
1088,156
1088,157
1088,161
1088,158
1088,159
1088,162
1088,165
1088,166
1088,176
1088,177
1088,64
1088,170
1088,175
1088,171
1088,182
1088,188
1088,193
1088,190
1088,194
1088,198
1088,199
1088,202
1088,207
1088,290
1088,210
1088,216
1088,225
1088,226
1088,35
1088,291
1088,272
1088,326
1088,88
1088,253
1088,233
1088,58
1088,242
1088,243
1088,246
1088,87
1088,263
1088,261
1088,10
1088,266
1088,273
1088,274
1088,356
1088,275
1088,279
1088,281
1088,293
1088,296
1088,297
1088,299
1088,278
1088,301
1088,303
1088,311
1088,378
1088,314
1088,325
1088,330
1088,334
1088,83
1088,338
1088,340
1088,345
1088,348
1088,350
1088,195
1088,353
1088,238
1088,337
1088,354
1088,358
1088,360
1088,362
1088,364
1088,368
1088,310
1088,377
1088,376
1088,373
1088,379
1088,382
1088,381
1088,27
1088,385
1088,386
1088,391
1088,396
1088,397
1088,117
1088,375
1088,73
1088,349
1088,99
1088,14
1088,251
1088,11
1088,305
1088,322
1088,285
1088,252
1088,250
1088,258
1088,51
1088,365
1088,8
1088,221
1088,327
1088,184
1088,237
1088,236
1088,255
1088,55
1088,145
1088,103
1088,36
1088,339
1088,118
1088,241
1088,307
1088,371
1088,223
1088,240
1088,109
1088,209
1088,259
1088,254
1088,111
1088,357
1088,247
1088,5
1088,139
1088,185
1088,135
1088,323
1088,183
1088,47
1088,393
1088,2
1088,321
1088,197
1088,277
1088,239
1088,84
1088,146
1088,86
1088,154
1088,115
1088,9
1088,343
1088,222
1088,208
1088,178
1088,93
1088,289
1088,12
1088,344
1088,149
1088,328
1088,6
1088,395
1090,3
1090,160
1090,7
1090,13
1090,17
1090,18
1090,21
1090,22
1090,25
1090,28
1090,94
1090,29
1090,31
1090,32
1090,33
1090,256
1090,34
1090,37
1090,39
1090,40
1090,41
1090,42
1090,248
1090,44
1090,103
1090,75
1090,54
1090,273
1090,57
1090,60
1090,59
1090,62
1090,270
1090,67
1090,69
1090,72
1090,76
1090,77
1090,212
1090,78
1090,148
1090,79
1090,80
1090,81
1090,85
1090,91
1090,92
1090,43
1090,93
1090,234
1090,112
1090,124
1090,96
1090,97
1090,98
1090,100
1090,101
1090,102
1090,104
1090,106
1090,107
1090,108
1090,113
1090,114
1090,344
1090,119
1090,291
1090,120
1090,121
1090,123
1090,126
1090,127
1090,129
1090,131
1090,284
1090,134
1090,136
1090,286
1090,319
1090,140
1090,143
1090,147
1090,53
1090,150
1090,152
1090,156
1090,157
1090,161
1090,158
1090,159
1090,162
1090,163
1090,164
1090,166
1090,176
1090,177
1090,63
1090,64
1090,65
1090,168
1090,169
1090,170
1090,175
1090,171
1090,182
1090,186
1090,187
1090,188
1090,193
1090,194
1090,195
1090,198
1090,199
1090,202
1090,204
1090,205
1090,206
1090,207
1090,290
1090,215
1090,35
1090,272
1090,326
1090,229
1090,88
1090,253
1090,294
1090,232
1090,58
1090,242
1090,243
1090,249
1090,87
1090,200
1090,153
1090,261
1090,10
1090,265
1090,266
1090,269
1090,274
1090,356
1090,275
1090,280
1090,281
1090,283
1090,287
1090,292
1090,293
1090,295
1090,296
1090,297
1090,299
1090,278
1090,301
1090,303
1090,308
1090,309
1090,311
1090,378
1090,314
1090,315
1090,317
1090,316
1090,318
1090,383
1090,325
1090,328
1090,330
1090,83
1090,333
1090,338
1090,340
1090,342
1090,345
1090,346
1090,138
1090,252
1090,70
1090,307
1090,350
1090,353
1090,238
1090,337
1090,354
1090,358
1090,360
1090,361
1090,362
1090,364
1090,368
1090,137
1090,372
1090,373
1090,310
1090,374
1090,377
1090,376
1090,379
1090,382
1090,381
1090,27
1090,384
1090,391
1090,392
1090,395
1090,396
1090,398
1090,397
1090,221
1090,117
1090,375
1090,14
1090,251
1090,11
1090,285
1090,68
1090,250
1090,151
1090,262
1090,327
1090,236
1090,255
1090,55
1090,145
1090,304
1090,45
1090,339
1090,118
1090,241
1090,371
1090,258
1090,4
1090,240
1090,109
1090,209
1090,259
1090,211
1090,320
1090,247
1090,111
1090,341
1090,135
1090,336
1090,323
1090,183
1090,141
1090,393
1090,218
1090,217
1090,321
1090,197
1090,332
1090,73
1090,56
1090,277
1090,239
1090,84
1090,146
1090,154
1090,189
1090,245
1090,347
1090,351
1090,214
1090,213
1090,46
1090,128
1090,343
1090,222
1090,125
1090,12
1090,380
1090,6
1091,2
1091,23
1091,25
1091,26
1091,28
1091,94
1091,29
1091,32
1091,33
1091,256
1091,37
1091,39
1091,248
1091,72
1091,78
1091,148
1091,81
1091,85
1091,124
1091,96
1091,107
1091,113
1091,119
1091,291
1091,120
1091,123
1091,126
1091,127
1091,129
1091,284
1091,366
1091,134
1091,136
1091,319
1091,101
1091,147
1091,53
1091,150
1091,152
1091,156
1091,158
1091,176
1091,177
1091,188
1091,125
1091,190
1091,198
1091,199
1091,202
1091,224
1091,87
1091,253
1091,257
1091,261
1091,10
1091,266
1091,273
1091,274
1091,356
1091,293
1091,296
1091,299
1091,301
1091,311
1091,378
1091,314
1091,83
1091,70
1091,350
1091,195
1091,352
1091,353
1091,238
1091,337
1091,354
1091,358
1091,364
1091,368
1091,137
1091,372
1091,310
1091,379
1091,389
1091,390
1091,391
1091,396
1091,399
1091,117
1091,73
1091,14
1091,305
1091,365
1091,262
1091,255
1091,145
1091,259
1091,211
1091,1
1091,110
1091,111
1091,244
1091,139
1091,144
1091,116
1091,24
1091,393
1091,306
1091,307
1091,227
1091,197
1091,258
1091,56
1091,50
1091,84
1091,146
1091,154
1091,189
1091,245
1091,128
1091,222
1091,331
1091,265
1091,178
1091,93
1091,344
1093,2
1093,3
1093,160
1093,7
1093,15
1093,18
1093,30
1093,25
1093,26
1093,29
1093,33
1093,256
1093,37
1093,38
1093,40
1093,42
1093,248
1093,44
1093,103
1093,60
1093,59
1093,270
1093,69
1093,72
1093,76
1093,212
1093,78
1093,148
1093,79
1093,81
1093,82
1093,85
1093,91
1093,92
1093,43
1093,102
1093,104
1093,107
1093,113
1093,120
1093,123
1093,126
1093,127
1093,366
1093,134
1093,286
1093,319
1093,101
1093,147
1093,53
1093,150
1093,152
1093,156
1093,157
1093,161
1093,159
1093,176
1093,177
1093,66
1093,169
1093,182
1093,186
1093,187
1093,193
1093,196
1093,198
1093,199
1093,202
1093,206
1093,216
1093,225
1093,326
1093,229
1093,233
1093,87
1093,253
1093,263
1093,257
1093,153
1093,261
1093,10
1093,264
1093,265
1093,266
1093,271
1093,369
1093,281
1093,292
1093,296
1093,297
1093,298
1093,299
1093,301
1093,309
1093,314
1093,317
1093,316
1093,330
1093,338
1093,346
1093,138
1093,70
1093,353
1093,238
1093,337
1093,354
1093,360
1093,364
1093,137
1093,372
1093,377
1093,379
1093,382
1093,381
1093,391
1093,392
1093,396
1093,398
1093,221
1093,117
1093,375
1093,73
1093,180
1093,285
1093,252
1093,348
1093,95
1093,388
1093,255
1093,307
1093,259
1093,4
1093,245
1093,294
1093,151
1093,24
1093,23
1093,393
1093,158
1093,56
1093,277
1093,278
1093,222
1093,258
1093,344
1096,2
1096,3
1096,160
1096,7
1096,15
1096,17
1096,18
1096,20
1096,21
1096,22
1096,25
1096,26
1096,28
1096,94
1096,29
1096,32
1096,33
1096,256
1096,34
1096,37
1096,38
1096,39
1096,40
1096,41
1096,42
1096,248
1096,75
1096,54
1096,57
1096,59
1096,270
1096,62
1096,67
1096,69
1096,267
1096,72
1096,76
1096,77
1096,212
1096,78
1096,148
1096,79
1096,80
1096,81
1096,85
1096,90
1096,91
1096,92
1096,43
1096,93
1096,234
1096,112
1096,124
1096,96
1096,97
1096,98
1096,100
1096,101
1096,102
1096,104
1096,106
1096,107
1096,108
1096,113
1096,120
1096,121
1096,122
1096,123
1096,126
1096,127
1096,129
1096,131
1096,284
1096,132
1096,133
1096,134
1096,136
1096,286
1096,161
1096,319
1096,140
1096,143
1096,147
1096,53
1096,150
1096,152
1096,156
1096,157
1096,158
1096,159
1096,162
1096,163
1096,164
1096,165
1096,166
1096,167
1096,176
1096,177
1096,178
1096,63
1096,64
1096,65
1096,168
1096,49
1096,169
1096,170
1096,174
1096,175
1096,171
1096,186
1096,187
1096,188
1096,125
1096,191
1096,193
1096,190
1096,194
1096,195
1096,196
1096,198
1096,199
1096,202
1096,204
1096,205
1096,206
1096,207
1096,290
1096,210
1096,216
1096,224
1096,35
1096,291
1096,116
1096,272
1096,326
1096,229
1096,88
1096,253
1096,231
1096,232
1096,233
1096,240
1096,242
1096,243
1096,246
1096,249
1096,87
1096,200
1096,153
1096,261
1096,10
1096,264
1096,265
1096,266
1096,268
1096,269
1096,273
1096,274
1096,356
1096,275
1096,280
1096,281
1096,287
1096,292
1096,293
1096,294
1096,295
1096,296
1096,297
1096,299
1096,278
1096,301
1096,303
1096,309
1096,311
1096,378
1096,313
1096,312
1096,314
1096,315
1096,317
1096,316
1096,318
1096,383
1096,328
1096,330
1096,334
1096,83
1096,337
1096,333
1096,338
1096,340
1096,342
1096,345
1096,348
1096,252
1096,353
1096,238
1096,354
1096,358
1096,360
1096,361
1096,362
1096,364
1096,365
1096,368
1096,372
1096,373
1096,310
1096,374
1096,377
1096,376
1096,379
1096,27
1096,390
1096,391
1096,392
1096,396
1096,398
1096,397
1096,399
1096,117
1096,375
1096,61
1096,349
1096,99
1096,14
1096,251
1096,11
1096,305
1096,285
1096,68
1096,250
1096,51
1096,151
1096,155
1096,262
1096,184
1096,237
1096,255
1096,55
1096,145
1096,304
1096,45
1096,36
1096,16
1096,339
1096,118
1096,172
1096,241
1096,307
1096,371
1096,223
1096,109
1096,209
1096,259
1096,254
1096,211
1096,1
1096,4
1096,110
1096,111
1096,357
1096,247
1096,244
1096,5
1096,320
1096,139
1096,144
1096,71
1096,103
1096,179
1096,341
1096,135
1096,336
1096,323
1096,183
1096,141
1096,393
1096,218
1096,217
1096,381
1096,321
1096,197
1096,332
1096,73
1096,56
1096,277
1096,239
1096,50
1096,84
1096,146
1096,394
1096,395
1096,154
1096,189
1096,245
1096,351
1096,9
1096,201
1096,52
1096,214
1096,213
1096,46
1096,128
1096,343
1096,302
1096,228
1096,222
1096,258
1096,331
1096,13
1096,344
1096,149
1096,380
1096,6
1101,23
1101,26
1101,28
1101,94
1101,38
1101,60
1101,62
1101,93
1101,105
1101,107
1101,113
1101,123
1101,133
1101,138
1101,319
1101,101
1101,150
1101,176
1101,177
1101,198
1101,225
1101,266
1101,297
1101,299
1101,314
1101,318
1101,383
1101,346
1101,364
1101,379
1101,391
1101,396
1101,151
1101,184
1101,237
1101,240
1101,109
1101,148
1101,209
1101,4
1101,178
1108,3
1108,160
1108,23
1108,26
1108,29
1108,32
1108,33
1108,256
1108,38
1108,40
1108,42
1108,60
1108,59
1108,62
1108,267
1108,72
1108,265
1108,330
1108,212
1108,79
1108,80
1108,81
1108,85
1108,104
1108,107
1108,113
1108,122
1108,123
1108,129
1108,131
1108,284
1108,134
1108,319
1108,101
1108,147
1108,37
1108,53
1108,157
1108,177
1108,64
1108,194
1108,198
1108,199
1108,210
1108,215
1108,216
1108,230
1108,229
1108,88
1108,253
1108,242
1108,87
1108,257
1108,264
1108,266
1108,273
1108,274
1108,356
1108,293
1108,295
1108,296
1108,299
1108,301
1108,309
1108,338
1108,343
1108,352
1108,354
1108,368
1108,372
1108,377
1108,379
1108,385
1108,386
1108,390
1108,392
1108,396
1108,117
1108,250
1108,55
1108,241
1108,258
1108,4
1108,240
1108,109
1108,148
1108,209
1108,259
1108,355
1108,1
1108,71
1108,294
1108,359
1108,288
1108,289
1108,141
1108,222
1108,331
1108,221
1142,3
1142,160
1142,22
1142,28
1142,94
1142,29
1142,33
1142,256
1142,37
1142,42
1142,248
1142,59
1142,79
1142,80
1142,81
1142,100
1142,106
1142,107
1142,113
1142,120
1142,123
1142,127
1142,132
1142,136
1142,319
1142,101
1142,147
1142,53
1142,150
1142,158
1142,167
1142,177
1142,49
1142,170
1142,182
1142,191
1142,193
1142,194
1142,198
1142,215
1142,216
1142,225
1142,272
1142,233
1142,184
1142,153
1142,266
1142,273
1142,276
1142,278
1142,279
1142,282
1142,335
1142,202
1142,293
1142,297
1142,299
1142,301
1142,314
1142,330
1142,338
1142,350
1142,195
1142,360
1142,377
1142,379
1142,396
1142,397
1142,117
1142,73
1142,180
1142,251
1142,11
1142,181
1142,252
1142,348
1142,8
1142,221
1142,118
1142,172
1142,241
1142,371
1142,340
1142,259
1142,357
1142,247
1142,5
1142,185
1142,183
1142,277
1142,86
1142,85
1142,9
1142,46
1142,222
1142,328
1142,363
1142,344
1110,3
1110,160
1110,23
1110,26
1110,60
1110,107
1110,319
1110,101
1110,175
1110,171
1110,182
1110,207
1110,266
1110,364
1110,379
1110,391
1110,178
1110,93
1115,0
1115,3
1115,19
1115,21
1115,248
1115,78
1115,148
1115,81
1115,124
1115,113
1115,114
1115,344
1115,127
1115,131
1115,284
1115,143
1115,147
1115,37
1115,53
1115,152
1115,176
1115,177
1115,207
1115,260
1115,266
1115,273
1115,301
1115,314
1115,345
1115,350
1115,195
1115,354
1115,358
1115,368
1115,137
1115,376
1115,373
1115,391
1115,396
1115,117
1115,375
1115,14
1115,305
1115,255
1115,118
1115,371
1115,340
1115,79
1115,110
1115,111
1115,116
1115,393
1115,56
1115,128
1115,315
1115,395
1115,32
1115,319
1115,101
1115,224
1115,293
1115,99
1115,324
1116,26
1116,29
1116,31
1116,39
1116,78
1116,148
1116,81
1116,105
1116,113
1116,319
1116,101
1116,53
1116,176
1116,177
1116,198
1116,207
1116,266
1116,274
1116,356
1116,280
1116,353
1116,238
1116,337
1116,396
1116,14
1116,99
1116,220
1116,184
1116,237
1116,357
1116,247
1116,197
1116,56
1116,344
1116,328
343,3
343,160
343,17
343,18
343,19
343,20
343,21
343,22
343,25
343,28
343,94
343,29
343,32
343,33
343,256
343,34
343,37
343,38
343,39
343,40
343,42
343,248
343,59
343,62
343,67
343,69
343,267
343,72
343,76
343,77
343,212
343,78
343,148
343,79
343,81
343,90
343,91
343,92
343,43
343,93
343,234
343,112
343,124
343,96
343,97
343,98
343,100
343,104
343,106
343,107
343,108
343,113
343,114
343,344
343,120
343,121
343,122
343,123
343,126
343,127
343,129
343,130
343,131
343,284
343,133
343,134
343,136
343,286
343,319
343,101
343,147
343,53
343,150
343,152
343,156
343,157
343,158
343,159
343,162
343,163
343,164
343,166
343,176
343,177
343,63
343,66
343,49
343,169
343,170
343,182
343,186
343,187
343,188
343,191
343,193
343,190
343,194
343,196
343,198
343,199
343,204
343,205
343,206
343,207
343,290
343,216
343,224
343,35
343,291
343,272
343,230
343,229
343,88
343,253
343,294
343,231
343,232
343,233
343,58
343,243
343,246
343,249
343,87
343,200
343,263
343,153
343,260
343,261
343,10
343,266
343,269
343,273
343,274
343,356
343,275
343,276
343,278
343,280
343,282
343,335
343,202
343,281
343,292
343,293
343,295
343,296
343,299
343,300
343,301
343,308
343,309
343,311
343,378
343,314
343,315
343,317
343,330
343,334
343,83
343,337
343,333
343,338
343,340
343,342
343,343
343,348
343,350
343,195
343,353
343,238
343,354
343,358
343,360
343,364
343,365
343,368
343,370
343,137
343,310
343,374
343,377
343,376
343,373
343,379
343,382
343,381
343,27
343,385
343,386
343,391
343,392
343,396
343,398
343,397
343,117
343,375
343,73
343,14
343,251
343,11
343,285
343,250
343,258
343,68
343,151
343,155
343,8
343,221
343,262
343,236
343,255
343,55
343,145
343,304
343,45
343,103
343,322
343,36
343,16
343,339
343,118
343,241
343,307
343,371
343,235
343,240
343,109
343,209
343,259
343,254
343,211
343,110
343,357
343,247
343,244
343,5
343,139
343,135
343,141
343,388
343,323
343,183
343,116
343,393
343,306
343,321
343,197
343,56
343,277
343,239
343,84
343,146
343,86
343,85
343,154
343,351
343,222
343,13
343,12
343,380
343,6
343,395
1119,3
1119,160
1119,13
1119,15
1119,18
1119,20
1119,21
1119,22
1119,30
1119,26
1119,28
1119,94
1119,29
1119,31
1119,32
1119,33
1119,256
1119,37
1119,39
1119,41
1119,42
1119,248
1119,44
1119,103
1119,57
1119,60
1119,59
1119,270
1119,72
1119,76
1119,77
1119,78
1119,148
1119,79
1119,80
1119,81
1119,85
1119,91
1119,92
1119,43
1119,234
1119,112
1119,124
1119,96
1119,97
1119,98
1119,100
1119,101
1119,104
1119,106
1119,107
1119,108
1119,311
1119,113
1119,114
1119,344
1119,120
1119,121
1119,122
1119,123
1119,126
1119,127
1119,129
1119,131
1119,284
1119,132
1119,134
1119,136
1119,138
1119,286
1119,319
1119,143
1119,147
1119,53
1119,150
1119,152
1119,156
1119,157
1119,158
1119,159
1119,163
1119,164
1119,167
1119,176
1119,177
1119,64
1119,169
1119,170
1119,174
1119,175
1119,171
1119,182
1119,188
1119,193
1119,190
1119,194
1119,198
1119,199
1119,202
1119,204
1119,206
1119,207
1119,290
1119,210
1119,225
1119,35
1119,291
1119,326
1119,230
1119,229
1119,88
1119,253
1119,233
1119,242
1119,243
1119,246
1119,249
1119,87
1119,200
1119,260
1119,261
1119,10
1119,266
1119,268
1119,269
1119,273
1119,274
1119,356
1119,276
1119,278
1119,280
1119,281
1119,283
1119,287
1119,292
1119,293
1119,295
1119,296
1119,297
1119,298
1119,299
1119,301
1119,378
1119,314
1119,315
1119,318
1119,383
1119,330
1119,333
1119,334
1119,83
1119,338
1119,340
1119,345
1119,346
1119,348
1119,252
1119,350
1119,195
1119,353
1119,238
1119,337
1119,354
1119,358
1119,360
1119,364
1119,365
1119,368
1119,137
1119,372
1119,310
1119,374
1119,376
1119,373
1119,379
1119,27
1119,384
1119,385
1119,386
1119,390
1119,391
1119,396
1119,398
1119,397
1119,117
1119,375
1119,180
1119,349
1119,99
1119,14
1119,251
1119,11
1119,305
1119,322
1119,285
1119,68
1119,250
1119,151
1119,366
1119,255
1119,145
1119,304
1119,45
1119,16
1119,339
1119,118
1119,241
1119,307
1119,371
1119,240
1119,109
1119,209
1119,259
1119,254
1119,211
1119,111
1119,357
1119,247
1119,140
1119,5
1119,320
1119,139
1119,135
1119,183
1119,47
1119,24
1119,23
1119,306
1119,2
1119,321
1119,197
1119,332
1119,73
1119,56
1119,239
1119,84
1119,146
1119,58
1119,154
1119,189
1119,245
1119,351
1119,46
1119,128
1119,222
1119,125
1119,380
1119,328
1119,6
1119,395
1121,17
1121,19
1121,23
1121,31
1121,32
1121,37
1121,40
1121,248
1121,54
1121,60
1121,78
1121,148
1121,79
1121,85
1121,104
1121,113
1121,120
1121,126
1121,284
1121,319
1121,101
1121,53
1121,158
1121,165
1121,177
1121,63
1121,64
1121,175
1121,171
1121,182
1121,188
1121,191
1121,194
1121,196
1121,198
1121,199
1121,207
1121,210
1121,225
1121,326
1121,230
1121,232
1121,242
1121,200
1121,266
1121,273
1121,274
1121,356
1121,287
1121,293
1121,297
1121,301
1121,314
1121,325
1121,329
1121,83
1121,73
1121,333
1121,353
1121,238
1121,337
1121,354
1121,360
1121,369
1121,376
1121,373
1121,379
1121,27
1121,389
1121,390
1121,396
1121,399
1121,117
1121,375
1121,180
1121,14
1121,181
1121,388
1121,236
1121,241
1121,371
1121,340
1121,127
1121,254
1121,71
1121,72
1121,141
1121,183
1121,24
1121,56
1121,86
1121,222
1121,344
1121,328
1122,3
1122,160
1122,7
1122,17
1122,18
1122,19
1122,20
1122,21
1122,23
1122,22
1122,25
1122,26
1122,28
1122,94
1122,29
1122,31
1122,32
1122,33
1122,256
1122,34
1122,37
1122,38
1122,39
1122,40
1122,42
1122,44
1122,103
1122,54
1122,59
1122,270
1122,67
1122,69
1122,267
1122,72
1122,76
1122,212
1122,78
1122,148
1122,79
1122,81
1122,82
1122,85
1122,91
1122,92
1122,43
1122,234
1122,112
1122,124
1122,96
1122,98
1122,100
1122,101
1122,104
1122,106
1122,107
1122,113
1122,120
1122,122
1122,123
1122,126
1122,127
1122,129
1122,130
1122,131
1122,284
1122,133
1122,134
1122,136
1122,286
1122,319
1122,143
1122,53
1122,150
1122,156
1122,157
1122,158
1122,159
1122,162
1122,163
1122,164
1122,166
1122,177
1122,63
1122,66
1122,170
1122,175
1122,171
1122,186
1122,187
1122,191
1122,193
1122,194
1122,196
1122,198
1122,199
1122,202
1122,204
1122,205
1122,207
1122,290
1122,210
1122,215
1122,216
1122,35
1122,291
1122,229
1122,88
1122,253
1122,232
1122,233
1122,249
1122,200
1122,263
1122,261
1122,10
1122,264
1122,266
1122,269
1122,271
1122,369
1122,274
1122,356
1122,275
1122,276
1122,278
1122,280
1122,292
1122,293
1122,294
1122,296
1122,299
1122,300
1122,301
1122,303
1122,309
1122,314
1122,315
1122,318
1122,383
1122,330
1122,83
1122,336
1122,337
1122,333
1122,338
1122,340
1122,342
1122,345
1122,348
1122,70
1122,350
1122,195
1122,353
1122,238
1122,354
1122,358
1122,360
1122,364
1122,365
1122,368
1122,310
1122,374
1122,377
1122,379
1122,27
1122,385
1122,386
1122,389
1122,390
1122,391
1122,396
1122,398
1122,117
1122,375
1122,73
1122,14
1122,251
1122,11
1122,322
1122,285
1122,68
1122,181
1122,252
1122,250
1122,51
1122,89
1122,48
1122,151
1122,388
1122,155
1122,8
1122,221
1122,236
1122,55
1122,145
1122,304
1122,45
1122,36
1122,16
1122,118
1122,241
1122,240
1122,109
1122,209
1122,259
1122,254
1122,71
1122,211
1122,357
1122,247
1122,5
1122,139
1122,111
1122,135
1122,323
1122,116
1122,24
1122,393
1122,306
1122,307
1122,2
1122,197
1122,56
1122,239
1122,50
1122,146
1122,86
1122,154
1122,9
1122,201
1122,52
1122,343
1122,222
1122,255
1122,327
1122,325
1122,344
1122,380
1122,6
1122,395
1124,2
1124,3
1124,160
1124,18
1124,22
1124,25
1124,28
1124,94
1124,29
1124,32
1124,33
1124,256
1124,34
1124,37
1124,38
1124,39
1124,40
1124,41
1124,42
1124,248
1124,54
1124,57
1124,59
1124,67
1124,69
1124,72
1124,76
1124,212
1124,79
1124,80
1124,81
1124,82
1124,85
1124,91
1124,92
1124,43
1124,93
1124,124
1124,105
1124,104
1124,106
1124,107
1124,108
1124,113
1124,123
1124,126
1124,129
1124,284
1124,132
1124,366
1124,134
1124,136
1124,286
1124,319
1124,101
1124,143
1124,147
1124,53
1124,150
1124,152
1124,156
1124,157
1124,161
1124,158
1124,162
1124,163
1124,164
1124,166
1124,167
1124,177
1124,63
1124,64
1124,65
1124,170
1124,174
1124,175
1124,171
1124,186
1124,190
1124,194
1124,198
1124,199
1124,202
1124,205
1124,207
1124,290
1124,210
1124,216
1124,224
1124,35
1124,291
1124,229
1124,233
1124,242
1124,200
1124,260
1124,261
1124,10
1124,264
1124,266
1124,273
1124,274
1124,356
1124,275
1124,281
1124,293
1124,294
1124,296
1124,299
1124,301
1124,309
1124,314
1124,325
1124,330
1124,334
1124,83
1124,337
1124,257
1124,338
1124,340
1124,342
1124,345
1124,346
1124,138
1124,348
1124,70
1124,350
1124,195
1124,352
1124,353
1124,238
1124,354
1124,358
1124,364
1124,368
1124,137
1124,372
1124,310
1124,374
1124,377
1124,376
1124,373
1124,379
1124,27
1124,385
1124,386
1124,391
1124,395
1124,396
1124,398
1124,117
1124,73
1124,387
1124,61
1124,14
1124,305
1124,285
1124,68
1124,252
1124,250
1124,8
1124,221
1124,262
1124,236
1124,55
1124,145
1124,16
1124,227
1124,241
1124,307
1124,371
1124,240
1124,109
1124,148
1124,209
1124,259
1124,211
1124,4
1124,5
1124,144
1124,135
1124,323
1124,151
1124,204
1124,116
1124,324
1124,100
1124,393
1124,277
1124,278
1124,146
1124,394
1124,86
1124,189
1124,245
1124,201
1124,52
1124,214
1124,213
1124,46
1124,128
1124,302
1124,228
1124,222
1124,255
1124,331
1124,265
1124,178
1124,344
1124,149
1124,6
1126,15
1126,30
1126,173
1126,105
1126,138
1126,319
1126,101
1126,49
1126,182
1126,198
1126,233
1126,271
1126,369
1126,346
1126,360
1126,61
1126,341
1126,339
1126,336
1126,158
1153,3
1153,160
1153,15
1153,30
1153,173
1153,28
1153,94
1153,33
1153,256
1153,39
1153,100
1153,105
1153,107
1153,311
1153,138
1153,319
1153,101
1153,176
1153,177
1153,49
1153,182
1153,198
1153,204
1153,233
1153,266
1153,271
1153,369
1153,276
1153,278
1153,287
1153,297
1153,314
1153,318
1153,383
1153,83
1153,346
1153,348
1153,360
1153,364
1153,379
1153,391
1153,396
1153,73
1153,61
1153,366
1153,341
1153,339
1153,336
1153,24
1153,23
1153,158
1153,222
1153,53
1086,2
1086,3
1086,160
1086,19
1086,22
1086,25
1086,26
1086,29
1086,32
1086,33
1086,256
1086,34
1086,37
1086,42
1086,248
1086,54
1086,57
1086,59
1086,67
1086,267
1086,72
1086,76
1086,212
1086,79
1086,80
1086,81
1086,82
1086,85
1086,91
1086,92
1086,43
1086,100
1086,102
1086,107
1086,113
1086,123
1086,126
1086,130
1086,132
1086,136
1086,286
1086,319
1086,101
1086,143
1086,147
1086,53
1086,150
1086,156
1086,157
1086,161
1086,158
1086,164
1086,177
1086,64
1086,175
1086,171
1086,187
1086,192
1086,193
1086,198
1086,199
1086,203
1086,210
1086,215
1086,216
1086,35
1086,291
1086,88
1086,253
1086,242
1086,200
1086,257
1086,265
1086,266
1086,269
1086,273
1086,275
1086,292
1086,293
1086,294
1086,299
1086,301
1086,309
1086,314
1086,330
1086,338
1086,353
1086,238
1086,337
1086,364
1086,370
1086,372
1086,377
1086,376
1086,373
1086,379
1086,27
1086,391
1086,396
1086,117
1086,285
1086,68
1086,8
1086,221
1086,236
1086,55
1086,241
1086,371
1086,340
1086,259
1086,4
1086,183
1086,116
1086,38
1086,272
1086,217
1086,86
1086,214
1086,213
1086,46
1086,128
1086,222
1086,255
1086,1
1130,316
1136,3
1136,160
1136,15
1136,18
1136,25
1136,29
1136,37
1136,38
1136,41
1136,42
1136,60
1136,67
1136,72
1136,212
1136,85
1136,100
1136,107
1136,2
1136,113
1136,114
1136,344
1136,120
1136,123
1136,126
1136,284
1136,133
1136,319
1136,101
1136,147
1136,53
1136,150
1136,177
1136,65
1136,175
1136,171
1136,194
1136,195
1136,199
1136,207
1136,216
1136,230
1136,231
1136,233
1136,87
1136,253
1136,261
1136,10
1136,266
1136,293
1136,294
1136,296
1136,299
1136,278
1136,314
1136,317
1136,318
1136,383
1136,343
1136,70
1136,353
1136,238
1136,337
1136,360
1136,372
1136,27
1136,385
1136,386
1136,389
1136,390
1136,391
1136,396
1136,251
1136,11
1136,305
1136,388
1136,307
1136,235
1136,259
1136,256
1136,94
1136,110
1136,144
1136,359
1136,288
1136,289
1136,393
1136,56
1136,84
1136,394
1136,395
1136,21
1136,32
1136,222
1137,3
1137,160
1137,15
1137,17
1137,18
1137,19
1137,21
1137,23
1137,173
1137,25
1137,26
1137,28
1137,94
1137,29
1137,32
1137,33
1137,256
1137,34
1137,37
1137,38
1137,39
1137,40
1137,42
1137,59
1137,62
1137,67
1137,69
1137,267
1137,72
1137,78
1137,148
1137,79
1137,81
1137,90
1137,105
1137,104
1137,107
1137,108
1137,113
1137,120
1137,122
1137,123
1137,126
1137,127
1137,129
1137,130
1137,366
1137,134
1137,319
1137,101
1137,53
1137,150
1137,157
1137,162
1137,166
1137,176
1137,177
1137,170
1137,174
1137,175
1137,171
1137,182
1137,186
1137,187
1137,188
1137,190
1137,198
1137,199
1137,202
1137,290
1137,225
1137,35
1137,291
1137,272
1137,326
1137,230
1137,58
1137,246
1137,249
1137,266
1137,271
1137,369
1137,274
1137,356
1137,282
1137,335
1137,281
1137,283
1137,292
1137,296
1137,297
1137,298
1137,299
1137,300
1137,301
1137,309
1137,311
1137,378
1137,314
1137,315
1137,317
1137,329
1137,330
1137,333
1137,83
1137,338
1137,346
1137,138
1137,348
1137,350
1137,195
1137,354
1137,358
1137,360
1137,364
1137,365
1137,368
1137,377
1137,379
1137,382
1137,381
1137,384
1137,391
1137,396
1137,117
1137,375
1137,73
1137,180
1137,14
1137,251
1137,11
1137,305
1137,322
1137,285
1137,252
1137,250
1137,388
1137,8
1137,221
1137,145
1137,103
1137,16
1137,339
1137,118
1137,307
1137,223
1137,235
1137,4
1137,240
1137,109
1137,209
1137,259
1137,254
1137,211
1137,357
1137,247
1137,5
1137,139
1137,293
1137,24
1137,321
1137,197
1137,239
1137,146
1137,86
1137,85
1137,154
1137,343
1137,222
1137,344
1140,15
1140,18
1140,20
1140,23
1140,39
1140,78
1140,148
1140,107
1140,113
1140,114
1140,344
1140,133
1140,366
1140,319
1140,101
1140,53
1140,156
1140,167
1140,177
1140,196
1140,198
1140,326
1140,88
1140,253
1140,231
1140,233
1140,58
1140,87
1140,266
1140,314
1140,325
1140,346
1140,138
1140,360
1140,370
1140,379
1140,384
1140,396
1140,240
1140,109
1140,209
1140,320
1140,135
1140,158
613,2
613,3
613,160
613,15
613,18
613,23
613,22
613,30
613,173
613,25
613,26
613,28
613,94
613,29
613,32
613,33
613,256
613,34
613,37
613,40
613,42
613,248
613,54
613,57
613,270
613,69
613,72
613,76
613,212
613,78
613,148
613,79
613,80
613,81
613,82
613,85
613,298
613,234
613,112
613,124
613,96
613,100
613,101
613,105
613,107
613,113
613,120
613,123
613,126
613,130
613,131
613,284
613,133
613,366
613,134
613,136
613,138
613,286
613,319
613,143
613,147
613,53
613,150
613,152
613,156
613,157
613,161
613,158
613,159
613,163
613,166
613,167
613,177
613,63
613,64
613,65
613,66
613,168
613,169
613,170
613,175
613,171
613,182
613,186
613,187
613,191
613,192
613,194
613,196
613,198
613,199
613,202
613,203
613,204
613,205
613,206
613,207
613,210
613,216
613,225
613,326
613,231
613,233
613,242
613,243
613,246
613,87
613,253
613,263
613,257
613,153
613,261
613,10
613,265
613,266
613,268
613,269
613,273
613,279
613,293
613,294
613,296
613,297
613,299
613,278
613,300
613,301
613,308
613,309
613,314
613,317
613,318
613,383
613,325
613,329
613,330
613,83
613,338
613,340
613,346
613,348
613,350
613,195
613,353
613,238
613,337
613,354
613,360
613,362
613,364
613,368
613,370
613,137
613,372
613,310
613,377
613,376
613,373
613,379
613,27
613,384
613,391
613,396
613,398
613,397
613,117
613,73
613,180
613,322
613,285
613,68
613,252
613,250
613,89
613,48
613,151
613,255
613,55
613,145
613,304
613,45
613,36
613,16
613,118
613,227
613,172
613,241
613,307
613,371
613,223
613,235
613,258
613,240
613,109
613,209
613,259
613,211
613,4
613,244
613,144
613,185
613,103
613,341
613,190
613,135
613,359
613,288
613,289
613,336
613,183
613,47
613,116
613,393
613,332
613,239
613,217
613,146
613,115
613,351
613,201
613,52
613,214
613,213
613,46
613,128
613,302
613,228
613,222
613,208
613,178
613,93
613,344
1144,19
1144,23
1144,173
1144,26
1144,93
1144,105
1144,133
1144,319
1144,101
1144,53
1144,233
1144,266
1144,298
1144,299
1144,360
1144,379
1144,391
1144,396
1144,255
1144,327
1144,325
1145,22
1145,270
1145,78
1145,148
1145,107
1145,284
1145,133
1145,142
1145,53
1145,165
1145,203
1145,204
1145,205
1145,215
1145,231
1145,233
1145,266
1145,268
1145,279
1145,293
1145,313
1145,312
1145,360
1145,137
1145,396
1145,61
1145,51
1145,219
1145,355
1145,185
1145,179
1145,13
1145,47
1145,298
1317,7
1317,18
1317,22
1317,26
1317,28
1317,94
1317,37
1317,270
1317,72
1317,212
1317,81
1317,85
1317,96
1317,105
1317,107
1317,113
1317,120
1317,147
1317,53
1317,159
1317,177
1317,194
1317,205
1317,231
1317,233
1317,261
1317,10
1317,266
1317,279
1317,313
1317,312
1317,314
1317,316
1317,253
1317,353
1317,238
1317,337
1317,360
1317,372
1317,396
1317,397
1317,117
1317,73
1317,285
1317,95
1317,48
1317,336
1317,158
1317,298
1148,23
1148,31
1148,32
1148,60
1148,319
1148,101
1148,53
1148,152
1148,63
1148,196
1148,198
1148,199
1148,207
1148,326
1148,200
1148,317
1148,325
1148,329
1148,337
1148,333
1148,354
1148,379
1148,389
1148,259
1148,256
1148,24
1148,56
1148,328
1151,314
1151,324
1151,137
1151,347
1151,293
1152,15
1152,30
1152,44
1152,103
1152,284
1152,366
1152,49
1152,198
1152,314
1152,346
1152,138
1152,137
1152,212
1152,347
1152,293
1154,3
1154,160
1154,15
1154,23
1154,30
1154,173
1154,26
1154,28
1154,94
1154,33
1154,256
1154,37
1154,39
1154,85
1154,105
1154,107
1154,311
1154,126
1154,133
1154,366
1154,138
1154,319
1154,101
1154,147
1154,164
1154,176
1154,177
1154,49
1154,182
1154,196
1154,198
1154,204
1154,226
1154,233
1154,266
1154,271
1154,369
1154,274
1154,356
1154,276
1154,278
1154,279
1154,287
1154,297
1154,314
1154,325
1154,329
1154,83
1154,346
1154,348
1154,360
1154,364
1154,379
1154,391
1154,396
1154,318
1154,73
1154,259
1154,158
1154,123
1154,306
1154,307
1154,222
1154,53
1156,61
1156,109
1157,15
1157,18
1157,23
1157,22
1157,30
1157,173
1157,26
1157,28
1157,94
1157,32
1157,33
1157,256
1157,34
1157,37
1157,60
1157,72
1157,74
1157,76
1157,77
1157,79
1157,81
1157,100
1157,105
1157,107
1157,113
1157,123
1157,126
1157,127
1157,130
1157,284
1157,133
1157,366
1157,134
1157,138
1157,319
1157,101
1157,147
1157,53
1157,150
1157,152
1157,156
1157,157
1157,159
1157,164
1157,167
1157,177
1157,178
1157,66
1157,170
1157,182
1157,194
1157,196
1157,198
1157,199
1157,207
1157,225
1157,272
1157,232
1157,233
1157,266
1157,271
1157,369
1157,274
1157,356
1157,276
1157,278
1157,279
1157,296
1157,297
1157,299
1157,308
1157,309
1157,313
1157,312
1157,314
1157,318
1157,383
1157,325
1157,83
1157,346
1157,348
1157,350
1157,195
1157,353
1157,238
1157,337
1157,354
1157,360
1157,364
1157,379
1157,391
1157,396
1157,73
1157,180
1157,349
1157,99
1157,298
1157,255
1157,240
1157,109
1157,148
1157,209
1157,259
1157,355
1157,120
1157,393
1157,306
1157,307
1157,394
1157,395
1157,160
1157,351
1157,222
1157,327
1157,12
1157,344
1157,380
1158,2
1158,3
1158,160
1158,13
1158,23
1158,22
1158,173
1158,25
1158,26
1158,29
1158,32
1158,33
1158,256
1158,34
1158,37
1158,38
1158,40
1158,42
1158,44
1158,103
1158,60
1158,59
1158,267
1158,72
1158,250
1158,76
1158,212
1158,78
1158,148
1158,79
1158,80
1158,81
1158,82
1158,85
1158,90
1158,91
1158,92
1158,43
1158,93
1158,124
1158,96
1158,100
1158,104
1158,107
1158,108
1158,113
1158,114
1158,344
1158,119
1158,291
1158,120
1158,122
1158,126
1158,127
1158,129
1158,131
1158,284
1158,134
1158,136
1158,319
1158,101
1158,140
1158,143
1158,147
1158,53
1158,150
1158,152
1158,156
1158,157
1158,161
1158,158
1158,159
1158,176
1158,177
1158,41
1158,168
1158,49
1158,169
1158,170
1158,175
1158,171
1158,188
1158,190
1158,194
1158,198
1158,199
1158,202
1158,204
1158,207
1158,210
1158,215
1158,216
1158,272
1158,326
1158,242
1158,243
1158,249
1158,121
1158,87
1158,253
1158,263
1158,257
1158,260
1158,261
1158,10
1158,266
1158,273
1158,275
1158,282
1158,335
1158,283
1158,293
1158,295
1158,296
1158,297
1158,298
1158,299
1158,303
1158,314
1158,316
1158,334
1158,83
1158,73
1158,337
1158,333
1158,338
1158,343
1158,70
1158,307
1158,350
1158,195
1158,352
1158,353
1158,238
1158,354
1158,358
1158,360
1158,361
1158,362
1158,364
1158,368
1158,137
1158,310
1158,379
1158,27
1158,384
1158,385
1158,386
1158,389
1158,390
1158,391
1158,392
1158,395
1158,396
1158,398
1158,397
1158,117
1158,61
1158,14
1158,305
1158,340
1158,388
1158,220
1158,262
1158,236
1158,145
1158,219
1158,235
1158,258
1158,240
1158,109
1158,209
1158,259
1158,254
1158,71
1158,94
1158,1
1158,345
1158,244
1158,149
1158,355
1158,139
1158,144
1158,341
1158,359
1158,288
1158,289
1158,323
1158,151
1158,154
1158,324
1158,141
1158,24
1158,306
1158,227
1158,56
1158,239
1158,50
1158,84
1158,394
1158,102
1158,347
1158,178
1158,125
1158,363
1161,175
1161,171
1161,198
1161,293
1161,314
1161,305
1161,109
1161,324
1161,137
1161,347
1165,3
1165,160
1165,7
1165,15
1165,17
1165,18
1165,19
1165,21
1165,22
1165,173
1165,25
1165,28
1165,94
1165,29
1165,32
1165,33
1165,256
1165,34
1165,37
1165,38
1165,40
1165,42
1165,248
1165,75
1165,54
1165,57
1165,59
1165,270
1165,62
1165,67
1165,69
1165,267
1165,72
1165,74
1165,76
1165,77
1165,212
1165,78
1165,148
1165,79
1165,80
1165,81
1165,85
1165,91
1165,92
1165,43
1165,93
1165,124
1165,96
1165,97
1165,100
1165,101
1165,105
1165,104
1165,106
1165,107
1165,113
1165,119
1165,291
1165,120
1165,122
1165,123
1165,126
1165,127
1165,129
1165,130
1165,131
1165,284
1165,132
1165,366
1165,134
1165,286
1165,319
1165,143
1165,53
1165,150
1165,152
1165,156
1165,157
1165,161
1165,158
1165,159
1165,165
1165,166
1165,176
1165,177
1165,63
1165,64
1165,65
1165,66
1165,170
1165,175
1165,171
1165,182
1165,186
1165,187
1165,188
1165,191
1165,192
1165,193
1165,190
1165,194
1165,196
1165,198
1165,199
1165,203
1165,204
1165,205
1165,206
1165,207
1165,290
1165,210
1165,215
1165,216
1165,225
1165,226
1165,35
1165,326
1165,229
1165,88
1165,253
1165,232
1165,233
1165,242
1165,87
1165,200
1165,261
1165,10
1165,264
1165,266
1165,269
1165,273
1165,274
1165,356
1165,275
1165,279
1165,280
1165,281
1165,283
1165,287
1165,292
1165,293
1165,294
1165,296
1165,297
1165,298
1165,299
1165,278
1165,301
1165,303
1165,308
1165,309
1165,314
1165,315
1165,317
1165,325
1165,330
1165,83
1165,336
1165,337
1165,338
1165,340
1165,342
1165,345
1165,346
1165,138
1165,348
1165,307
1165,350
1165,195
1165,353
1165,238
1165,354
1165,358
1165,360
1165,361
1165,362
1165,364
1165,368
1165,370
1165,137
1165,310
1165,374
1165,377
1165,376
1165,373
1165,379
1165,382
1165,381
1165,27
1165,389
1165,391
1165,396
1165,398
1165,397
1165,117
1165,375
1165,73
1165,180
1165,387
1165,61
1165,349
1165,99
1165,14
1165,251
1165,11
1165,305
1165,322
1165,285
1165,68
1165,252
1165,250
1165,51
1165,89
1165,48
1165,151
1165,388
1165,155
1165,8
1165,221
1165,262
1165,327
1165,184
1165,237
1165,236
1165,145
1165,304
1165,45
1165,103
1165,339
1165,118
1165,241
1165,371
1165,223
1165,240
1165,109
1165,209
1165,259
1165,71
1165,211
1165,110
1165,357
1165,247
1165,5
1165,185
1165,183
1165,116
1165,24
1165,23
1165,393
1165,306
1165,2
1165,321
1165,56
1165,277
1165,239
1165,84
1165,217
1165,146
1165,149
1165,86
1165,189
1165,245
1165,351
1165,9
1165,201
1165,52
1165,214
1165,213
1165,46
1165,128
1165,222
1165,255
1165,328
1165,208
1165,95
1165,178
1165,344
1165,6
1165,395
1165,147
1165,202
1165,313
1165,312
1165,329
1165,218
1170,0
1170,3
1170,160
1170,18
1170,20
1170,22
1170,25
1170,26
1170,28
1170,94
1170,29
1170,32
1170,33
1170,256
1170,34
1170,37
1170,42
1170,44
1170,103
1170,59
1170,67
1170,72
1170,74
1170,212
1170,81
1170,82
1170,85
1170,124
1170,100
1170,107
1170,113
1170,120
1170,123
1170,126
1170,284
1170,138
1170,319
1170,101
1170,147
1170,152
1170,158
1170,177
1170,175
1170,171
1170,182
1170,192
1170,193
1170,198
1170,199
1170,215
1170,216
1170,35
1170,291
1170,88
1170,253
1170,233
1170,58
1170,87
1170,257
1170,261
1170,10
1170,266
1170,269
1170,279
1170,282
1170,335
1170,202
1170,293
1170,297
1170,299
1170,301
1170,309
1170,314
1170,316
1170,338
1170,346
1170,350
1170,195
1170,352
1170,358
1170,360
1170,362
1170,137
1170,374
1170,377
1170,379
1170,382
1170,381
1170,384
1170,396
1170,398
1170,397
1170,117
1170,180
1170,285
1170,68
1170,181
1170,95
1170,89
1170,48
1170,8
1170,221
1170,262
1170,184
1170,237
1170,55
1170,36
1170,16
1170,223
1170,235
1170,259
1170,109
1170,355
1170,1
1170,185
1170,341
1170,135
1170,336
1170,151
1170,154
1170,47
1170,324
1170,394
1170,395
1170,86
1170,189
1170,245
1170,115
1170,298
1170,236
1170,222
1170,251
1170,380
543,3
543,160
543,23
543,26
543,28
543,94
543,29
543,33
543,256
543,34
543,37
543,38
543,39
543,42
543,60
543,62
543,267
543,72
543,76
543,212
543,78
543,148
543,79
543,81
543,90
543,124
543,101
543,106
543,107
543,113
543,120
543,123
543,126
543,127
543,129
543,130
543,284
543,134
543,319
543,143
543,53
543,150
543,156
543,159
543,162
543,164
543,176
543,177
543,168
543,170
543,182
543,190
543,194
543,198
543,199
543,204
543,207
543,326
543,88
543,253
543,58
543,249
543,200
543,266
543,274
543,356
543,279
543,296
543,297
543,299
543,301
543,314
543,315
543,83
543,346
543,138
543,348
543,350
543,195
543,353
543,238
543,337
543,354
543,358
543,360
543,364
543,368
543,137
543,382
543,381
543,391
543,396
543,73
543,14
543,305
543,285
543,252
543,250
543,151
543,365
543,220
543,327
543,55
543,145
543,103
543,322
543,16
543,118
543,227
543,259
543,357
543,247
543,139
543,144
543,359
543,288
543,289
543,323
543,116
543,324
543,393
543,306
543,307
543,321
543,56
543,239
543,146
543,379
543,222
543,255
543,331
543,265
543,12
543,344
543,6
543,395
1174,44
1174,103
1174,101
1174,104
1174,131
1174,284
1174,319
1174,175
1174,171
1174,215
1174,293
1174,314
1174,352
1174,137
1174,61
1174,285
1174,339
1174,118
1174,109
1174,341
1174,347
1174,9
1174,307
1181,13
1181,15
1181,18
1181,21
1181,28
1181,94
1181,29
1181,31
1181,37
1181,39
1181,42
1181,77
1181,78
1181,148
1181,81
1181,100
1181,107
1181,108
1181,113
1181,114
1181,344
1181,119
1181,291
1181,126
1181,147
1181,176
1181,177
1181,195
1181,198
1181,206
1181,207
1181,224
1181,225
1181,88
1181,253
1181,231
1181,232
1181,266
1181,274
1181,356
1181,280
1181,283
1181,296
1181,313
1181,312
1181,314
1181,83
1181,343
1181,353
1181,238
1181,337
1181,354
1181,360
1181,368
1181,391
1181,396
1181,117
1181,14
1181,99
1181,1
1181,110
1181,140
1181,139
1181,5
1181,135
1181,393
1181,394
1181,395
1181,45
1181,12
1182,2
1182,3
1182,160
1182,18
1182,20
1182,21
1182,23
1182,22
1182,30
1182,26
1182,28
1182,94
1182,29
1182,33
1182,256
1182,37
1182,39
1182,42
1182,248
1182,75
1182,57
1182,59
1182,62
1182,74
1182,212
1182,78
1182,148
1182,80
1182,81
1182,85
1182,93
1182,124
1182,96
1182,100
1182,101
1182,105
1182,107
1182,108
1182,113
1182,120
1182,123
1182,126
1182,127
1182,129
1182,284
1182,132
1182,366
1182,138
1182,319
1182,140
1182,143
1182,147
1182,53
1182,152
1182,157
1182,158
1182,176
1182,177
1182,64
1182,175
1182,171
1182,182
1182,186
1182,187
1182,191
1182,190
1182,194
1182,198
1182,199
1182,202
1182,205
1182,210
1182,233
1182,58
1182,242
1182,246
1182,263
1182,257
1182,264
1182,266
1182,269
1182,273
1182,279
1182,292
1182,293
1182,296
1182,298
1182,299
1182,278
1182,300
1182,301
1182,309
1182,314
1182,316
1182,318
1182,383
1182,334
1182,83
1182,338
1182,340
1182,345
1182,346
1182,348
1182,358
1182,360
1182,361
1182,364
1182,368
1182,137
1182,372
1182,310
1182,374
1182,377
1182,376
1182,373
1182,379
1182,382
1182,381
1182,27
1182,391
1182,392
1182,395
1182,396
1182,398
1182,397
1182,117
1182,180
1182,14
1182,251
1182,11
1182,285
1182,95
1182,155
1182,255
1182,145
1182,304
1182,45
1182,36
1182,16
1182,118
1182,237
1182,241
1182,307
1182,371
1182,223
1182,240
1182,109
1182,209
1182,259
1182,244
1182,247
1182,111
1182,185
1182,179
1182,341
1182,135
1182,183
1182,116
1182,393
1182,218
1182,217
1182,332
1182,73
1182,277
1182,84
1182,146
1182,99
1182,154
1182,189
1182,245
1182,351
1182,195
1182,214
1182,213
1182,46
1182,128
1182,222
1182,328
1182,178
1182,344
1182,380
1182,6
1184,3
1184,160
1184,18
1184,22
1184,173
1184,28
1184,94
1184,32
1184,37
1184,60
1184,72
1184,212
1184,78
1184,148
1184,90
1184,107
1184,126
1184,284
1184,319
1184,101
1184,142
1184,53
1184,152
1184,177
1184,175
1184,171
1184,198
1184,199
1184,207
1184,233
1184,266
1184,279
1184,295
1184,278
1184,314
1184,348
1184,350
1184,195
1184,354
1184,360
1184,379
1184,396
1184,73
1184,14
1184,181
1184,298
1184,336
1184,269
1184,277
1184,236
1184,303
1187,3
1187,160
1187,19
1187,23
1187,25
1187,26
1187,28
1187,94
1187,29
1187,32
1187,33
1187,256
1187,34
1187,37
1187,38
1187,40
1187,42
1187,59
1187,267
1187,72
1187,78
1187,148
1187,79
1187,81
1187,234
1187,112
1187,100
1187,107
1187,113
1187,120
1187,123
1187,126
1187,127
1187,284
1187,134
1187,319
1187,101
1187,143
1187,147
1187,53
1187,150
1187,156
1187,166
1187,177
1187,65
1187,198
1187,205
1187,207
1187,290
1187,216
1187,225
1187,35
1187,291
1187,230
1187,264
1187,266
1187,274
1187,356
1187,293
1187,294
1187,296
1187,299
1187,301
1187,314
1187,330
1187,83
1187,337
1187,257
1187,338
1187,345
1187,70
1187,350
1187,195
1187,353
1187,238
1187,354
1187,360
1187,364
1187,368
1187,310
1187,374
1187,377
1187,385
1187,386
1187,391
1187,396
1187,398
1187,117
1187,285
1187,250
1187,241
1187,240
1187,109
1187,209
1187,259
1187,5
1187,135
1187,24
1187,393
1187,306
1187,307
1187,84
1187,146
1187,86
1187,85
1187,265
1187,222
1187,344
1187,6
1187,395
1188,0
1188,3
1188,160
1188,15
1188,18
1188,23
1188,22
1188,26
1188,28
1188,94
1188,29
1188,33
1188,256
1188,34
1188,248
1188,72
1188,74
1188,212
1188,78
1188,148
1188,80
1188,85
1188,105
1188,104
1188,107
1188,113
1188,120
1188,123
1188,131
1188,133
1188,366
1188,136
1188,138
1188,319
1188,101
1188,143
1188,147
1188,37
1188,53
1188,150
1188,156
1188,158
1188,177
1188,178
1188,49
1188,182
1188,198
1188,202
1188,204
1188,210
1188,216
1188,225
1188,226
1188,184
1188,87
1188,253
1188,264
1188,265
1188,266
1188,273
1188,279
1188,293
1188,297
1188,298
1188,299
1188,314
1188,329
1188,334
1188,340
1188,346
1188,360
1188,364
1188,137
1188,372
1188,379
1188,27
1188,384
1188,391
1188,396
1188,397
1188,117
1188,180
1188,103
1188,181
1188,339
1188,237
1188,307
1188,371
1188,235
1188,240
1188,109
1188,209
1188,259
1188,1
1188,4
1188,320
1188,179
1188,341
1188,183
1188,324
1188,24
1188,393
1188,306
1188,217
1188,394
1188,395
1188,347
1188,214
1188,213
1188,46
1188,128
1188,51
1188,302
1188,228
1188,331
1188,93
1188,12
1189,29
1189,37
1189,113
1189,114
1189,344
1189,126
1189,319
1189,101
1189,152
1189,176
1189,177
1189,87
1189,253
1189,200
1189,266
1189,274
1189,356
1189,296
1189,299
1189,350
1189,195
1189,354
1189,368
1189,396
1189,117
1189,388
1189,219
1189,71
1189,72
1189,222
1190,3
1190,160
1190,23
1190,33
1190,256
1190,37
1190,60
1190,113
1190,122
1190,366
1190,319
1190,101
1190,53
1190,177
1190,198
1190,266
1190,293
1190,314
1190,379
1190,396
1190,73
1190,240
1190,109
1190,148
1190,209
1190,259
1190,217
1190,146
1193,18
1193,28
1193,94
1193,284
1193,164
1193,266
1193,299
1193,137
1193,396
1193,240
1193,109
1193,148
1193,209
1193,293
1193,50
1194,0
1194,3
1194,160
1194,13
1194,18
1194,20
1194,21
1194,23
1194,22
1194,25
1194,26
1194,29
1194,33
1194,256
1194,34
1194,37
1194,38
1194,42
1194,248
1194,44
1194,103
1194,75
1194,57
1194,59
1194,270
1194,72
1194,212
1194,78
1194,148
1194,80
1194,82
1194,85
1194,234
1194,112
1194,100
1194,102
1194,104
1194,106
1194,107
1194,108
1194,113
1194,120
1194,126
1194,127
1194,131
1194,284
1194,132
1194,319
1194,101
1194,143
1194,147
1194,161
1194,158
1194,159
1194,162
1194,167
1194,177
1194,63
1194,64
1194,65
1194,170
1194,175
1194,171
1194,193
1194,190
1194,195
1194,198
1194,199
1194,204
1194,205
1194,210
1194,215
1194,224
1194,226
1194,58
1194,242
1194,257
1194,261
1194,10
1194,264
1194,265
1194,266
1194,269
1194,273
1194,274
1194,356
1194,281
1194,293
1194,294
1194,296
1194,299
1194,309
1194,311
1194,378
1194,314
1194,316
1194,325
1194,330
1194,337
1194,338
1194,340
1194,348
1194,70
1194,350
1194,352
1194,353
1194,238
1194,354
1194,360
1194,362
1194,364
1194,370
1194,137
1194,372
1194,310
1194,374
1194,377
1194,376
1194,373
1194,379
1194,27
1194,385
1194,386
1194,391
1194,396
1194,398
1194,117
1194,375
1194,73
1194,14
1194,251
1194,11
1194,285
1194,181
1194,252
1194,95
1194,250
1194,89
1194,48
1194,151
1194,155
1194,220
1194,327
1194,236
1194,219
1194,322
1194,36
1194,16
1194,118
1194,227
1194,241
1194,371
1194,240
1194,109
1194,209
1194,259
1194,71
1194,211
1194,4
1194,111
1194,355
1194,5
1194,135
1194,183
1194,47
1194,24
1194,272
1194,197
1194,367
1194,50
1194,217
1194,189
1194,245
1194,347
1194,351
1194,9
1194,214
1194,213
1194,46
1194,128
1194,343
1194,302
1194,228
1194,222
1194,125
1194,233
1196,23
1196,113
1196,114
1196,344
1196,284
1196,63
1196,198
1196,207
1196,266
1196,268
1196,274
1196,356
1196,83
1196,364
1196,368
1196,238
1196,379
1196,385
1196,386
1196,396
1196,73
1196,14
1196,393
1196,347
1196,293
1200,37
1200,114
1200,344
1200,177
1200,296
1200,330
1200,352
1200,368
1200,235
1200,113
1200,324
1200,137
1200,347
1200,293
1200,222
1202,3
1202,160
1202,15
1202,17
1202,18
1202,19
1202,20
1202,21
1202,22
1202,30
1202,25
1202,26
1202,28
1202,94
1202,29
1202,31
1202,32
1202,33
1202,256
1202,34
1202,37
1202,39
1202,40
1202,41
1202,42
1202,248
1202,54
1202,57
1202,60
1202,59
1202,62
1202,69
1202,267
1202,72
1202,74
1202,76
1202,212
1202,78
1202,148
1202,79
1202,81
1202,85
1202,90
1202,93
1202,234
1202,112
1202,124
1202,96
1202,100
1202,105
1202,106
1202,107
1202,108
1202,113
1202,114
1202,344
1202,120
1202,121
1202,123
1202,126
1202,131
1202,284
1202,132
1202,133
1202,366
1202,134
1202,136
1202,138
1202,286
1202,319
1202,101
1202,143
1202,147
1202,53
1202,150
1202,157
1202,158
1202,159
1202,167
1202,177
1202,63
1202,64
1202,65
1202,66
1202,49
1202,170
1202,182
1202,186
1202,191
1202,192
1202,193
1202,190
1202,194
1202,196
1202,198
1202,199
1202,202
1202,203
1202,204
1202,205
1202,206
1202,207
1202,290
1202,210
1202,216
1202,226
1202,35
1202,291
1202,326
1202,88
1202,253
1202,231
1202,232
1202,233
1202,184
1202,242
1202,249
1202,87
1202,200
1202,261
1202,10
1202,266
1202,273
1202,274
1202,356
1202,275
1202,276
1202,278
1202,279
1202,282
1202,335
1202,283
1202,287
1202,293
1202,296
1202,297
1202,298
1202,299
1202,300
1202,301
1202,308
1202,309
1202,313
1202,312
1202,314
1202,315
1202,317
1202,316
1202,318
1202,383
1202,325
1202,330
1202,83
1202,338
1202,340
1202,342
1202,346
1202,348
1202,70
1202,350
1202,195
1202,353
1202,238
1202,337
1202,354
1202,360
1202,361
1202,362
1202,364
1202,368
1202,372
1202,310
1202,376
1202,373
1202,379
1202,27
1202,385
1202,386
1202,391
1202,392
1202,396
1202,398
1202,397
1202,117
1202,73
1202,61
1202,349
1202,99
1202,14
1202,251
1202,11
1202,285
1202,95
1202,250
1202,258
1202,51
1202,89
1202,48
1202,8
1202,221
1202,262
1202,236
1202,255
1202,341
1202,55
1202,145
1202,304
1202,45
1202,103
1202,322
1202,36
1202,16
1202,339
1202,118
1202,241
1202,307
1202,371
1202,223
1202,235
1202,240
1202,109
1202,209
1202,259
1202,211
1202,357
1202,247
1202,139
1202,294
1202,135
1202,336
1202,116
1202,393
1202,306
1202,2
1202,321
1202,197
1202,56
1202,277
1202,239
1202,84
1202,146
1202,394
1202,395
1202,154
1202,115
1202,9
1202,201
1202,52
1202,214
1202,213
1202,46
1202,128
1202,222
1202,178
1202,363
1204,3
1204,160
1204,23
1204,26
1204,28
1204,94
1204,37
1204,74
1204,78
1204,148
1204,107
1204,113
1204,114
1204,344
1204,138
1204,319
1204,101
1204,147
1204,152
1204,177
1204,170
1204,194
1204,198
1204,207
1204,225
1204,233
1204,266
1204,282
1204,335
1204,202
1204,314
1204,83
1204,346
1204,364
1204,395
1204,396
1204,73
1204,180
1204,184
1204,237
1204,123
1204,393
1204,239
1204,84
1207,15
1207,20
1207,22
1207,30
1207,26
1207,28
1207,94
1207,32
1207,38
1207,74
1207,78
1207,148
1207,81
1207,101
1207,105
1207,104
1207,107
1207,114
1207,344
1207,284
1207,133
1207,53
1207,167
1207,177
1207,63
1207,49
1207,198
1207,207
1207,225
1207,231
1207,233
1207,264
1207,266
1207,295
1207,298
1207,315
1207,354
1207,360
1207,368
1207,137
1207,396
1207,398
1207,387
1207,14
1207,285
1207,140
1207,185
1207,248
1207,319
1207,393
1207,390
1207,306
1207,307
1207,197
1207,351
1207,195
1207,5
1209,3
1209,160
1209,15
1209,18
1209,20
1209,22
1209,28
1209,94
1209,29
1209,32
1209,33
1209,256
1209,37
1209,39
1209,42
1209,248
1209,270
1209,76
1209,212
1209,78
1209,148
1209,79
1209,80
1209,81
1209,85
1209,91
1209,92
1209,43
1209,298
1209,96
1209,97
1209,101
1209,104
1209,107
1209,113
1209,123
1209,127
1209,132
1209,134
1209,286
1209,319
1209,140
1209,142
1209,143
1209,147
1209,53
1209,158
1209,176
1209,177
1209,63
1209,64
1209,65
1209,170
1209,175
1209,171
1209,191
1209,194
1209,198
1209,199
1209,210
1209,225
1209,233
1209,242
1209,266
1209,273
1209,274
1209,356
1209,287
1209,293
1209,299
1209,309
1209,314
1209,317
1209,325
1209,83
1209,336
1209,348
1209,354
1209,360
1209,364
1209,137
1209,376
1209,373
1209,379
1209,27
1209,396
1209,398
1209,375
1209,73
1209,180
1209,14
1209,305
1209,68
1209,51
1209,151
1209,155
1209,219
1209,36
1209,16
1209,241
1209,371
1209,340
1209,259
1209,244
1209,48
1209,341
1209,183
1209,47
1209,393
1209,367
1209,339
1209,201
1209,52
1209,214
1209,213
1209,46
1209,128
1209,45
1209,208
1209,178
1209,93
1209,344
1209,380
1210,15
1210,20
1210,23
1210,173
1210,28
1210,94
1210,37
1210,81
1210,85
1210,124
1210,105
1210,104
1210,107
1210,114
1210,344
1210,126
1210,133
1210,319
1210,101
1210,147
1210,165
1210,167
1210,63
1210,194
1210,198
1210,204
1210,207
1210,225
1210,232
1210,233
1210,260
1210,264
1210,266
1210,298
1210,314
1210,315
1210,83
1210,333
1210,253
1210,353
1210,113
1210,238
1210,337
1210,354
1210,360
1210,379
1210,396
1210,117
1210,14
1210,285
1210,235
1210,140
1210,135
1210,393
1210,306
1210,307
1210,121
1210,351
1210,195
1210,222
1213,3
1213,160
1213,7
1213,18
1213,19
1213,20
1213,22
1213,25
1213,28
1213,94
1213,29
1213,31
1213,33
1213,256
1213,34
1213,37
1213,38
1213,39
1213,42
1213,59
1213,69
1213,267
1213,72
1213,77
1213,212
1213,78
1213,148
1213,79
1213,81
1213,91
1213,92
1213,43
1213,93
1213,234
1213,112
1213,124
1213,96
1213,98
1213,100
1213,105
1213,104
1213,107
1213,108
1213,113
1213,119
1213,291
1213,120
1213,122
1213,123
1213,126
1213,127
1213,129
1213,130
1213,131
1213,284
1213,134
1213,136
1213,286
1213,319
1213,101
1213,147
1213,53
1213,150
1213,156
1213,157
1213,159
1213,162
1213,164
1213,176
1213,177
1213,170
1213,174
1213,175
1213,171
1213,186
1213,187
1213,188
1213,193
1213,194
1213,198
1213,199
1213,202
1213,204
1213,205
1213,206
1213,207
1213,290
1213,216
1213,224
1213,35
1213,229
1213,88
1213,253
1213,233
1213,58
1213,243
1213,246
1213,249
1213,121
1213,200
1213,261
1213,10
1213,266
1213,269
1213,274
1213,356
1213,276
1213,278
1213,281
1213,283
1213,292
1213,293
1213,295
1213,296
1213,299
1213,300
1213,301
1213,303
1213,309
1213,311
1213,378
1213,314
1213,315
1213,325
1213,330
1213,334
1213,333
1213,338
1213,342
1213,345
1213,348
1213,252
1213,350
1213,195
1213,353
1213,238
1213,337
1213,354
1213,358
1213,360
1213,361
1213,364
1213,368
1213,310
1213,374
1213,377
1213,379
1213,382
1213,381
1213,385
1213,386
1213,391
1213,396
1213,398
1213,397
1213,117
1213,375
1213,73
1213,349
1213,99
1213,14
1213,251
1213,11
1213,305
1213,285
1213,250
1213,258
1213,8
1213,221
1213,236
1213,145
1213,103
1213,322
1213,118
1213,307
1213,235
1213,240
1213,109
1213,209
1213,259
1213,254
1213,211
1213,357
1213,247
1213,5
1213,139
1213,111
1213,135
1213,336
1213,323
1213,321
1213,197
1213,239
1213,84
1213,146
1213,86
1213,85
1213,154
1213,222
1213,255
1213,12
1213,344
1213,380
1213,6
1213,395
1214,3
1214,160
1214,23
1214,22
1214,25
1214,26
1214,28
1214,94
1214,29
1214,37
1214,38
1214,72
1214,79
1214,81
1214,82
1214,91
1214,92
1214,43
1214,100
1214,107
1214,113
1214,114
1214,344
1214,123
1214,126
1214,127
1214,284
1214,366
1214,134
1214,319
1214,101
1214,147
1214,150
1214,159
1214,177
1214,170
1214,175
1214,171
1214,198
1214,243
1214,249
1214,87
1214,253
1214,266
1214,287
1214,296
1214,311
1214,378
1214,314
1214,318
1214,383
1214,346
1214,138
1214,348
1214,350
1214,195
1214,360
1214,364
1214,368
1214,137
1214,310
1214,379
1214,391
1214,396
1214,398
1214,117
1214,369
1214,118
1214,4
1214,110
1214,103
1214,299
1214,393
1214,306
1214,307
1214,189
1214,245
1214,380
1214,222
1215,33
1215,256
1215,57
1215,113
1215,284
1215,138
1215,319
1215,101
1215,158
1215,177
1215,153
1215,261
1215,10
1215,269
1215,314
1215,316
1215,340
1215,70
1215,398
1215,250
1215,371
1215,259
1215,190
1215,393
1215,394
1215,395
1215,9
1215,383
1215,1
1215,380
1217,23
1217,173
1217,26
1217,28
1217,94
1217,33
1217,256
1217,37
1217,76
1217,82
1217,105
1217,106
1217,107
1217,113
1217,123
1217,130
1217,133
1217,134
1217,138
1217,319
1217,101
1217,53
1217,150
1217,159
1217,177
1217,170
1217,175
1217,171
1217,182
1217,198
1217,206
1217,226
1217,35
1217,291
1217,87
1217,253
1217,266
1217,271
1217,369
1217,293
1217,298
1217,278
1217,314
1217,318
1217,383
1217,325
1217,346
1217,360
1217,364
1217,379
1217,384
1217,396
1217,180
1217,236
1217,259
1217,336
1217,160
1217,2
1221,3
1221,160
1221,15
1221,18
1221,23
1221,25
1221,26
1221,28
1221,94
1221,29
1221,32
1221,33
1221,256
1221,37
1221,41
1221,248
1221,57
1221,60
1221,72
1221,265
1221,330
1221,212
1221,78
1221,148
1221,79
1221,80
1221,85
1221,234
1221,112
1221,100
1221,105
1221,107
1221,108
1221,113
1221,123
1221,126
1221,284
1221,319
1221,101
1221,143
1221,147
1221,53
1221,158
1221,176
1221,177
1221,63
1221,64
1221,65
1221,66
1221,194
1221,198
1221,199
1221,204
1221,207
1221,210
1221,35
1221,291
1221,230
1221,242
1221,264
1221,266
1221,273
1221,274
1221,356
1221,280
1221,293
1221,294
1221,296
1221,299
1221,314
1221,317
1221,338
1221,70
1221,350
1221,195
1221,353
1221,238
1221,337
1221,364
1221,137
1221,372
1221,379
1221,27
1221,385
1221,386
1221,391
1221,396
1221,397
1221,117
1221,251
1221,11
1221,305
1221,285
1221,68
1221,51
1221,145
1221,227
1221,241
1221,371
1221,340
1221,259
1221,110
1221,109
1221,320
1221,144
1221,5
1221,127
1221,135
1221,359
1221,288
1221,289
1221,116
1221,393
1221,38
1221,56
1221,394
1221,395
1221,347
1221,21
1221,236
1221,222
1221,328
1221,344
1221,6
1222,3
1222,160
1222,26
1222,28
1222,94
1222,33
1222,256
1222,34
1222,37
1222,39
1222,60
1222,62
1222,77
1222,78
1222,148
1222,81
1222,102
1222,107
1222,113
1222,114
1222,344
1222,120
1222,123
1222,126
1222,127
1222,138
1222,319
1222,101
1222,147
1222,53
1222,150
1222,152
1222,158
1222,164
1222,177
1222,198
1222,202
1222,210
1222,233
1222,246
1222,87
1222,253
1222,266
1222,273
1222,279
1222,282
1222,335
1222,296
1222,299
1222,278
1222,301
1222,314
1222,333
1222,83
1222,346
1222,348
1222,350
1222,195
1222,358
1222,360
1222,377
1222,376
1222,373
1222,379
1222,27
1222,391
1222,396
1222,61
1222,51
1222,36
1222,172
1222,241
1222,371
1222,340
1222,240
1222,109
1222,209
1222,259
1222,47
1222,128
1222,222
1223,3
1223,160
1223,22
1223,28
1223,94
1223,33
1223,256
1223,37
1223,107
1223,126
1223,130
1223,133
1223,319
1223,101
1223,147
1223,53
1223,150
1223,170
1223,174
1223,175
1223,171
1223,225
1223,233
1223,266
1223,301
1223,313
1223,312
1223,314
1223,360
1223,396
1223,73
1223,252
1223,348
1223,236
1223,259
1223,239
1223,2
1226,23
1226,113
1226,284
1226,53
1226,177
1226,168
1226,174
1226,175
1226,171
1226,193
1226,198
1226,199
1226,266
1226,293
1226,350
1226,195
1226,352
1226,360
1226,379
1226,73
1226,172
1226,56
1226,170
1226,261
1227,3
1227,160
1227,7
1227,15
1227,17
1227,18
1227,19
1227,23
1227,22
1227,25
1227,29
1227,32
1227,33
1227,256
1227,34
1227,37
1227,38
1227,42
1227,248
1227,59
1227,62
1227,270
1227,69
1227,267
1227,212
1227,78
1227,148
1227,79
1227,80
1227,81
1227,91
1227,92
1227,43
1227,93
1227,124
1227,100
1227,105
1227,107
1227,113
1227,114
1227,344
1227,121
1227,123
1227,126
1227,129
1227,130
1227,284
1227,138
1227,319
1227,101
1227,147
1227,53
1227,150
1227,157
1227,159
1227,163
1227,165
1227,176
1227,63
1227,64
1227,65
1227,168
1227,170
1227,175
1227,171
1227,182
1227,186
1227,187
1227,193
1227,194
1227,198
1227,199
1227,205
1227,206
1227,207
1227,290
1227,210
1227,216
1227,225
1227,272
1227,326
1227,232
1227,233
1227,184
1227,242
1227,243
1227,246
1227,249
1227,200
1227,261
1227,10
1227,266
1227,273
1227,274
1227,356
1227,275
1227,292
1227,299
1227,300
1227,301
1227,303
1227,309
1227,314
1227,315
1227,317
1227,316
1227,318
1227,383
1227,325
1227,329
1227,330
1227,334
1227,83
1227,337
1227,338
1227,342
1227,253
1227,345
1227,346
1227,70
1227,350
1227,195
1227,353
1227,238
1227,354
1227,360
1227,364
1227,368
1227,310
1227,376
1227,373
1227,379
1227,382
1227,381
1227,27
1227,389
1227,390
1227,391
1227,396
1227,397
1227,117
1227,375
1227,180
1227,349
1227,99
1227,14
1227,251
1227,11
1227,181
1227,250
1227,388
1227,237
1227,236
1227,145
1227,16
1227,118
1227,371
1227,340
1227,240
1227,109
1227,209
1227,254
1227,357
1227,247
1227,5
1227,139
1227,185
1227,336
1227,183
1227,393
1227,56
1227,277
1227,278
1227,46
1227,255
1231,3
1231,160
1231,15
1231,23
1231,22
1231,26
1231,28
1231,94
1231,31
1231,37
1231,38
1231,42
1231,54
1231,60
1231,59
1231,72
1231,78
1231,148
1231,80
1231,85
1231,93
1231,96
1231,97
1231,101
1231,105
1231,107
1231,113
1231,120
1231,126
1231,129
1231,133
1231,134
1231,319
1231,143
1231,53
1231,158
1231,177
1231,174
1231,198
1231,203
1231,205
1231,210
1231,326
1231,229
1231,231
1231,232
1231,233
1231,242
1231,264
1231,266
1231,271
1231,369
1231,273
1231,287
1231,293
1231,299
1231,278
1231,301
1231,313
1231,312
1231,314
1231,325
1231,330
1231,338
1231,348
1231,352
1231,360
1231,361
1231,364
1231,137
1231,372
1231,376
1231,373
1231,379
1231,27
1231,391
1231,396
1231,397
1231,399
1231,89
1231,48
1231,255
1231,145
1231,219
1231,304
1231,45
1231,36
1231,118
1231,227
1231,371
1231,340
1231,240
1231,109
1231,209
1231,259
1231,256
1231,327
1231,110
1231,144
1231,71
1231,116
1231,393
1231,321
1231,86
1231,347
1231,115
1231,214
1231,213
1231,128
1231,302
1231,228
1231,47
1231,367
1231,178
1231,125
1231,289
1231,395
1233,15
1233,30
1233,173
1233,37
1233,113
1233,147
1233,177
1233,123
1233,204
1233,206
1233,226
1233,233
1233,266
1233,298
1233,314
1233,360
1233,137
1233,379
1233,391
1233,307
1233,240
1233,109
1233,148
1233,209
1233,158
1233,2
1233,319
1234,15
1234,30
1234,173
1234,177
1234,123
1234,204
1234,206
1234,226
1234,233
1234,266
1234,298
1234,314
1234,360
1234,137
1234,379
1234,307
1234,158
1234,2
1234,319
1236,3
1236,160
1236,15
1236,173
1236,37
1236,72
1236,81
1236,107
1236,113
1236,114
1236,344
1236,123
1236,127
1236,284
1236,366
1236,134
1236,138
1236,53
1236,150
1236,156
1236,159
1236,164
1236,177
1236,66
1236,170
1236,182
1236,266
1236,313
1236,312
1236,318
1236,383
1236,325
1236,348
1236,360
1236,364
1236,377
1236,379
1236,396
1236,398
1236,397
1236,51
1236,24
1236,23
1236,239
1236,50
1236,394
1236,395
1236,1
1237,3
1237,160
1237,26
1237,59
1237,72
1237,78
1237,148
1237,81
1237,98
1237,107
1237,113
1237,123
1237,127
1237,284
1237,147
1237,37
1237,150
1237,152
1237,161
1237,176
1237,177
1237,198
1237,293
1237,296
1237,338
1237,354
1237,372
1237,377
1237,391
1237,398
1237,117
1237,375
1237,285
1237,118
1237,110
1237,244
1237,116
1237,24
1237,23
1237,344
1237,6
1237,395
1237,29
1237,33
1237,256
1237,212
1237,218
1237,217
1239,2
1239,3
1239,160
1239,13
1239,15
1239,17
1239,18
1239,19
1239,20
1239,21
1239,22
1239,25
1239,28
1239,94
1239,29
1239,33
1239,256
1239,37
1239,38
1239,39
1239,41
1239,42
1239,248
1239,75
1239,57
1239,59
1239,62
1239,67
1239,273
1239,72
1239,212
1239,78
1239,148
1239,79
1239,80
1239,81
1239,85
1239,91
1239,92
1239,43
1239,93
1239,234
1239,112
1239,124
1239,96
1239,97
1239,98
1239,100
1239,101
1239,102
1239,106
1239,107
1239,108
1239,113
1239,119
1239,291
1239,120
1239,121
1239,122
1239,123
1239,126
1239,127
1239,129
1239,131
1239,284
1239,132
1239,133
1239,366
1239,134
1239,138
1239,286
1239,319
1239,143
1239,147
1239,53
1239,150
1239,152
1239,156
1239,157
1239,161
1239,158
1239,162
1239,163
1239,164
1239,176
1239,177
1239,64
1239,169
1239,170
1239,175
1239,171
1239,182
1239,190
1239,194
1239,198
1239,199
1239,202
1239,203
1239,204
1239,205
1239,206
1239,207
1239,290
1239,210
1239,224
1239,35
1239,272
1239,229
1239,88
1239,253
1239,294
1239,231
1239,233
1239,58
1239,242
1239,243
1239,246
1239,249
1239,200
1239,257
1239,260
1239,264
1239,265
1239,266
1239,269
1239,274
1239,356
1239,279
1239,281
1239,283
1239,287
1239,292
1239,293
1239,295
1239,296
1239,297
1239,298
1239,299
1239,278
1239,301
1239,303
1239,309
1239,311
1239,378
1239,314
1239,315
1239,316
1239,318
1239,383
1239,325
1239,330
1239,334
1239,83
1239,333
1239,338
1239,340
1239,345
1239,346
1239,348
1239,252
1239,353
1239,238
1239,337
1239,354
1239,358
1239,360
1239,364
1239,368
1239,137
1239,372
1239,310
1239,374
1239,377
1239,376
1239,373
1239,379
1239,382
1239,381
1239,27
1239,385
1239,386
1239,391
1239,392
1239,395
1239,396
1239,398
1239,397
1239,117
1239,375
1239,180
1239,61
1239,349
1239,99
1239,14
1239,251
1239,11
1239,305
1239,285
1239,95
1239,250
1239,89
1239,48
1239,151
1239,365
1239,155
1239,255
1239,55
1239,145
1239,304
1239,45
1239,36
1239,16
1239,339
1239,227
1239,241
1239,307
1239,371
1239,240
1239,109
1239,209
1239,259
1239,254
1239,211
1239,1
1239,4
1239,110
1239,111
1239,357
1239,247
1239,244
1239,320
1239,139
1239,179
1239,135
1239,178
1239,335
1239,116
1239,324
1239,393
1239,218
1239,217
1239,321
1239,197
1239,332
1239,73
1239,56
1239,277
1239,239
1239,84
1239,146
1239,394
1239,154
1239,189
1239,245
1239,115
1239,351
1239,195
1239,9
1239,214
1239,213
1239,46
1239,128
1239,343
1239,236
1239,222
1239,258
1239,331
1239,125
1239,12
1239,344
1239,380
1239,6
1240,3
1240,160
1240,18
1240,23
1240,22
1240,26
1240,28
1240,94
1240,33
1240,256
1240,37
1240,42
1240,72
1240,76
1240,212
1240,81
1240,85
1240,101
1240,107
1240,113
1240,122
1240,126
1240,129
1240,134
1240,319
1240,142
1240,147
1240,53
1240,158
1240,177
1240,63
1240,123
1240,175
1240,171
1240,191
1240,198
1240,202
1240,210
1240,231
1240,233
1240,242
1240,87
1240,253
1240,266
1240,269
1240,273
1240,275
1240,279
1240,293
1240,298
1240,299
1240,278
1240,301
1240,308
1240,309
1240,314
1240,316
1240,330
1240,348
1240,350
1240,195
1240,360
1240,379
1240,27
1240,396
1240,398
1240,73
1240,55
1240,36
1240,16
1240,241
1240,371
1240,340
1240,223
1240,240
1240,109
1240,148
1240,209
1240,259
1240,320
1240,103
1240,336
1240,183
1240,47
1240,24
1240,321
1240,332
1240,277
1240,214
1240,213
1240,46
1240,328
1242,18
1242,25
1242,28
1242,94
1242,32
1242,34
1242,37
1242,39
1242,42
1242,248
1242,57
1242,72
1242,81
1242,101
1242,108
1242,113
1242,126
1242,284
1242,319
1242,143
1242,147
1242,158
1242,163
1242,177
1242,65
1242,192
1242,225
1242,231
1242,233
1242,184
1242,242
1242,261
1242,10
1242,266
1242,273
1242,293
1242,278
1242,314
1242,316
1242,350
1242,195
1242,360
1242,361
1242,362
1242,368
1242,27
1242,391
1242,395
1242,396
1242,398
1242,251
1242,11
1242,68
1242,95
1242,236
1242,339
1242,241
1242,371
1242,340
1242,183
1242,116
1242,393
1242,332
1242,73
1242,258
1242,84
1242,189
1242,245
1242,128
1242,222
1242,380
1242,6
1246,2
1246,3
1246,160
1246,17
1246,19
1246,21
1246,23
1246,22
1246,173
1246,25
1246,26
1246,28
1246,94
1246,29
1246,32
1246,33
1246,256
1246,34
1246,37
1246,38
1246,39
1246,40
1246,42
1246,248
1246,44
1246,103
1246,54
1246,57
1246,60
1246,59
1246,67
1246,69
1246,267
1246,72
1246,77
1246,212
1246,78
1246,148
1246,79
1246,80
1246,81
1246,82
1246,85
1246,91
1246,92
1246,43
1246,93
1246,234
1246,112
1246,124
1246,96
1246,97
1246,98
1246,100
1246,101
1246,102
1246,104
1246,106
1246,107
1246,113
1246,119
1246,291
1246,120
1246,122
1246,123
1246,126
1246,127
1246,129
1246,130
1246,131
1246,132
1246,366
1246,134
1246,136
1246,319
1246,143
1246,147
1246,53
1246,150
1246,152
1246,156
1246,157
1246,161
1246,158
1246,159
1246,166
1246,167
1246,176
1246,177
1246,64
1246,168
1246,169
1246,170
1246,174
1246,175
1246,171
1246,182
1246,186
1246,187
1246,188
1246,192
1246,193
1246,190
1246,194
1246,196
1246,198
1246,199
1246,202
1246,203
1246,204
1246,205
1246,206
1246,207
1246,290
1246,210
1246,215
1246,216
1246,222
1246,224
1246,35
1246,272
1246,229
1246,88
1246,253
1246,231
1246,58
1246,242
1246,243
1246,121
1246,87
1246,200
1246,263
1246,153
1246,260
1246,261
1246,10
1246,264
1246,265
1246,266
1246,269
1246,271
1246,369
1246,273
1246,274
1246,356
1246,275
1246,280
1246,281
1246,292
1246,293
1246,294
1246,295
1246,296
1246,297
1246,299
1246,301
1246,303
1246,309
1246,311
1246,378
1246,313
1246,312
1246,314
1246,317
1246,316
1246,318
1246,383
1246,330
1246,83
1246,73
1246,337
1246,338
1246,340
1246,342
1246,343
1246,345
1246,346
1246,138
1246,348
1246,350
1246,195
1246,353
1246,238
1246,354
1246,358
1246,360
1246,364
1246,365
1246,368
1246,137
1246,372
1246,310
1246,374
1246,377
1246,376
1246,373
1246,379
1246,27
1246,385
1246,386
1246,391
1246,392
1246,396
1246,397
1246,117
1246,375
1246,180
1246,61
1246,14
1246,251
1246,11
1246,285
1246,68
1246,95
1246,250
1246,258
1246,51
1246,89
1246,48
1246,155
1246,8
1246,221
1246,262
1246,236
1246,255
1246,55
1246,145
1246,304
1246,45
1246,36
1246,16
1246,118
1246,227
1246,172
1246,241
1246,371
1246,240
1246,109
1246,209
1246,259
1246,254
1246,71
1246,211
1246,1
1246,4
1246,110
1246,111
1246,357
1246,247
1246,5
1246,139
1246,179
1246,245
1246,135
1246,359
1246,288
1246,289
1246,323
1246,183
1246,47
1246,116
1246,141
1246,393
1246,306
1246,307
1246,197
1246,332
1246,56
1246,239
1246,50
1246,84
1246,217
1246,394
1246,395
1246,86
1246,154
1246,189
1246,115
1246,351
1246,201
1246,52
1246,214
1246,213
1246,46
1246,128
1246,302
1246,228
1246,331
1246,315
1246,327
1246,325
1246,344
1246,149
1246,380
1246,6
1247,32
1247,248
1247,113
1247,120
1247,284
1247,134
1247,319
1247,101
1247,147
1247,37
1247,158
1247,176
1247,177
1247,64
1247,198
1247,210
1247,242
1247,266
1247,273
1247,296
1247,314
1247,354
1247,14
1247,371
1247,340
1247,264
1247,50
1247,222
1247,331
1247,265
1247,344
1249,2
1249,3
1249,160
1249,15
1249,18
1249,22
1249,173
1249,25
1249,26
1249,28
1249,94
1249,29
1249,32
1249,33
1249,256
1249,34
1249,37
1249,41
1249,42
1249,248
1249,57
1249,59
1249,72
1249,212
1249,80
1249,81
1249,85
1249,234
1249,112
1249,100
1249,107
1249,113
1249,114
1249,344
1249,120
1249,123
1249,126
1249,131
1249,284
1249,133
1249,366
1249,134
1249,138
1249,319
1249,101
1249,143
1249,147
1249,53
1249,150
1249,152
1249,156
1249,158
1249,166
1249,176
1249,177
1249,63
1249,64
1249,65
1249,168
1249,182
1249,193
1249,194
1249,195
1249,196
1249,198
1249,203
1249,206
1249,207
1249,210
1249,226
1249,326
1249,232
1249,233
1249,242
1249,87
1249,253
1249,261
1249,10
1249,266
1249,273
1249,279
1249,291
1249,294
1249,296
1249,297
1249,298
1249,299
1249,301
1249,311
1249,378
1249,314
1249,325
1249,330
1249,340
1249,346
1249,70
1249,350
1249,353
1249,238
1249,337
1249,354
1249,360
1249,364
1249,372
1249,310
1249,377
1249,376
1249,373
1249,379
1249,27
1249,384
1249,390
1249,391
1249,396
1249,117
1249,14
1249,285
1249,250
1249,51
1249,89
1249,48
1249,262
1249,236
1249,55
1249,16
1249,118
1249,172
1249,241
1249,371
1249,240
1249,109
1249,148
1249,209
1249,259
1249,179
1249,135
1249,183
1249,306
1249,307
1249,56
1249,367
1249,394
1249,395
1249,189
1249,245
1249,201
1249,52
1249,214
1249,213
1249,46
1249,128
1249,343
1249,45
1249,302
1249,228
1249,222
1249,208
1251,3
1251,160
1251,23
1251,22
1251,25
1251,32
1251,33
1251,256
1251,40
1251,42
1251,67
1251,273
1251,72
1251,102
1251,107
1251,311
1251,113
1251,126
1251,143
1251,147
1251,37
1251,152
1251,158
1251,177
1251,41
1251,64
1251,175
1251,171
1251,198
1251,207
1251,210
1251,242
1251,87
1251,253
1251,257
1251,261
1251,10
1251,266
1251,317
1251,316
1251,325
1251,83
1251,338
1251,70
1251,352
1251,238
1251,27
1251,390
1251,396
1251,387
1251,95
1251,250
1251,262
1251,240
1251,109
1251,148
1251,209
1251,259
1251,123
1251,24
1251,394
1251,395
1251,1
1251,328
1253,3
1253,160
1253,15
1253,18
1253,22
1253,28
1253,94
1253,29
1253,37
1253,39
1253,78
1253,148
1253,81
1253,107
1253,113
1253,114
1253,344
1253,284
1253,319
1253,101
1253,177
1253,49
1253,182
1253,233
1253,266
1253,282
1253,335
1253,202
1253,296
1253,299
1253,253
1253,354
1253,360
1253,364
1253,368
1253,310
1253,374
1253,379
1253,117
1253,375
1253,73
1253,110
1253,135
1253,393
1253,50
1253,21
1253,222
1253,53
1253,152
1253,175
1253,171
1253,207
1253,260
1253,293
1253,295
1253,350
1253,195
1253,353
1253,238
1253,337
1253,396
1253,14
1253,258
1253,199
1253,355
1253,56
1255,3
1255,160
1255,18
1255,21
1255,22
1255,173
1255,28
1255,94
1255,29
1255,31
1255,32
1255,33
1255,256
1255,37
1255,39
1255,40
1255,42
1255,72
1255,74
1255,78
1255,148
1255,81
1255,234
1255,112
1255,98
1255,107
1255,108
1255,311
1255,113
1255,114
1255,344
1255,120
1255,126
1255,284
1255,161
1255,319
1255,101
1255,147
1255,53
1255,150
1255,152
1255,176
1255,177
1255,63
1255,41
1255,66
1255,170
1255,191
1255,195
1255,198
1255,199
1255,202
1255,206
1255,207
1255,290
1255,225
1255,226
1255,231
1255,232
1255,261
1255,10
1255,264
1255,266
1255,274
1255,356
1255,280
1255,282
1255,335
1255,293
1255,296
1255,299
1255,314
1255,315
1255,333
1255,345
1255,70
1255,350
1255,353
1255,238
1255,337
1255,354
1255,364
1255,368
1255,310
1255,374
1255,379
1255,384
1255,385
1255,386
1255,390
1255,391
1255,396
1255,398
1255,397
1255,117
1255,375
1255,73
1255,349
1255,99
1255,14
1255,305
1255,250
1255,388
1255,145
1255,307
1255,235
1255,258
1255,240
1255,109
1255,209
1255,259
1255,254
1255,211
1255,43
1255,110
1255,244
1255,140
1255,5
1255,119
1255,247
1255,111
1255,135
1255,116
1255,393
1255,306
1255,121
1255,56
1255,84
1255,394
1255,395
1255,154
1255,222
1255,1
1255,178
1255,93
1072,2
1072,3
1072,160
1072,18
1072,28
1072,94
1072,29
1072,32
1072,33
1072,256
1072,37
1072,38
1072,42
1072,44
1072,103
1072,75
1072,270
1072,62
1072,69
1072,273
1072,72
1072,77
1072,212
1072,78
1072,148
1072,79
1072,81
1072,85
1072,90
1072,91
1072,92
1072,43
1072,124
1072,96
1072,101
1072,107
1072,113
1072,119
1072,291
1072,123
1072,126
1072,127
1072,129
1072,284
1072,134
1072,319
1072,147
1072,53
1072,150
1072,152
1072,156
1072,158
1072,159
1072,166
1072,176
1072,177
1072,63
1072,65
1072,66
1072,175
1072,171
1072,182
1072,192
1072,193
1072,190
1072,198
1072,199
1072,207
1072,326
1072,231
1072,232
1072,184
1072,257
1072,261
1072,10
1072,264
1072,266
1072,282
1072,335
1072,202
1072,293
1072,295
1072,297
1072,299
1072,278
1072,301
1072,303
1072,308
1072,309
1072,314
1072,317
1072,325
1072,328
1072,334
1072,83
1072,336
1072,73
1072,337
1072,338
1072,348
1072,70
1072,307
1072,350
1072,195
1072,352
1072,354
1072,362
1072,368
1072,370
1072,238
1072,137
1072,310
1072,377
1072,376
1072,373
1072,379
1072,384
1072,396
1072,398
1072,397
1072,399
1072,117
1072,14
1072,305
1072,285
1072,99
1072,220
1072,55
1072,118
1072,241
1072,104
1072,371
1072,340
1072,235
1072,240
1072,109
1072,209
1072,259
1072,364
1072,1
1072,252
1072,71
1072,341
1072,178
1072,47
1072,324
1072,393
1072,306
1072,239
1072,244
1072,146
1072,394
1072,395
1072,154
1072,102
1072,347
1072,48
1072,351
1072,9
1072,222
1072,93
1072,327
1072,344
1072,105
1072,215
1072,342
1072,27
1072,322
1072,339
1072,355
1072,321
1072,46
1072,363
1072,13
1072,15
1072,23
1072,22
1072,34
1072,248
1072,60
1072,67
1072,267
1072,76
1072,82
1072,100
1072,106
1072,114
1072,116
1072,131
1072,366
1072,138
1072,286
1072,143
1072,162
1072,170
1072,186
1072,125
1072,224
1072,265
1072,274
1072,356
1072,279
1072,294
1072,296
1072,313
1072,312
1072,315
1072,329
1072,346
1072,353
1072,360
1072,372
1072,251
1072,11
1072,68
1072,304
1072,45
1072,227
1072,139
1072,144
1072,185
1072,323
1072,115
1072,201
1072,52
1072,214
1072,213
1072,258
1257,2
1257,7
1257,23
1257,26
1257,32
1257,38
1257,42
1257,44
1257,103
1257,59
1257,212
1257,79
1257,85
1257,102
1257,106
1257,113
1257,120
1257,122
1257,123
1257,126
1257,130
1257,284
1257,134
1257,319
1257,101
1257,147
1257,37
1257,53
1257,163
1257,165
1257,177
1257,63
1257,66
1257,175
1257,171
1257,188
1257,198
1257,199
1257,216
1257,35
1257,291
1257,261
1257,10
1257,266
1257,276
1257,278
1257,293
1257,297
1257,299
1257,300
1257,301
1257,314
1257,317
1257,318
1257,383
1257,330
1257,83
1257,337
1257,353
1257,238
1257,354
1257,361
1257,370
1257,137
1257,372
1257,379
1257,384
1257,391
1257,396
1257,398
1257,399
1257,221
1257,117
1257,251
1257,11
1257,68
1257,255
1257,104
1257,240
1257,109
1257,148
1257,209
1257,259
1257,256
1257,211
1257,139
1257,359
1257,288
1257,289
1257,151
1257,263
1257,62
1257,24
1257,341
1257,56
1257,277
1257,86
1257,347
1257,351
1257,195
1257,9
1257,222
1258,23
1258,37
1258,107
1258,113
1258,319
1258,101
1258,147
1258,177
1258,196
1258,198
1258,205
1258,225
1258,272
1258,326
1258,266
1258,360
1258,396
1258,117
1258,369
1258,51
1258,306
1258,307
1259,3
1259,160
1259,13
1259,21
1259,28
1259,94
1259,29
1259,37
1259,39
1259,72
1259,78
1259,148
1259,81
1259,98
1259,101
1259,107
1259,113
1259,114
1259,344
1259,119
1259,291
1259,120
1259,126
1259,284
1259,147
1259,150
1259,164
1259,176
1259,177
1259,198
1259,199
1259,224
1259,225
1259,87
1259,253
1259,266
1259,274
1259,356
1259,280
1259,293
1259,296
1259,299
1259,314
1259,343
1259,348
1259,353
1259,238
1259,337
1259,354
1259,364
1259,368
1259,396
1259,117
1259,375
1259,180
1259,14
1259,251
1259,11
1259,99
1259,255
1259,235
1259,240
1259,109
1259,209
1259,110
1259,357
1259,247
1259,244
1259,139
1259,144
1259,127
1259,324
1259,137
1259,222
1259,84
1259,394
1259,395
1259,351
1259,195
1259,178
1259,93
1260,198
1261,3
1261,160
1261,28
1261,94
1261,37
1261,243
1261,87
1261,253
1261,329
1261,370
1261,156
1261,240
1261,109
1261,148
1261,209
1261,259
1261,256
1261,4
1261,355
1262,15
1262,20
1262,23
1262,30
1262,173
1262,26
1262,28
1262,94
1262,38
1262,60
1262,74
1262,81
1262,85
1262,124
1262,105
1262,113
1262,114
1262,344
1262,121
1262,126
1262,131
1262,133
1262,319
1262,101
1262,147
1262,37
1262,53
1262,165
1262,167
1262,177
1262,63
1262,49
1262,194
1262,198
1262,204
1262,207
1262,225
1262,233
1262,260
1262,264
1262,266
1262,298
1262,314
1262,83
1262,340
1262,253
1262,368
1262,137
1262,379
1262,398
1262,117
1262,375
1262,387
1262,14
1262,285
1262,184
1262,237
1262,255
1262,154
1262,211
1262,140
1262,135
1262,24
1262,393
1262,306
1262,307
1262,274
1262,222
1262,208
1264,37
1264,78
1264,148
1264,81
1264,98
1264,113
1264,114
1264,344
1264,319
1264,101
1264,176
1264,177
1264,260
1264,266
1264,274
1264,356
1264,315
1264,354
1264,396
1264,397
1264,14
1264,118
1264,244
1264,139
1264,393
1264,197
1266,3
1266,160
1266,15
1266,17
1266,18
1266,30
1266,28
1266,94
1266,105
1266,108
1266,114
1266,344
1266,133
1266,134
1266,138
1266,319
1266,101
1266,147
1266,37
1266,177
1266,175
1266,171
1266,182
1266,188
1266,224
1266,233
1266,266
1266,279
1266,298
1266,299
1266,314
1266,360
1266,391
1266,396
1266,397
1266,305
1266,240
1266,109
1266,148
1266,209
1266,239
1266,222
1266,380
1267,77
1267,107
1267,113
1267,114
1267,344
1267,177
1267,49
1267,198
1267,207
1267,225
1267,87
1267,253
1267,83
1267,110
1267,393
1268,3
1268,160
1268,15
1268,23
1268,30
1268,173
1268,26
1268,28
1268,94
1268,29
1268,33
1268,256
1268,39
1268,248
1268,78
1268,148
1268,80
1268,81
1268,85
1268,100
1268,105
1268,107
1268,113
1268,121
1268,126
1268,133
1268,366
1268,134
1268,138
1268,319
1268,101
1268,143
1268,53
1268,158
1268,164
1268,176
1268,177
1268,170
1268,196
1268,198
1268,204
1268,206
1268,210
1268,226
1268,231
1268,233
1268,242
1268,266
1268,273
1268,276
1268,278
1268,279
1268,280
1268,297
1268,314
1268,318
1268,383
1268,83
1268,346
1268,348
1268,353
1268,238
1268,337
1268,360
1268,364
1268,368
1268,137
1268,376
1268,373
1268,379
1268,391
1268,396
1268,399
1268,14
1268,103
1268,298
1268,241
1268,371
1268,340
1268,123
1268,259
1268,183
1268,306
1268,307
1268,46
1268,222
1268,327
1268,325
1270,22
1270,78
1270,148
1270,319
1270,101
1270,147
1270,37
1270,53
1270,203
1270,206
1270,266
1270,279
1270,314
1270,360
1270,396
1270,304
1270,45
1270,36
1270,16
1270,185
1270,47
1270,48
1271,0
1271,3
1271,15
1271,18
1271,28
1271,94
1271,29
1271,32
1271,37
1271,39
1271,78
1271,148
1271,81
1271,234
1271,112
1271,98
1271,107
1271,113
1271,114
1271,344
1271,284
1271,133
1271,319
1271,101
1271,147
1271,53
1271,152
1271,167
1271,176
1271,177
1271,41
1271,199
1271,207
1271,225
1271,260
1271,261
1271,10
1271,266
1271,280
1271,282
1271,335
1271,202
1271,296
1271,278
1271,300
1271,314
1271,315
1271,318
1271,383
1271,83
1271,348
1271,70
1271,354
1271,360
1271,364
1271,368
1271,310
1271,379
1271,396
1271,398
1271,117
1271,375
1271,14
1271,298
1271,123
1271,240
1271,109
1271,209
1271,110
1271,140
1271,120
1271,299
1271,135
1271,359
1271,288
1271,289
1271,393
1271,84
1271,222
1271,363
1276,3
1276,160
1276,22
1276,28
1276,94
1276,284
1276,147
1276,37
1276,53
1276,66
1276,182
1276,194
1276,225
1276,266
1276,353
1276,113
1276,238
1276,337
1276,396
1276,398
1276,181
1276,236
1276,16
1276,240
1276,109
1276,148
1276,209
1277,23
1277,32
1277,60
1277,81
1277,124
1277,114
1277,344
1277,284
1277,147
1277,37
1277,152
1277,177
1277,198
1277,266
1277,295
1277,296
1277,314
1277,315
1277,330
1277,354
1277,358
1277,396
1277,305
1277,320
1277,293
1277,247
1277,111
1277,127
1277,393
1277,347
1277,351
1277,195
1278,3
1278,160
1278,23
1278,28
1278,94
1278,60
1278,81
1278,107
1278,113
1278,126
1278,319
1278,101
1278,147
1278,37
1278,152
1278,158
1278,177
1278,198
1278,199
1278,207
1278,210
1278,242
1278,273
1278,73
1278,337
1278,353
1278,238
1278,137
1278,27
1278,371
1278,340
1278,71
1278,72
1278,56
1278,379
1278,344
1279,2
1279,3
1279,160
1279,23
1279,25
1279,26
1279,42
1279,57
1279,72
1279,212
1279,78
1279,148
1279,80
1279,81
1279,97
1279,104
1279,113
1279,120
1279,123
1279,127
1279,129
1279,131
1279,284
1279,132
1279,319
1279,101
1279,143
1279,147
1279,37
1279,150
1279,152
1279,156
1279,158
1279,176
1279,177
1279,64
1279,170
1279,125
1279,290
1279,216
1279,242
1279,87
1279,253
1279,265
1279,266
1279,273
1279,296
1279,314
1279,329
1279,330
1279,346
1279,138
1279,353
1279,238
1279,337
1279,354
1279,358
1279,377
1279,376
1279,373
1279,379
1279,27
1279,396
1279,398
1279,117
1279,375
1279,310
1279,285
1279,252
1279,348
1279,250
1279,145
1279,118
1279,241
1279,307
1279,371
1279,340
1279,94
1279,1
1279,4
1279,43
1279,320
1279,151
1279,116
1279,393
1279,239
1279,217
1279,189
1279,245
1279,351
1279,195
1279,201
1279,52
1279,214
1279,213
1279,46
1279,128
1279,344
1279,6
1279,395
339,0
339,3
339,2
339,160
339,7
339,18
339,20
339,21
339,22
339,173
339,26
339,28
339,94
339,29
339,33
339,256
339,34
339,37
339,42
339,44
339,103
339,54
339,59
339,62
339,72
339,76
339,212
339,78
339,148
339,79
339,81
339,82
339,85
339,234
339,112
339,124
339,101
339,105
339,107
339,108
339,113
339,120
339,123
339,126
339,129
339,130
339,284
339,133
339,366
339,134
339,136
339,138
339,286
339,319
339,147
339,53
339,150
339,156
339,157
339,161
339,158
339,159
339,162
339,164
339,176
339,177
339,65
339,170
339,182
339,187
339,188
339,191
339,190
339,194
339,196
339,198
339,199
339,202
339,203
339,206
339,207
339,290
339,215
339,216
339,225
339,326
339,230
339,88
339,253
339,231
339,233
339,249
339,87
339,200
339,266
339,268
339,274
339,356
339,279
339,280
339,281
339,283
339,292
339,293
339,295
339,296
339,297
339,298
339,299
339,300
339,301
339,309
339,311
339,378
339,313
339,312
339,314
339,318
339,383
339,329
339,330
339,333
339,338
339,340
339,346
339,348
339,352
339,353
339,238
339,337
339,354
339,360
339,364
339,368
339,370
339,137
339,372
339,377
339,379
339,385
339,386
339,391
339,392
339,396
339,398
339,221
339,117
339,73
339,180
339,14
339,251
339,11
339,305
339,285
339,252
339,250
339,258
339,365
339,255
339,55
339,322
339,36
339,118
339,241
339,240
339,109
339,209
339,259
339,211
339,110
339,139
339,247
339,111
339,341
339,358
339,135
339,116
339,393
339,321
339,56
339,277
339,278
339,239
339,84
339,115
339,48
339,351
339,195
339,201
339,52
339,45
339,222
339,363
339,344
1284,42
1284,59
1284,79
1284,106
1284,108
1284,113
1284,177
1284,198
1284,199
1284,266
1284,293
1284,296
1284,301
1284,314
1284,330
1284,334
1284,338
1284,396
1284,117
1284,305
1284,68
1284,8
1284,221
1284,145
1284,116
1284,86
1284,85
1284,347
1284,222
1284,6
1284,395
1281,0
1281,3
1281,160
1281,28
1281,94
1281,74
1281,81
1281,107
1281,150
1281,123
1281,87
1281,253
1281,266
1281,396
1281,4
1281,18
1281,19
1281,21
1281,22
1281,173
1281,25
1281,26
1281,32
1281,33
1281,256
1281,34
1281,37
1281,38
1281,40
1281,42
1281,54
1281,57
1281,59
1281,67
1281,69
1281,267
1281,72
1281,212
1281,78
1281,148
1281,79
1281,80
1281,85
1281,91
1281,92
1281,43
1281,93
1281,124
1281,96
1281,100
1281,108
1281,113
1281,122
1281,126
1281,127
1281,130
1281,284
1281,134
1281,136
1281,286
1281,319
1281,101
1281,143
1281,147
1281,53
1281,156
1281,158
1281,159
1281,177
1281,64
1281,65
1281,66
1281,170
1281,175
1281,171
1281,186
1281,198
1281,199
1281,207
1281,290
1281,210
1281,216
1281,225
1281,88
1281,233
1281,242
1281,243
1281,246
1281,257
1281,261
1281,10
1281,269
1281,273
1281,274
1281,356
1281,281
1281,292
1281,293
1281,296
1281,297
1281,299
1281,301
1281,308
1281,309
1281,314
1281,325
1281,330
1281,83
1281,338
1281,340
1281,342
1281,343
1281,70
1281,350
1281,195
1281,353
1281,238
1281,337
1281,354
1281,360
1281,362
1281,364
1281,372
1281,310
1281,374
1281,377
1281,376
1281,373
1281,379
1281,382
1281,381
1281,27
1281,391
1281,392
1281,398
1281,397
1281,117
1281,73
1281,285
1281,68
1281,181
1281,250
1281,89
1281,48
1281,151
1281,155
1281,8
1281,221
1281,236
1281,55
1281,36
1281,16
1281,339
1281,241
1281,371
1281,223
1281,240
1281,109
1281,209
1281,259
1281,1
1281,179
1281,183
1281,47
1281,306
1281,307
1281,218
1281,217
1281,367
1281,239
1281,146
1281,115
1281,9
1281,214
1281,213
1281,46
1281,128
1281,45
1281,222
1281,327
1281,344
1281,6
1281,395
1287,3
1287,160
1287,13
1287,18
1287,23
1287,22
1287,30
1287,26
1287,28
1287,94
1287,33
1287,256
1287,37
1287,39
1287,42
1287,59
1287,72
1287,77
1287,212
1287,78
1287,148
1287,81
1287,85
1287,96
1287,100
1287,107
1287,113
1287,119
1287,291
1287,122
1287,123
1287,126
1287,131
1287,284
1287,138
1287,319
1287,101
1287,147
1287,53
1287,150
1287,158
1287,176
1287,177
1287,170
1287,182
1287,186
1287,198
1287,199
1287,210
1287,216
1287,326
1287,233
1287,242
1287,265
1287,266
1287,273
1287,274
1287,356
1287,293
1287,299
1287,301
1287,314
1287,315
1287,325
1287,330
1287,83
1287,338
1287,354
1287,360
1287,368
1287,372
1287,377
1287,376
1287,373
1287,379
1287,396
1287,117
1287,73
1287,14
1287,285
1287,252
1287,348
1287,250
1287,89
1287,48
1287,8
1287,221
1287,304
1287,45
1287,36
1287,16
1287,371
1287,340
1287,259
1287,1
1287,183
1287,306
1287,307
1287,246
1287,146
1287,99
1287,86
1287,9
1287,46
1287,343
1287,236
1287,222
1287,331
1287,327
1287,344
1293,3
1293,160
1293,18
1293,23
1293,26
1293,28
1293,94
1293,29
1293,33
1293,256
1293,37
1293,40
1293,42
1293,248
1293,59
1293,72
1293,212
1293,80
1293,81
1293,85
1293,107
1293,113
1293,120
1293,123
1293,126
1293,284
1293,134
1293,319
1293,101
1293,147
1293,150
1293,158
1293,177
1293,64
1293,65
1293,175
1293,171
1293,182
1293,196
1293,198
1293,206
1293,207
1293,290
1293,210
1293,326
1293,242
1293,87
1293,253
1293,266
1293,273
1293,279
1293,296
1293,299
1293,301
1293,314
1293,325
1293,329
1293,330
1293,338
1293,352
1293,353
1293,238
1293,337
1293,360
1293,372
1293,376
1293,373
1293,379
1293,27
1293,384
1293,391
1293,392
1293,396
1293,117
1293,103
1293,51
1293,255
1293,241
1293,371
1293,340
1293,259
1293,4
1293,48
1293,179
1293,135
1293,393
1293,306
1293,307
1293,50
1293,115
1293,214
1293,213
1293,46
1293,128
1293,222
1293,327
1293,12
1293,344
1294,3
1294,160
1294,15
1294,23
1294,22
1294,42
1294,212
1294,80
1294,81
1294,93
1294,105
1294,113
1294,126
1294,133
1294,366
1294,319
1294,101
1294,142
1294,147
1294,37
1294,53
1294,150
1294,152
1294,158
1294,177
1294,198
1294,205
1294,207
1294,153
1294,266
1294,268
1294,271
1294,369
1294,273
1294,279
1294,293
1294,296
1294,303
1294,314
1294,325
1294,253
1294,346
1294,138
1294,354
1294,360
1294,361
1294,364
1294,137
1294,377
1294,379
1294,384
1294,391
1294,396
1294,399
1294,73
1294,285
1294,103
1294,89
1294,48
1294,327
1294,241
1294,371
1294,340
1294,355
1294,24
1294,332
1294,56
1294,214
1294,213
1294,222
1294,178
1301,2
1301,3
1301,160
1301,13
1301,15
1301,17
1301,18
1301,20
1301,21
1301,23
1301,22
1301,30
1301,25
1301,26
1301,28
1301,94
1301,29
1301,32
1301,33
1301,256
1301,34
1301,37
1301,38
1301,39
1301,40
1301,42
1301,59
1301,62
1301,270
1301,67
1301,69
1301,267
1301,72
1301,76
1301,212
1301,78
1301,148
1301,79
1301,81
1301,90
1301,91
1301,92
1301,43
1301,93
1301,234
1301,112
1301,124
1301,96
1301,97
1301,98
1301,100
1301,105
1301,104
1301,106
1301,107
1301,108
1301,113
1301,120
1301,121
1301,122
1301,123
1301,126
1301,127
1301,130
1301,131
1301,284
1301,133
1301,366
1301,134
1301,136
1301,138
1301,286
1301,319
1301,101
1301,147
1301,53
1301,150
1301,152
1301,156
1301,157
1301,161
1301,159
1301,162
1301,163
1301,164
1301,165
1301,166
1301,167
1301,176
1301,177
1301,63
1301,64
1301,66
1301,168
1301,49
1301,169
1301,170
1301,174
1301,175
1301,171
1301,182
1301,188
1301,191
1301,193
1301,190
1301,194
1301,196
1301,198
1301,199
1301,202
1301,204
1301,205
1301,206
1301,207
1301,290
1301,216
1301,224
1301,225
1301,35
1301,291
1301,272
1301,230
1301,229
1301,88
1301,253
1301,232
1301,233
1301,58
1301,243
1301,246
1301,249
1301,87
1301,200
1301,263
1301,260
1301,261
1301,10
1301,266
1301,268
1301,274
1301,356
1301,275
1301,276
1301,278
1301,279
1301,280
1301,281
1301,283
1301,287
1301,292
1301,293
1301,295
1301,296
1301,297
1301,298
1301,299
1301,300
1301,301
1301,309
1301,311
1301,378
1301,313
1301,312
1301,314
1301,315
1301,316
1301,318
1301,383
1301,325
1301,329
1301,330
1301,334
1301,83
1301,337
1301,333
1301,338
1301,343
1301,346
1301,348
1301,70
1301,350
1301,195
1301,353
1301,238
1301,354
1301,358
1301,360
1301,361
1301,364
1301,368
1301,137
1301,372
1301,310
1301,374
1301,379
1301,382
1301,381
1301,385
1301,386
1301,389
1301,390
1301,391
1301,396
1301,398
1301,397
1301,221
1301,117
1301,375
1301,73
1301,349
1301,99
1301,14
1301,251
1301,11
1301,305
1301,322
1301,68
1301,252
1301,95
1301,250
1301,258
1301,51
1301,89
1301,48
1301,365
1301,388
1301,8
1301,327
1301,184
1301,237
1301,236
1301,55
1301,145
1301,304
1301,45
1301,103
1301,36
1301,16
1301,339
1301,118
1301,307
1301,223
1301,240
1301,109
1301,209
1301,259
1301,254
1301,211
1301,357
1301,247
1301,345
1301,140
1301,5
1301,139
1301,135
1301,141
1301,323
1301,116
1301,393
1301,218
1301,217
1301,321
1301,197
1301,56
1301,277
1301,239
1301,50
1301,84
1301,146
1301,394
1301,395
1301,86
1301,85
1301,154
1301,189
1301,245
1301,115
1301,201
1301,52
1301,222
1301,255
1301,12
1301,344
1301,380
1301,328
1301,6
1305,2
1305,3
1305,160
1305,13
1305,21
1305,22
1305,26
1305,29
1305,33
1305,256
1305,37
1305,39
1305,42
1305,248
1305,57
1305,59
1305,62
1305,72
1305,74
1305,212
1305,78
1305,148
1305,79
1305,80
1305,81
1305,82
1305,85
1305,93
1305,97
1305,100
1305,107
1305,108
1305,113
1305,114
1305,344
1305,119
1305,291
1305,121
1305,122
1305,123
1305,129
1305,284
1305,132
1305,366
1305,286
1305,319
1305,101
1305,143
1305,147
1305,53
1305,158
1305,159
1305,176
1305,177
1305,198
1305,202
1305,216
1305,224
1305,35
1305,231
1305,200
1305,264
1305,265
1305,266
1305,273
1305,274
1305,356
1305,283
1305,292
1305,293
1305,294
1305,295
1305,299
1305,278
1305,309
1305,314
1305,315
1305,316
1305,318
1305,383
1305,334
1305,83
1305,333
1305,338
1305,340
1305,253
1305,345
1305,346
1305,138
1305,358
1305,364
1305,368
1305,372
1305,377
1305,379
1305,391
1305,392
1305,396
1305,398
1305,349
1305,99
1305,14
1305,251
1305,11
1305,285
1305,145
1305,241
1305,371
1305,240
1305,109
1305,209
1305,259
1305,254
1305,211
1305,94
1305,4
1305,110
1305,111
1305,357
1305,247
1305,244
1305,5
1305,1
1305,135
1305,183
1305,335
1305,393
1305,321
1305,197
1305,84
1305,146
1305,154
1305,9
1305,214
1305,213
1305,46
1305,302
1305,228
1305,222
1305,328
1305,6
1305,395
1311,3
1311,160
1311,15
1311,18
1311,23
1311,22
1311,30
1311,25
1311,26
1311,28
1311,94
1311,32
1311,33
1311,256
1311,37
1311,42
1311,44
1311,103
1311,60
1311,72
1311,212
1311,80
1311,81
1311,85
1311,124
1311,101
1311,107
1311,311
1311,113
1311,126
1311,132
1311,286
1311,319
1311,142
1311,147
1311,53
1311,152
1311,158
1311,177
1311,64
1311,65
1311,190
1311,198
1311,199
1311,202
1311,206
1311,207
1311,210
1311,231
1311,233
1311,242
1311,261
1311,10
1311,266
1311,268
1311,273
1311,279
1311,282
1311,335
1311,293
1311,296
1311,297
1311,299
1311,278
1311,303
1311,309
1311,314
1311,317
1311,316
1311,336
1311,340
1311,348
1311,70
1311,354
1311,360
1311,361
1311,362
1311,137
1311,379
1311,27
1311,385
1311,386
1311,391
1311,396
1311,397
1311,95
1311,89
1311,48
1311,220
1311,262
1311,298
1311,255
1311,341
1311,219
1311,36
1311,241
1311,371
1311,240
1311,109
1311,148
1311,209
1311,259
1311,183
1311,47
1311,367
1311,154
1311,214
1311,213
1311,46
1311,128
1311,328
1311,208
1311,180
1311,178
1311,93
1322,3
1322,160
1322,15
1322,26
1322,33
1322,256
1322,37
1322,42
1322,44
1322,103
1322,212
1322,82
1322,107
1322,113
1322,123
1322,284
1322,133
1322,319
1322,101
1322,147
1322,53
1322,177
1322,168
1322,49
1322,174
1322,175
1322,171
1322,182
1322,191
1322,198
1322,225
1322,266
1322,279
1322,282
1322,335
1322,202
1322,293
1322,314
1322,338
1322,352
1322,360
1322,379
1322,384
1322,396
1322,180
1322,181
1322,8
1322,221
1322,237
1322,240
1322,109
1322,148
1322,209
1322,259
1322,158
1322,1
1322,185
1322,359
1322,288
1322,289
1322,323
1322,277
1322,278
1322,217
1322,236
1322,222
1323,3
1323,160
1323,17
1323,18
1323,21
1323,22
1323,28
1323,94
1323,29
1323,32
1323,33
1323,256
1323,34
1323,37
1323,39
1323,40
1323,42
1323,44
1323,103
1323,62
1323,69
1323,267
1323,76
1323,265
1323,330
1323,212
1323,78
1323,148
1323,85
1323,90
1323,234
1323,112
1323,124
1323,100
1323,101
1323,105
1323,106
1323,107
1323,113
1323,120
1323,123
1323,126
1323,127
1323,129
1323,284
1323,133
1323,134
1323,136
1323,286
1323,319
1323,143
1323,147
1323,53
1323,150
1323,152
1323,156
1323,159
1323,162
1323,164
1323,165
1323,166
1323,176
1323,177
1323,65
1323,174
1323,182
1323,191
1323,192
1323,194
1323,196
1323,198
1323,199
1323,203
1323,204
1323,205
1323,206
1323,215
1323,225
1323,35
1323,291
1323,272
1323,326
1323,88
1323,253
1323,233
1323,243
1323,87
1323,200
1323,263
1323,274
1323,356
1323,275
1323,276
1323,278
1323,279
1323,281
1323,293
1323,294
1323,296
1323,297
1323,301
1323,311
1323,378
1323,314
1323,315
1323,318
1323,383
1323,83
1323,333
1323,338
1323,340
1323,342
1323,345
1323,352
1323,353
1323,238
1323,337
1323,354
1323,360
1323,364
1323,365
1323,368
1323,370
1323,310
1323,379
1323,391
1323,396
1323,397
1323,399
1323,117
1323,375
1323,73
1323,349
1323,99
1323,14
1323,251
1323,11
1323,305
1323,250
1323,258
1323,51
1323,89
1323,48
1323,388
1323,327
1323,184
1323,237
1323,255
1323,145
1323,304
1323,45
1323,118
1323,307
1323,240
1323,109
1323,209
1323,259
1323,254
1323,71
1323,4
1323,43
1323,355
1323,320
1323,139
1323,247
1323,111
1323,144
1323,341
1323,359
1323,288
1323,289
1323,323
1323,116
1323,393
1323,2
1323,218
1323,217
1323,321
1323,197
1323,332
1323,239
1323,84
1323,381
1323,189
1323,245
1323,351
1323,195
1323,201
1323,52
1323,222
1323,331
1323,178
1323,93
1323,125
1323,12
1323,344
1323,6
1323,395
1324,3
1324,160
1324,13
1324,17
1324,18
1324,21
1324,22
1324,25
1324,26
1324,28
1324,94
1324,29
1324,31
1324,33
1324,256
1324,34
1324,37
1324,38
1324,39
1324,42
1324,248
1324,57
1324,59
1324,72
1324,76
1324,78
1324,148
1324,79
1324,81
1324,90
1324,91
1324,92
1324,43
1324,93
1324,234
1324,112
1324,124
1324,98
1324,100
1324,104
1324,106
1324,108
1324,113
1324,119
1324,291
1324,120
1324,122
1324,123
1324,126
1324,127
1324,129
1324,130
1324,131
1324,284
1324,133
1324,134
1324,136
1324,286
1324,319
1324,101
1324,143
1324,53
1324,150
1324,156
1324,157
1324,158
1324,162
1324,163
1324,164
1324,166
1324,176
1324,177
1324,170
1324,188
1324,191
1324,193
1324,190
1324,194
1324,199
1324,202
1324,204
1324,207
1324,290
1324,210
1324,224
1324,35
1324,272
1324,229
1324,232
1324,58
1324,243
1324,246
1324,249
1324,200
1324,266
1324,273
1324,274
1324,356
1324,275
1324,280
1324,283
1324,293
1324,296
1324,299
1324,308
1324,309
1324,314
1324,315
1324,316
1324,318
1324,383
1324,334
1324,333
1324,345
1324,348
1324,252
1324,350
1324,195
1324,352
1324,353
1324,238
1324,337
1324,354
1324,358
1324,361
1324,364
1324,368
1324,310
1324,374
1324,379
1324,382
1324,381
1324,390
1324,391
1324,398
1324,397
1324,117
1324,375
1324,73
1324,349
1324,99
1324,14
1324,251
1324,11
1324,305
1324,322
1324,285
1324,250
1324,258
1324,68
1324,151
1324,365
1324,388
1324,236
1324,145
1324,103
1324,36
1324,16
1324,339
1324,118
1324,241
1324,307
1324,371
1324,340
1324,240
1324,109
1324,209
1324,259
1324,211
1324,111
1324,357
1324,247
1324,139
1324,185
1324,135
1324,141
1324,323
1324,183
1324,116
1324,24
1324,23
1324,306
1324,321
1324,197
1324,277
1324,278
1324,239
1324,84
1324,146
1324,154
1324,201
1324,52
1324,128
1324,222
1324,255
1324,12
1324,344
1324,380
1324,227
1324,395
1324,6
1325,3
1325,160
1325,28
1325,94
1325,29
1325,32
1325,33
1325,256
1325,38
1325,60
1325,59
1325,212
1325,78
1325,148
1325,85
1325,96
1325,97
1325,98
1325,107
1325,113
1325,126
1325,129
1325,366
1325,138
1325,319
1325,101
1325,147
1325,37
1325,53
1325,176
1325,177
1325,175
1325,171
1325,198
1325,216
1325,257
1325,266
1325,279
1325,280
1325,293
1325,83
1325,338
1325,346
1325,353
1325,238
1325,337
1325,379
1325,396
1325,73
1325,14
1325,371
1325,340
1325,240
1325,109
1325,209
1325,259
1325,211
1325,24
1325,23
1325,218
1325,217
1325,146
1327,0
1327,3
1327,160
1327,15
1327,19
1327,23
1327,22
1327,30
1327,173
1327,26
1327,28
1327,94
1327,29
1327,33
1327,256
1327,37
1327,42
1327,248
1327,57
1327,72
1327,78
1327,148
1327,80
1327,81
1327,85
1327,91
1327,92
1327,43
1327,124
1327,107
1327,113
1327,120
1327,123
1327,126
1327,127
1327,284
1327,366
1327,134
1327,136
1327,319
1327,101
1327,147
1327,53
1327,150
1327,158
1327,167
1327,177
1327,64
1327,66
1327,170
1327,182
1327,125
1327,190
1327,191
1327,216
1327,224
1327,225
1327,233
1327,184
1327,242
1327,263
1327,257
1327,266
1327,273
1327,274
1327,356
1327,279
1327,293
1327,297
1327,298
1327,299
1327,278
1327,301
1327,303
1327,311
1327,378
1327,314
1327,329
1327,330
1327,83
1327,338
1327,253
1327,346
1327,138
1327,348
1327,350
1327,195
1327,353
1327,238
1327,337
1327,360
1327,368
1327,137
1327,310
1327,376
1327,373
1327,379
1327,384
1327,385
1327,386
1327,391
1327,396
1327,397
1327,399
1327,73
1327,251
1327,11
1327,305
1327,252
1327,151
1327,365
1327,36
1327,339
1327,241
1327,371
1327,340
1327,240
1327,109
1327,209
1327,259
1327,254
1327,320
1327,323
1327,183
1327,321
1327,332
1327,277
1327,239
1327,115
1327,351
1327,9
1327,46
1327,222
1327,331
1327,265
1327,178
1327,93
1327,344
1332,22
1334,3
1334,160
1334,19
1334,21
1334,23
1334,25
1334,26
1334,28
1334,94
1334,29
1334,31
1334,32
1334,33
1334,256
1334,34
1334,37
1334,39
1334,40
1334,42
1334,60
1334,59
1334,69
1334,267
1334,72
1334,76
1334,212
1334,78
1334,148
1334,79
1334,80
1334,81
1334,90
1334,91
1334,92
1334,43
1334,124
1334,96
1334,107
1334,108
1334,113
1334,120
1334,122
1334,123
1334,126
1334,129
1334,130
1334,131
1334,284
1334,133
1334,134
1334,136
1334,286
1334,319
1334,101
1334,53
1334,156
1334,157
1334,158
1334,162
1334,176
1334,177
1334,64
1334,168
1334,170
1334,188
1334,190
1334,194
1334,198
1334,199
1334,202
1334,290
1334,210
1334,216
1334,224
1334,225
1334,35
1334,291
1334,229
1334,88
1334,253
1334,233
1334,243
1334,246
1334,249
1334,200
1334,261
1334,10
1334,266
1334,268
1334,269
1334,273
1334,274
1334,356
1334,293
1334,296
1334,297
1334,299
1334,301
1334,309
1334,311
1334,378
1334,314
1334,315
1334,317
1334,330
1334,334
1334,83
1334,333
1334,338
1334,340
1334,345
1334,348
1334,350
1334,195
1334,353
1334,238
1334,337
1334,354
1334,358
1334,360
1334,361
1334,364
1334,368
1334,370
1334,137
1334,310
1334,377
1334,376
1334,373
1334,379
1334,382
1334,381
1334,27
1334,385
1334,386
1334,389
1334,390
1334,391
1334,396
1334,398
1334,117
1334,73
1334,61
1334,14
1334,251
1334,11
1334,305
1334,285
1334,365
1334,262
1334,255
1334,55
1334,145
1334,304
1334,45
1334,240
1334,109
1334,209
1334,259
1334,254
1334,71
1334,211
1334,357
1334,247
1334,355
1334,5
1334,139
1334,359
1334,288
1334,289
1334,116
1334,141
1334,24
1334,306
1334,307
1334,227
1334,197
1334,258
1334,56
1334,277
1334,278
1334,239
1334,50
1334,84
1334,146
1334,86
1334,85
1334,222
1334,250
1334,363
1334,344
1335,3
1335,160
1335,7
1335,13
1335,21
1335,23
1335,22
1335,25
1335,26
1335,28
1335,94
1335,29
1335,32
1335,33
1335,256
1335,34
1335,37
1335,39
1335,42
1335,248
1335,57
1335,60
1335,59
1335,267
1335,72
1335,212
1335,78
1335,148
1335,79
1335,80
1335,81
1335,82
1335,85
1335,91
1335,92
1335,43
1335,234
1335,112
1335,124
1335,98
1335,100
1335,101
1335,107
1335,108
1335,113
1335,114
1335,344
1335,119
1335,291
1335,120
1335,123
1335,126
1335,127
1335,284
1335,134
1335,136
1335,319
1335,143
1335,147
1335,53
1335,150
1335,152
1335,156
1335,157
1335,161
1335,158
1335,163
1335,166
1335,176
1335,177
1335,64
1335,186
1335,187
1335,188
1335,191
1335,193
1335,194
1335,195
1335,198
1335,199
1335,202
1335,207
1335,290
1335,216
1335,224
1335,35
1335,326
1335,229
1335,88
1335,253
1335,231
1335,233
1335,58
1335,242
1335,246
1335,87
1335,261
1335,10
1335,265
1335,266
1335,273
1335,274
1335,356
1335,275
1335,276
1335,278
1335,280
1335,281
1335,292
1335,293
1335,295
1335,296
1335,299
1335,301
1335,303
1335,309
1335,311
1335,378
1335,314
1335,317
1335,316
1335,318
1335,383
1335,330
1335,337
1335,333
1335,338
1335,345
1335,353
1335,238
1335,354
1335,358
1335,362
1335,364
1335,368
1335,137
1335,372
1335,310
1335,374
1335,377
1335,376
1335,373
1335,379
1335,382
1335,381
1335,390
1335,391
1335,396
1335,397
1335,221
1335,117
1335,375
1335,61
1335,349
1335,99
1335,14
1335,251
1335,11
1335,250
1335,51
1335,255
1335,145
1335,304
1335,45
1335,36
1335,16
1335,241
1335,307
1335,371
1335,340
1335,235
1335,240
1335,109
1335,209
1335,259
1335,211
1335,1
1335,110
1335,111
1335,357
1335,247
1335,244
1335,5
1335,139
1335,144
1335,348
1335,71
1335,103
1335,179
1335,135
1335,323
1335,141
1335,24
1335,393
1335,218
1335,217
1335,332
1335,73
1335,277
1335,239
1335,50
1335,146
1335,394
1335,395
1335,154
1335,189
1335,245
1335,115
1335,351
1335,222
1335,214
1335,213
1335,128
1335,343
1335,6
1336,3
1336,160
1336,13
1336,15
1336,17
1336,18
1336,19
1336,20
1336,21
1336,22
1336,30
1336,28
1336,94
1336,29
1336,31
1336,33
1336,256
1336,34
1336,37
1336,39
1336,40
1336,248
1336,72
1336,76
1336,77
1336,212
1336,78
1336,148
1336,79
1336,80
1336,81
1336,93
1336,234
1336,112
1336,124
1336,96
1336,100
1336,107
1336,108
1336,113
1336,119
1336,291
1336,120
1336,121
1336,123
1336,126
1336,127
1336,130
1336,131
1336,284
1336,133
1336,366
1336,138
1336,286
1336,319
1336,101
1336,143
1336,147
1336,53
1336,150
1336,156
1336,157
1336,158
1336,162
1336,163
1336,164
1336,167
1336,176
1336,177
1336,65
1336,168
1336,49
1336,170
1336,174
1336,190
1336,198
1336,199
1336,204
1336,205
1336,206
1336,207
1336,210
1336,216
1336,224
1336,226
1336,88
1336,253
1336,232
1336,233
1336,242
1336,243
1336,246
1336,200
1336,266
1336,273
1336,274
1336,356
1336,276
1336,278
1336,281
1336,283
1336,296
1336,297
1336,298
1336,299
1336,300
1336,301
1336,309
1336,311
1336,378
1336,314
1336,315
1336,316
1336,325
1336,329
1336,330
1336,334
1336,83
1336,345
1336,346
1336,348
1336,252
1336,70
1336,350
1336,195
1336,353
1336,238
1336,337
1336,354
1336,358
1336,360
1336,361
1336,364
1336,368
1336,310
1336,374
1336,377
1336,376
1336,373
1336,379
1336,391
1336,396
1336,398
1336,397
1336,117
1336,375
1336,14
1336,251
1336,11
1336,305
1336,322
1336,285
1336,258
1336,51
1336,99
1336,388
1336,8
1336,221
1336,184
1336,237
1336,236
1336,103
1336,36
1336,16
1336,118
1336,241
1336,371
1336,340
1336,240
1336,109
1336,209
1336,259
1336,254
1336,43
1336,111
1336,244
1336,5
1336,139
1336,48
1336,135
1336,323
1336,183
1336,272
1336,321
1336,197
1336,56
1336,277
1336,239
1336,84
1336,217
1336,146
1336,86
1336,85
1336,154
1336,46
1336,222
1336,255
1336,344
1337,13
1337,19
1337,21
1337,23
1337,26
1337,28
1337,94
1337,29
1337,37
1337,39
1337,78
1337,148
1337,81
1337,234
1337,112
1337,97
1337,98
1337,107
1337,108
1337,113
1337,114
1337,344
1337,120
1337,123
1337,126
1337,319
1337,101
1337,147
1337,176
1337,177
1337,198
1337,224
1337,87
1337,253
1337,266
1337,274
1337,356
1337,280
1337,282
1337,335
1337,202
1337,293
1337,296
1337,299
1337,314
1337,83
1337,333
1337,345
1337,350
1337,195
1337,354
1337,368
1337,379
1337,396
1337,397
1337,117
1337,73
1337,14
1337,255
1337,36
1337,235
1337,240
1337,259
1337,256
1337,158
1337,211
1337,357
1337,247
1337,244
1337,139
1337,135
1337,393
1337,246
1337,84
1337,363
1337,3
1337,160
1337,18
1337,20
1337,22
1337,34
1337,38
1337,42
1337,59
1337,69
1337,72
1337,76
1337,212
1337,79
1337,91
1337,92
1337,43
1337,124
1337,96
1337,100
1337,104
1337,122
1337,127
1337,129
1337,131
1337,134
1337,138
1337,53
1337,156
1337,166
1337,167
1337,170
1337,182
1337,187
1337,188
1337,193
1337,190
1337,199
1337,205
1337,216
1337,35
1337,291
1337,272
1337,229
1337,88
1337,58
1337,243
1337,249
1337,200
1337,263
1337,260
1337,275
1337,276
1337,278
1337,283
1337,287
1337,292
1337,301
1337,330
1337,348
1337,252
1337,352
1337,358
1337,361
1337,364
1337,310
1337,374
1337,377
1337,382
1337,381
1337,391
1337,392
1337,398
1337,349
1337,99
1337,251
1337,11
1337,305
1337,285
1337,250
1337,258
1337,365
1337,8
1337,221
1337,184
1337,237
1337,103
1337,322
1337,339
1337,118
1337,109
1337,209
1337,254
1337,5
1337,323
1337,116
1337,306
1337,307
1337,321
1337,277
1337,239
1337,146
1337,154
1337,222
1337,380
803,18
803,22
803,28
803,94
803,37
803,78
803,148
803,107
803,114
803,344
803,126
803,284
803,319
803,101
803,142
803,147
803,53
803,177
803,66
803,168
803,199
803,233
803,266
803,268
803,293
803,317
803,348
803,353
803,113
803,238
803,337
803,360
803,361
803,370
803,137
803,396
803,61
803,220
803,240
803,109
803,209
803,327
803,393
803,347
803,85
803,298
803,325
921,32
921,126
921,319
921,101
921,152
921,158
921,177
921,64
921,206
921,207
921,210
921,242
921,266
921,273
921,337
921,354
921,27
921,396
921,262
921,241
921,371
921,340
921,200
921,24
921,23
921,56
921,46
921,77
921,198
921,83
921,253
921,388
921,199
968,3
968,160
968,25
968,32
968,37
968,72
968,107
968,113
968,152
968,158
968,177
968,64
968,199
968,290
968,242
968,261
968,10
968,264
968,266
968,273
968,293
968,299
968,314
968,354
968,27
968,396
968,220
968,219
968,4
968,355
968,56
968,50
968,207
342,2
342,3
342,160
342,20
342,21
342,23
342,26
342,29
342,33
342,256
342,248
342,57
342,62
342,212
342,78
342,148
342,80
342,98
342,106
342,107
342,113
342,123
342,130
342,132
342,286
342,319
342,101
342,143
342,147
342,37
342,158
342,163
342,176
342,177
342,64
342,66
342,175
342,171
342,188
342,195
342,198
342,199
342,207
342,210
342,224
342,35
342,291
342,232
342,240
342,242
342,263
342,153
342,266
342,273
342,297
342,300
342,314
342,315
342,83
342,137
342,27
342,391
342,398
342,251
342,11
342,285
342,68
342,51
342,220
342,255
342,36
342,16
342,241
342,371
342,340
342,109
342,209
342,259
342,211
342,139
342,151
342,24
342,192
342,351
342,9
342,214
342,213
342,128
342,45
342,222
342,395
910,284
910,167
910,175
910,171
910,224
910,226
910,268
910,269
910,89
910,48
910,135
910,151
910,9
910,222
156,23
156,26
156,293
156,379
156,219
1309,0
1309,3
1309,18
1309,23
1309,22
1309,28
1309,94
1309,39
1309,42
1309,77
1309,81
1309,96
1309,100
1309,107
1309,113
1309,127
1309,284
1309,319
1309,101
1309,53
1309,176
1309,177
1309,199
1309,206
1309,207
1309,233
1309,261
1309,10
1309,266
1309,273
1309,282
1309,335
1309,202
1309,283
1309,293
1309,294
1309,299
1309,311
1309,378
1309,83
1309,348
1309,350
1309,195
1309,360
1309,391
1309,396
1309,397
1309,375
1309,14
1309,252
1309,298
1309,55
1309,307
1309,259
1309,256
1309,135
1309,154
1309,246
1309,277
1309,278
1309,93
1309,115
1309,201
1309,52
1309,222
1309,208
1309,160
1309,37
1309,248
1309,212
1309,80
1309,142
1309,147
1309,158
1309,63
1309,64
1309,198
1309,242
1309,257
1309,279
1309,309
1309,376
1309,373
1309,27
1309,180
1309,255
1309,36
1309,276
1309,46
1309,328
1195,29
1195,37
1195,39
1195,248
1195,57
1195,59
1195,78
1195,148
1195,81
1195,124
1195,100
1195,107
1195,113
1195,114
1195,344
1195,119
1195,291
1195,126
1195,127
1195,130
1195,143
1195,147
1195,53
1195,177
1195,64
1195,49
1195,290
1195,224
1195,233
1195,266
1195,273
1195,274
1195,356
1195,350
1195,195
1195,372
1195,376
1195,373
1195,27
1195,396
1195,117
1195,14
1195,305
1195,371
1195,340
1195,154
1195,94
1195,4
1195,110
1195,244
1195,140
1195,368
1195,56
1195,343
1195,207
1195,222
415,22
415,28
415,94
415,33
415,256
415,105
415,107
415,319
415,101
415,147
415,37
415,53
415,165
415,177
415,207
415,264
415,266
415,268
415,282
415,335
415,202
415,293
415,313
415,312
415,361
415,368
415,396
415,73
415,298
415,36
415,240
415,109
415,148
415,209
415,259
415,170
415,227
415,158
415,201
415,52
415,358
415,363
415,299
316,3
316,160
316,23
316,22
316,28
316,94
316,37
316,39
316,248
316,54
316,78
316,148
316,80
316,81
316,96
316,107
316,113
316,123
316,319
316,101
316,147
316,53
316,157
316,158
316,176
316,177
316,198
316,199
316,210
316,294
316,231
316,233
316,266
316,271
316,369
316,273
316,274
316,356
316,280
316,325
316,334
316,83
316,368
316,376
316,373
316,379
316,396
316,251
316,11
316,181
316,236
316,145
316,304
316,45
316,241
316,371
316,340
316,357
316,247
316,109
316,324
316,137
316,197
316,14
316,46
316,344
1,57
1,212
1,107
1,113
1,126
1,319
1,101
1,147
1,37
1,53
1,152
1,177
1,198
1,266
1,273
1,314
1,316
1,352
1,137
1,377
1,379
1,396
1,220
1,219
1,71
1,72
1,149
1,189
1,245
1263,198
1263,266
1263,393
1263,347
1263,293
1263,116
902,3
902,160
902,17
902,23
902,26
902,32
902,33
902,256
902,37
902,40
902,42
902,75
902,60
902,267
902,72
902,77
902,79
902,80
902,85
902,107
902,113
902,120
902,123
902,126
902,284
902,133
902,319
902,101
902,143
902,147
902,53
902,152
902,158
902,177
902,178
902,63
902,64
902,66
902,169
902,175
902,171
902,198
902,199
902,202
902,207
902,210
902,88
902,253
902,232
902,233
902,242
902,87
902,200
902,257
902,266
902,273
902,293
902,296
902,299
902,278
902,301
902,314
902,330
902,83
902,337
902,352
902,353
902,238
902,354
902,364
902,365
902,368
902,137
902,379
902,27
902,389
902,390
902,391
902,396
902,399
902,117
902,73
902,387
902,61
902,14
902,305
902,388
902,220
902,262
902,219
902,118
902,371
902,340
902,240
902,109
902,148
902,209
902,259
902,320
902,24
902,393
902,218
902,217
902,332
902,56
902,239
902,146
902,394
902,395
902,189
902,245
902,351
902,195
902,46
902,149
902,6
1257,3
1257,160
1257,28
1257,94
1257,29
1257,248
1257,82
1257,91
1257,92
1257,43
1257,107
1257,131
1257,286
1257,143
1257,125
1257,194
1257,207
1257,215
1257,224
1257,231
1257,232
1257,153
1257,264
1257,265
1257,292
1257,205
1257,315
1257,338
1257,70
1257,377
1257,397
1257,220
1257,145
1257,227
1257,144
1257,393
1257,306
1257,307
1257,146
1257,118
1257,302
1257,228
1257,331
1257,1
173,3
173,160
173,7
173,22
173,28
173,94
173,33
173,256
173,34
173,75
173,212
173,91
173,92
173,43
173,107
173,113
173,127
173,319
173,101
173,147
173,37
173,53
173,177
173,170
173,182
173,198
173,215
173,224
173,231
173,233
173,87
173,253
173,266
173,281
173,293
173,309
173,360
173,310
173,374
173,377
173,396
173,397
173,73
173,240
173,109
173,148
173,209
173,259
173,336
173,218
173,217
173,332
173,351
173,195
962,0
962,3
962,23
962,26
962,38
962,79
962,85
962,90
962,107
962,126
962,152
962,207
962,266
962,293
962,295
962,314
962,330
962,337
962,352
962,353
962,113
962,238
962,354
962,137
962,379
962,396
962,399
962,285
962,355
962,227
962,158
962,56
769,3
769,160
769,13
769,28
769,94
769,39
769,78
769,148
769,81
769,107
769,113
769,114
769,344
769,133
769,319
769,101
769,177
769,188
769,224
769,233
769,266
769,274
769,356
769,298
769,313
769,312
769,315
769,346
769,138
769,379
769,396
769,397
769,305
769,170
769,393
769,158
769,222
1274,212
1274,142
1274,53
1274,303
1274,328
310,15
310,23
310,26
310,31
310,37
310,248
310,44
310,103
310,60
310,80
310,81
310,113
310,114
310,344
310,121
310,143
310,177
310,182
310,198
310,199
310,207
310,226
310,273
310,274
310,356
310,293
310,299
310,314
310,83
310,340
310,253
310,345
310,354
310,361
310,368
310,137
310,379
310,375
310,73
310,14
310,181
310,220
310,254
310,110
310,183
310,393
310,99
310,222
970,3
970,160
970,20
970,22
970,30
970,32
970,81
970,120
970,130
970,284
970,319
970,101
970,147
970,37
970,156
970,177
970,191
970,205
970,232
970,233
970,266
970,297
970,353
970,113
970,238
970,337
970,360
970,396
970,398
970,304
970,45
970,235
970,94
970,110
970,244
970,323
970,277
970,278
970,201
970,52
970,178
970,93
970,344
371,15
371,18
371,29
371,32
371,81
371,107
371,113
371,114
371,344
371,121
371,122
371,126
371,127
371,130
371,319
371,101
371,167
371,177
371,233
371,260
371,266
371,274
371,356
371,296
371,311
371,378
371,70
371,354
371,368
371,137
371,379
371,396
371,117
371,14
371,298
371,240
371,109
371,148
371,209
371,259
371,256
371,72
371,158
371,123
371,1
371,83
371,139
371,135
371,315
371,393
371,50
371,351
371,195
371,222
138,23
138,284
138,198
138,210
138,293
138,314
138,137
138,61
138,104
138,371
138,340
138,341
815,61
137,60
137,78
137,148
137,81
137,113
137,177
137,198
137,230
137,264
137,266
137,282
137,335
137,202
137,314
137,83
137,337
137,368
137,14
137,99
137,319
137,1
1198,2
1198,3
1198,160
1198,25
1198,29
1198,33
1198,256
1198,34
1198,37
1198,42
1198,248
1198,72
1198,80
1198,81
1198,101
1198,107
1198,113
1198,114
1198,344
1198,123
1198,126
1198,136
1198,319
1198,147
1198,150
1198,158
1198,159
1198,177
1198,64
1198,242
1198,257
1198,266
1198,273
1198,294
1198,354
1198,379
1198,391
1198,396
1198,285
1198,250
1198,36
1198,16
1198,241
1198,371
1198,340
1198,94
1198,1
1198,183
1198,45
1198,222
96,0
96,3
96,23
96,25
96,32
96,63
96,198
96,266
96,295
96,337
96,350
96,195
96,368
96,379
96,391
96,396
96,60
96,262
249,26
249,29
249,31
249,42
249,113
249,114
249,344
249,53
249,177
249,63
249,207
249,266
249,314
249,83
249,353
249,238
249,337
249,354
249,364
249,368
249,137
249,379
249,396
249,387
249,14
249,393
249,56
249,351
249,195
835,3
835,160
835,15
835,23
835,26
835,33
835,256
835,60
835,107
835,133
835,319
835,101
835,142
835,53
835,170
835,198
835,207
835,215
835,230
835,266
835,268
835,271
835,369
835,279
835,293
835,303
835,313
835,312
835,314
835,337
835,348
835,352
835,361
835,379
835,396
835,236
835,298
835,341
835,36
835,240
835,109
835,148
835,209
835,259
835,185
835,158
835,327
835,325
835,1
767,3
767,160
767,23
767,29
767,31
767,60
767,97
767,126
767,177
767,188
767,207
767,230
767,266
767,314
767,330
767,333
767,83
767,337
767,354
767,361
767,137
767,379
767,396
767,14
767,236
767,219
767,254
767,197
380,0
380,3
380,28
380,94
380,32
380,42
380,62
380,265
380,330
380,85
380,107
380,113
380,114
380,344
380,133
380,319
380,101
380,53
380,177
380,198
380,264
380,266
380,279
380,292
380,293
380,299
380,313
380,312
380,314
380,396
380,73
380,16
380,120
380,127
380,359
380,288
380,289
380,218
380,217
380,158
380,277
380,278
380,331
68,0
68,3
68,160
68,17
68,28
68,94
68,29
68,32
68,40
68,101
68,105
68,104
68,107
68,311
68,113
68,319
68,53
68,152
68,177
68,123
68,168
68,194
68,198
68,205
68,207
68,224
68,266
68,274
68,356
68,296
68,329
68,83
68,337
68,354
68,368
68,379
68,396
68,387
68,14
68,388
68,341
68,235
68,4
68,110
68,141
68,222
842,18
842,107
842,175
842,171
842,269
842,396
842,115
842,222
1029,3
1029,160
1029,32
1029,37
1029,39
1029,77
1029,78
1029,148
1029,81
1029,107
1029,113
1029,126
1029,319
1029,101
1029,143
1029,158
1029,159
1029,176
1029,177
1029,63
1029,64
1029,66
1029,198
1029,207
1029,210
1029,225
1029,226
1029,242
1029,263
1029,261
1029,10
1029,266
1029,273
1029,83
1029,353
1029,238
1029,337
1029,354
1029,396
1029,181
1029,184
1029,237
1029,236
1029,241
1029,235
1029,139
1029,183
1029,393
1029,56
1029,394
1029,395
1029,115
1029,344
1130,0
597,3
597,160
597,17
597,18
597,19
597,21
597,22
597,28
597,94
597,29
597,31
597,33
597,256
597,34
597,37
597,39
597,42
597,248
597,54
597,72
597,77
597,212
597,78
597,148
597,80
597,81
597,91
597,92
597,43
597,234
597,112
597,96
597,100
597,104
597,107
597,113
597,120
597,122
597,123
597,126
597,130
597,284
597,134
597,319
597,101
597,143
597,147
597,158
597,176
597,177
597,64
597,170
597,188
597,191
597,193
597,194
597,195
597,198
597,199
597,202
597,203
597,210
597,216
597,224
597,88
597,253
597,232
597,242
597,249
597,200
597,264
597,265
597,266
597,273
597,274
597,356
597,275
597,280
597,293
597,294
597,296
597,299
597,301
597,315
597,330
597,83
597,338
597,348
597,353
597,238
597,337
597,358
597,364
597,368
597,310
597,374
597,376
597,373
597,379
597,27
597,391
597,392
597,396
597,398
597,397
597,117
597,73
597,349
597,99
597,14
597,285
597,252
597,258
597,89
597,48
597,8
597,221
597,304
597,45
597,36
597,16
597,241
597,371
597,340
597,259
597,4
597,110
597,111
597,357
597,247
597,244
597,5
597,139
597,151
597,393
597,2
597,197
597,239
597,50
597,351
597,9
597,201
597,52
597,214
597,213
597,128
597,343
597,222
597,255
597,12
597,344
412,254
412,324
412,137
412,393
412,227
412,347
412,293
740,0
740,108
740,142
740,203
740,297
740,236
378,28
378,94
378,113
378,114
378,344
378,127
378,319
378,101
378,177
378,274
378,356
378,354
378,117
378,14
378,147
378,123
378,393
378,222
700,3
700,160
700,17
700,18
700,22
700,26
700,28
700,94
700,32
700,33
700,256
700,39
700,77
700,212
700,78
700,148
700,96
700,107
700,113
700,114
700,344
700,120
700,123
700,284
700,319
700,101
700,147
700,37
700,53
700,150
700,156
700,165
700,176
700,177
700,192
700,194
700,198
700,206
700,207
700,342
700,231
700,232
700,233
700,266
700,283
700,287
700,293
700,311
700,378
700,314
700,334
700,83
700,337
700,333
700,340
700,352
700,353
700,238
700,358
700,364
700,368
700,374
700,391
700,396
700,398
700,397
700,117
700,349
700,99
700,14
700,285
700,255
700,241
700,254
700,71
700,110
700,244
700,140
700,119
700,200
700,135
700,118
700,393
700,197
700,126
700,158
700,56
700,84
700,109
700,1
700,327
700,325
171,198
171,61
171,145
171,347
171,293
1338,3
1338,160
1338,15
1338,20
1338,21
1338,23
1338,173
1338,28
1338,94
1338,29
1338,32
1338,37
1338,39
1338,248
1338,57
1338,80
1338,81
1338,234
1338,112
1338,101
1338,107
1338,113
1338,114
1338,344
1338,121
1338,123
1338,126
1338,132
1338,133
1338,319
1338,140
1338,143
1338,147
1338,53
1338,150
1338,158
1338,163
1338,165
1338,167
1338,177
1338,64
1338,194
1338,195
1338,198
1338,199
1338,207
1338,210
1338,225
1338,233
1338,200
1338,260
1338,264
1338,266
1338,273
1338,274
1338,356
1338,279
1338,280
1338,293
1338,296
1338,298
1338,299
1338,311
1338,378
1338,314
1338,318
1338,383
1338,83
1338,333
1338,345
1338,350
1338,353
1338,238
1338,337
1338,354
1338,358
1338,360
1338,364
1338,368
1338,137
1338,376
1338,373
1338,27
1338,389
1338,390
1338,391
1338,396
1338,398
1338,397
1338,117
1338,375
1338,387
1338,285
1338,250
1338,220
1338,236
1338,16
1338,241
1338,307
1338,371
1338,340
1338,240
1338,109
1338,148
1338,209
1338,259
1338,256
1338,211
1338,111
1338,5
1338,127
1338,135
1338,183
1338,47
1338,393
1338,149
1338,197
1338,14
1338,339
1338,154
1338,189
1338,245
1338,351
1338,46
1338,128
1338,222
1338,331
1338,265
1338,6
1338,395
963,28
963,94
963,81
963,107
963,113
963,127
963,152
963,177
963,266
963,296
963,350
963,195
963,354
963,368
963,310
963,14
963,4
963,3
963,315
963,393
963,50
963,222
350,38
350,248
350,212
350,85
350,104
350,177
350,224
350,242
350,273
350,301
350,372
350,392
350,371
350,340
350,101
350,50
350,214
350,213
350,319
350,194
350,293
350,314
350,350
350,195
350,137
350,322
350,285
350,341
350,347
141,85
141,114
141,344
141,177
141,266
141,282
141,335
141,202
141,358
141,396
141,347
141,293
639,3
639,160
639,19
639,25
639,28
639,94
639,29
639,32
639,33
639,256
639,37
639,38
639,40
639,42
639,248
639,75
639,60
639,59
639,62
639,67
639,267
639,72
639,78
639,148
639,79
639,81
639,85
639,234
639,112
639,107
639,113
639,123
639,126
639,129
639,284
639,319
639,101
639,147
639,53
639,150
639,152
639,156
639,164
639,177
639,65
639,175
639,171
639,188
639,198
639,199
639,202
639,205
639,207
639,224
639,272
639,342
639,231
639,58
639,243
639,87
639,253
639,257
639,261
639,10
639,264
639,266
639,274
639,356
639,276
639,278
639,280
639,293
639,295
639,296
639,299
639,301
639,309
639,311
639,378
639,314
639,318
639,383
639,330
639,338
639,70
639,350
639,195
639,353
639,238
639,337
639,354
639,358
639,360
639,364
639,368
639,372
639,377
639,376
639,373
639,390
639,391
639,392
639,395
639,396
639,397
639,117
639,14
639,251
639,11
639,305
639,250
639,255
639,241
639,235
639,240
639,109
639,209
639,259
639,110
639,247
639,111
639,120
639,1
639,135
639,141
639,218
639,217
639,332
639,73
639,56
639,86
639,189
639,245
639,351
639,9
639,201
639,52
639,222
639,344
639,6
1167,319
1167,101
1167,177
1167,314
1167,118
1167,9
711,13
711,21
711,26
711,29
711,37
711,39
711,248
711,78
711,148
711,81
711,234
711,112
711,98
711,100
711,108
711,113
711,120
711,319
711,101
711,147
711,158
711,176
711,177
711,64
711,195
711,198
711,210
711,224
711,266
711,273
711,280
711,299
711,314
711,315
711,345
711,354
711,376
711,373
711,379
711,396
711,117
711,14
711,255
711,371
711,340
711,259
711,256
711,4
711,111
711,356
711,99
711,344
711,395
1308,3
1308,160
1308,15
1308,18
1308,22
1308,25
1308,28
1308,94
1308,37
1308,69
1308,81
1308,100
1308,107
1308,113
1308,142
1308,177
1308,175
1308,171
1308,199
1308,233
1308,261
1308,10
1308,266
1308,269
1308,276
1308,278
1308,282
1308,335
1308,202
1308,283
1308,293
1308,299
1308,301
1308,303
1308,83
1308,70
1308,360
1308,391
1308,396
1308,305
1308,55
1308,240
1308,109
1308,148
1308,209
1308,323
1308,93
1308,298
1308,208
1308,198
479,2
479,3
479,160
479,23
479,26
479,32
479,33
479,256
479,37
479,42
479,60
479,72
479,81
479,82
479,85
479,90
479,96
479,107
479,113
479,120
479,123
479,126
479,130
479,284
479,133
479,134
479,319
479,101
479,143
479,147
479,53
479,152
479,158
479,166
479,177
479,63
479,66
479,175
479,171
479,195
479,196
479,198
479,199
479,207
479,210
479,242
479,261
479,10
479,266
479,273
479,293
479,299
479,314
479,253
479,350
479,352
479,353
479,238
479,337
479,354
479,379
479,27
479,385
479,386
479,396
479,399
479,117
479,61
479,285
479,181
479,220
479,255
479,227
479,241
479,259
479,211
479,94
479,1
479,4
479,71
479,183
479,24
479,393
479,149
479,258
479,189
479,245
479,46
479,328
479,344
99,2
99,3
99,160
99,22
99,28
99,94
99,29
99,33
99,256
99,37
99,40
99,42
99,248
99,44
99,103
99,54
99,62
99,267
99,72
99,77
99,212
99,78
99,148
99,81
99,85
99,96
99,100
99,101
99,107
99,113
99,123
99,126
99,129
99,130
99,284
99,134
99,319
99,143
99,147
99,53
99,152
99,158
99,159
99,177
99,64
99,65
99,49
99,174
99,175
99,171
99,186
99,187
99,191
99,194
99,196
99,199
99,203
99,204
99,205
99,207
99,232
99,233
99,242
99,249
99,265
99,266
99,273
99,279
99,287
99,293
99,294
99,295
99,296
99,298
99,299
99,278
99,300
99,308
99,309
99,314
99,325
99,83
99,338
99,354
99,360
99,364
99,368
99,137
99,372
99,376
99,373
99,379
99,27
99,384
99,390
99,391
99,396
99,398
99,397
99,399
99,117
99,73
99,387
99,14
99,388
99,155
99,55
99,219
99,36
99,16
99,118
99,241
99,371
99,340
99,259
99,144
99,48
99,341
99,359
99,288
99,289
99,336
99,151
99,116
99,393
99,332
99,277
99,239
99,146
99,351
99,195
99,214
99,213
99,145
99,222
99,327
99,344
99,380
500,198
500,109
500,102
135,7
135,173
135,29
135,31
135,33
135,256
135,34
135,37
135,69
135,77
135,78
135,148
135,90
135,105
135,113
135,126
135,130
135,284
135,133
135,147
135,53
135,177
135,63
135,170
135,175
135,171
135,207
135,215
135,35
135,291
135,233
135,266
135,268
135,274
135,356
135,293
135,295
135,296
135,313
135,312
135,314
135,315
135,316
135,325
135,329
135,83
135,337
135,342
135,70
135,353
135,238
135,354
135,360
135,364
135,368
135,385
135,386
135,396
135,73
135,14
135,369
135,51
135,220
135,139
135,202
135,135
135,319
135,24
135,23
135,393
135,149
135,277
135,278
135,239
135,351
135,195
135,344
758,173
758,113
758,114
758,344
758,319
758,101
758,177
758,198
758,224
758,225
758,233
758,266
758,274
758,356
758,314
758,396
758,24
758,23
758,1
773,37
773,63
773,198
773,314
773,73
66,3
66,160
66,18
66,30
66,25
66,28
66,94
66,33
66,256
66,37
66,42
66,267
66,72
66,77
66,78
66,148
66,81
66,85
66,234
66,112
66,100
66,107
66,311
66,113
66,123
66,126
66,127
66,319
66,101
66,147
66,150
66,159
66,167
66,177
66,175
66,171
66,196
66,206
66,290
66,225
66,184
66,87
66,253
66,264
66,266
66,274
66,356
66,279
66,293
66,294
66,296
66,299
66,378
66,314
66,337
66,358
66,364
66,368
66,310
66,391
66,396
66,181
66,255
66,158
66,2
66,135
66,56
66,394
66,395
66,201
66,52
66,222
66,344
980,15
980,20
980,22
980,30
980,173
980,28
980,94
980,37
980,248
980,57
980,72
980,80
980,81
980,124
980,100
980,107
980,113
980,114
980,344
980,121
980,132
980,133
980,136
980,319
980,101
980,140
980,143
980,158
980,167
980,177
980,64
980,49
980,195
980,199
980,206
980,207
980,290
980,233
980,87
980,253
980,266
980,273
980,281
980,296
980,298
980,314
980,83
980,333
980,345
980,350
980,353
980,238
980,337
980,354
980,368
980,310
980,379
980,389
980,390
980,396
980,398
980,397
980,117
980,375
980,68
980,371
980,340
980,259
980,256
980,211
980,14
980,5
980,135
980,393
980,197
980,395
980,394
980,1
980,222
149,132
149,198
149,210
149,314
149,137
149,104
149,371
149,340
149,101
149,212
149,363
149,299
499,3
499,160
499,23
499,25
499,37
499,38
499,60
499,72
499,85
499,101
499,113
499,120
499,126
499,131
499,284
499,319
499,142
499,158
499,177
499,63
499,64
499,195
499,198
499,199
499,202
499,207
499,210
499,242
499,266
499,269
499,273
499,293
499,295
499,299
499,314
499,317
499,83
499,337
499,70
499,353
499,238
499,354
499,361
499,368
499,137
499,379
499,27
499,385
499,386
499,396
499,73
499,339
499,371
499,340
499,240
499,109
499,148
499,209
499,1
499,24
499,56
499,264
499,189
499,245
499,149
499,328
10,2
10,3
10,160
10,18
10,23
10,22
10,28
10,94
10,29
10,33
10,256
10,37
10,40
10,42
10,248
10,62
10,69
10,72
10,212
10,78
10,148
10,80
10,81
10,85
10,124
10,96
10,107
10,113
10,123
10,126
10,127
10,130
10,284
10,319
10,101
10,143
10,147
10,53
10,161
10,158
10,177
10,64
10,66
10,169
10,174
10,191
10,194
10,196
10,198
10,202
10,205
10,206
10,207
10,231
10,233
10,242
10,153
10,261
10,10
10,266
10,273
10,279
10,293
10,294
10,295
10,300
10,301
10,309
10,314
10,317
10,316
10,325
10,338
10,348
10,354
10,360
10,137
10,372
10,310
10,377
10,376
10,373
10,379
10,27
10,396
10,285
10,51
10,236
10,36
10,241
10,371
10,340
10,240
10,109
10,209
10,259
10,4
10,355
10,71
10,336
10,183
10,47
10,393
10,332
10,73
10,239
10,214
10,213
10,46
10,45
10,298
10,222
10,59
10,270
10,82
10,100
10,129
10,134
10,49
10,175
10,171
10,199
10,210
10,257
10,265
10,308
10,253
10,397
10,255
10,55
10,118
10,24
10,128
10,302
10,228
1134,3
1134,160
1134,23
1134,42
1134,248
1134,54
1134,72
1134,113
1134,120
1134,319
1134,101
1134,143
1134,147
1134,37
1134,152
1134,158
1134,177
1134,198
1134,207
1134,210
1134,242
1134,261
1134,10
1134,266
1134,273
1134,293
1134,299
1134,301
1134,314
1134,238
1134,27
1134,220
1134,262
1134,371
1134,340
1134,71
1134,24
1134,393
1134,222
1134,149
447,135
447,298
447,236
744,3
744,160
744,17
744,19
744,22
744,62
744,72
744,78
744,85
744,234
744,112
744,123
744,53
744,177
744,198
744,202
744,233
744,296
744,299
744,301
744,309
744,314
744,83
744,333
744,340
744,374
744,377
744,117
744,285
744,95
744,103
744,322
744,357
744,247
744,277
744,278
744,222
256,0
256,3
256,17
256,18
256,26
256,28
256,94
256,104
256,107
256,113
256,319
256,101
256,152
256,177
256,168
256,194
256,207
256,224
256,233
256,266
256,274
256,356
256,296
256,83
256,337
256,354
256,360
256,379
256,396
256,387
256,14
256,235
256,254
256,4
256,141
256,222
256,1
279,314
279,104
279,101
279,319
279,212
149,82
149,165
149,190
149,194
149,199
149,379
149,118
149,320
149,347
149,293
592,3
592,160
592,15
592,29
592,33
592,256
592,42
592,248
592,267
592,80
592,81
592,82
592,85
592,96
592,113
592,114
592,344
592,126
592,319
592,101
592,147
592,37
592,53
592,161
592,158
592,177
592,195
592,198
592,205
592,231
592,242
592,257
592,266
592,273
592,291
592,294
592,299
592,314
592,83
592,253
592,360
592,368
592,372
592,377
592,27
592,396
592,117
592,375
592,251
592,11
592,285
592,250
592,241
592,371
592,340
592,235
592,259
592,1
592,189
592,245
592,115
592,207
592,222
592,178
592,93
564,0
564,3
564,15
564,17
564,18
564,23
564,30
564,28
564,94
564,33
564,256
564,59
564,78
564,148
564,105
564,107
564,113
564,131
564,133
564,319
564,101
564,143
564,53
564,152
564,176
564,170
564,182
564,215
564,225
564,226
564,326
564,233
564,266
564,278
564,313
564,312
564,314
564,83
564,348
564,350
564,195
564,353
564,238
564,337
564,360
564,370
564,137
564,396
564,180
564,223
564,120
564,24
564,158
564,1
564,395
1017,173
1017,33
1017,256
1017,105
1017,107
1017,133
1017,319
1017,101
1017,176
1017,233
1017,360
1017,73
1017,110
1017,147
1017,277
1017,278
894,0
894,3
894,23
894,26
894,33
894,256
894,44
894,103
894,270
894,67
894,91
894,92
894,43
894,100
894,113
894,122
894,127
894,284
894,138
894,319
894,101
894,177
894,192
894,194
894,198
894,203
894,215
894,224
894,226
894,88
894,253
894,294
894,249
894,87
894,257
894,261
894,10
894,266
894,269
894,274
894,356
894,276
894,278
894,293
894,296
894,297
894,314
894,316
894,70
894,361
894,362
894,137
894,379
894,382
894,381
894,396
894,181
894,250
894,1
894,355
894,318
894,151
894,38
894,50
894,394
894,395
894,150
894,2
894,251
894,380
812,20
812,81
812,124
812,114
812,344
812,126
812,319
812,101
812,167
812,207
812,112
812,232
812,233
812,266
812,333
812,253
812,354
812,368
812,398
812,397
812,117
812,375
812,140
812,139
812,393
812,197
812,14
812,121
470,3
470,160
470,7
470,23
470,22
470,25
470,26
470,28
470,94
470,32
470,33
470,256
470,34
470,37
470,42
470,60
470,270
470,69
470,72
470,212
470,78
470,148
470,79
470,81
470,85
470,90
470,93
470,107
470,108
470,113
470,120
470,123
470,126
470,129
470,284
470,136
470,319
470,101
470,142
470,143
470,147
470,53
470,150
470,152
470,158
470,166
470,177
470,63
470,66
470,170
470,175
470,171
470,194
470,195
470,196
470,198
470,199
470,202
470,204
470,205
470,207
470,215
470,88
470,253
470,232
470,242
470,243
470,87
470,200
470,261
470,10
470,264
470,265
470,266
470,273
470,274
470,356
470,282
470,335
470,293
470,294
470,295
470,299
470,301
470,303
470,309
470,314
470,317
470,318
470,383
470,330
470,83
470,73
470,337
470,338
470,350
470,352
470,353
470,238
470,354
470,362
470,137
470,372
470,377
470,379
470,27
470,392
470,396
470,399
470,117
470,14
470,285
470,151
470,155
470,220
470,219
470,16
470,339
470,241
470,235
470,240
470,109
470,209
470,259
470,71
470,110
470,355
470,336
470,324
470,24
470,332
470,56
470,239
470,189
470,245
470,351
470,214
470,213
470,128
470,344
470,227
671,3
671,160
671,81
671,107
671,123
671,203
671,266
671,396
1111,3
1111,160
1111,15
1111,18
1111,23
1111,22
1111,25
1111,32
1111,75
1111,59
1111,270
1111,62
1111,72
1111,212
1111,107
1111,113
1111,130
1111,134
1111,319
1111,101
1111,53
1111,66
1111,170
1111,175
1111,171
1111,198
1111,199
1111,207
1111,233
1111,266
1111,293
1111,299
1111,309
1111,318
1111,383
1111,70
1111,350
1111,195
1111,360
1111,385
1111,386
1111,396
1111,73
1111,55
1111,172
1111,239
1111,86
1111,85
1111,255
1175,3
1175,160
1175,23
1175,25
1175,26
1175,32
1175,34
1175,37
1175,42
1175,60
1175,72
1175,212
1175,107
1175,113
1175,120
1175,126
1175,284
1175,138
1175,319
1175,101
1175,147
1175,53
1175,152
1175,164
1175,177
1175,174
1175,198
1175,202
1175,207
1175,35
1175,291
1175,88
1175,253
1175,58
1175,266
1175,282
1175,335
1175,293
1175,301
1175,314
1175,83
1175,352
1175,353
1175,238
1175,337
1175,137
1175,379
1175,396
1175,117
1175,73
1175,220
1175,240
1175,109
1175,148
1175,209
1175,56
1175,50
1175,146
1175,154
1175,295
1175,344
257,77
257,266
257,83
257,370
257,396
257,184
257,237
303,22
303,42
303,270
303,122
303,175
303,171
303,87
303,253
303,293
303,379
303,382
303,381
303,249
303,102
536,3
536,160
536,19
536,23
536,26
536,28
536,94
536,29
536,32
536,33
536,256
536,37
536,38
536,42
536,44
536,103
536,60
536,267
536,72
536,77
536,78
536,148
536,79
536,80
536,81
536,85
536,90
536,124
536,107
536,108
536,113
536,120
536,123
536,126
536,127
536,284
536,134
536,136
536,138
536,319
536,101
536,142
536,143
536,147
536,53
536,150
536,152
536,158
536,176
536,177
536,63
536,64
536,174
536,192
536,194
536,195
536,198
536,199
536,202
536,204
536,206
536,207
536,210
536,215
536,230
536,88
536,253
536,242
536,200
536,264
536,266
536,268
536,273
536,274
536,356
536,282
536,335
536,287
536,293
536,294
536,295
536,296
536,299
536,301
536,314
536,317
536,330
536,83
536,337
536,333
536,338
536,352
536,353
536,238
536,354
536,358
536,360
536,361
536,364
536,368
536,137
536,379
536,27
536,391
536,396
536,399
536,117
536,73
536,61
536,14
536,258
536,89
536,48
536,365
536,220
536,255
536,219
536,118
536,227
536,371
536,340
536,240
536,109
536,209
536,259
536,211
536,24
536,149
536,321
536,56
536,50
536,146
536,394
536,395
536,351
536,46
536,288
536,326
536,344
1321,270
1330,297
1117,18
125,0
125,3
125,107
125,266
125,396
1330,266
999,29
999,113
999,126
999,147
999,177
999,203
999,326
999,87
999,253
999,261
999,10
999,282
999,335
999,202
999,287
999,83
999,354
999,368
999,310
999,398
999,358
999,151
999,56
999,285
999,363
1228,79
1228,107
1228,126
1228,319
1228,101
1228,53
1228,152
1228,207
1228,266
1228,314
1228,350
1228,195
1228,368
1228,396
1228,73
1228,24
1228,23
1228,393
1272,3
1272,160
1272,26
1272,248
1272,57
1272,234
1272,112
1272,107
1272,138
1272,319
1272,101
1272,143
1272,158
1272,177
1272,198
1272,210
1272,58
1272,266
1272,273
1272,379
1272,396
1272,398
1272,397
1272,251
1272,11
1272,250
1272,241
1272,371
1272,340
1272,151
559,23
559,212
559,311
559,152
559,165
559,194
559,198
559,204
559,73
622,22
622,26
622,33
622,256
622,37
622,270
622,72
622,265
622,330
622,78
622,148
622,85
622,107
622,132
622,133
622,319
622,101
622,143
622,147
622,53
622,158
622,159
622,177
622,64
622,49
622,175
622,171
622,198
622,233
622,266
622,269
622,282
622,335
622,202
622,293
622,314
622,333
622,352
622,354
622,360
622,379
622,396
622,298
622,371
622,340
622,240
622,4
622,3
622,355
622,144
622,1
622,120
622,359
622,288
622,289
622,239
622,46
622,363
622,299
280,22
280,26
280,28
280,94
280,270
280,212
280,80
280,124
280,96
280,107
280,126
280,319
280,101
280,142
280,65
280,192
280,203
280,326
280,184
280,242
280,266
280,287
280,309
280,313
280,312
280,314
280,325
280,340
280,376
280,373
280,379
280,396
280,399
280,60
280,181
280,89
280,48
280,16
280,371
280,4
280,3
280,158
280,123
280,301
280,327
1037,81
586,198
586,266
586,396
990,37
990,78
990,148
990,113
990,114
990,344
990,284
990,147
990,177
990,207
990,266
990,274
990,356
990,398
990,117
990,123
990,259
990,256
990,211
990,135
644,3
644,160
644,17
644,19
644,21
644,22
644,28
644,94
644,29
644,32
644,33
644,256
644,34
644,37
644,38
644,40
644,41
644,42
644,248
644,75
644,60
644,59
644,62
644,67
644,267
644,72
644,212
644,78
644,148
644,79
644,81
644,85
644,234
644,112
644,106
644,107
644,108
644,113
644,123
644,126
644,127
644,129
644,131
644,284
644,134
644,136
644,319
644,101
644,147
644,53
644,150
644,152
644,156
644,158
644,164
644,165
644,166
644,177
644,64
644,65
644,170
644,175
644,171
644,193
644,198
644,199
644,202
644,203
644,205
644,207
644,290
644,35
644,291
644,272
644,342
644,232
644,233
644,58
644,243
644,87
644,253
644,257
644,261
644,10
644,264
644,266
644,273
644,274
644,356
644,276
644,278
644,280
644,293
644,295
644,296
644,299
644,301
644,309
644,311
644,378
644,314
644,318
644,383
644,330
644,337
644,338
644,340
644,343
644,70
644,350
644,195
644,353
644,238
644,354
644,358
644,360
644,364
644,368
644,372
644,310
644,377
644,376
644,373
644,390
644,391
644,392
644,395
644,396
644,398
644,397
644,117
644,14
644,251
644,11
644,305
644,285
644,250
644,258
644,388
644,155
644,255
644,36
644,16
644,241
644,240
644,109
644,209
644,259
644,211
644,320
644,247
644,111
644,120
644,25
644,135
644,141
644,393
644,218
644,217
644,332
644,73
644,56
644,84
644,149
644,86
644,189
644,245
644,351
644,9
644,201
644,52
644,222
644,344
644,6
348,0
348,3
348,160
348,23
348,28
348,94
348,37
348,212
348,79
348,81
348,85
348,100
348,107
348,113
348,284
348,134
348,319
348,101
348,152
348,158
348,177
348,198
348,206
348,264
348,266
348,293
348,330
348,83
348,352
348,353
348,238
348,337
348,362
348,137
348,372
348,385
348,386
348,396
348,398
348,399
348,73
348,36
348,211
348,357
348,247
348,359
348,288
348,289
348,151
348,13
348,29
348,248
348,72
348,77
348,78
348,148
348,80
348,96
348,102
348,123
348,126
348,143
348,147
348,53
348,150
348,157
348,176
348,64
348,199
348,205
348,290
348,210
348,216
348,224
348,242
348,87
348,253
348,273
348,274
348,356
348,280
348,296
348,299
348,314
348,350
348,195
348,354
348,376
348,373
348,379
348,27
348,391
348,14
348,251
348,11
348,285
348,241
348,371
348,340
348,240
348,109
348,209
348,259
348,256
348,287
348,111
348,244
348,179
348,197
348,217
348,99
348,115
348,128
348,222
348,2
348,344
348,395
301,0
301,3
301,160
301,23
301,26
301,33
301,256
301,37
301,42
301,75
301,59
301,270
301,62
301,67
301,212
301,91
301,92
301,43
301,100
301,107
301,113
301,122
301,123
301,126
301,127
301,284
301,134
301,138
301,319
301,101
301,147
301,150
301,167
301,177
301,194
301,198
301,203
301,216
301,224
301,225
301,226
301,88
301,253
301,294
301,58
301,246
301,249
301,87
301,257
301,261
301,10
301,266
301,274
301,356
301,276
301,278
301,282
301,335
301,202
301,293
301,296
301,297
301,299
301,301
301,303
301,314
301,316
301,330
301,338
301,70
301,352
301,353
301,238
301,337
301,361
301,362
301,137
301,372
301,310
301,377
301,379
301,382
301,381
301,385
301,386
301,396
301,181
301,95
301,250
301,8
301,221
301,219
301,259
301,1
301,4
301,355
301,318
301,151
301,38
301,50
301,394
301,395
301,86
301,85
301,9
301,222
301,2
301,251
301,380
1029,114
1029,315
1029,123
1029,14
1029,109
1029,222
247,93
247,170
356,3
356,160
356,15
356,18
356,22
356,28
356,94
356,248
356,57
356,270
356,212
356,80
356,81
356,85
356,124
356,100
356,107
356,113
356,126
356,286
356,142
356,147
356,37
356,53
356,158
356,177
356,64
356,66
356,175
356,171
356,233
356,242
356,266
356,273
356,279
356,293
356,303
356,309
356,314
356,348
356,353
356,238
356,337
356,360
356,368
356,137
356,379
356,27
356,396
356,397
356,117
356,285
356,89
356,48
356,220
356,219
356,304
356,45
356,36
356,16
356,172
356,241
356,371
356,340
356,240
356,109
356,148
356,209
356,259
356,256
356,336
356,335
356,47
356,192
356,214
356,213
356,46
356,298
356,206
356,222
356,344
356,380
207,15
207,18
207,30
207,173
207,26
207,33
207,256
207,212
207,82
207,133
207,319
207,101
207,53
207,177
207,175
207,171
207,182
207,198
207,225
207,226
207,233
207,184
207,263
207,266
207,273
207,279
207,298
207,314
207,360
207,379
207,27
207,252
207,348
207,236
207,371
207,340
207,240
207,109
207,148
207,209
207,259
207,359
207,288
207,289
207,46
207,12
930,78
930,148
930,113
930,319
930,101
930,87
930,253
930,266
930,350
930,195
930,368
930,341
492,20
492,37
492,284
492,198
492,269
492,379
492,251
492,11
492,68
492,259
492,256
492,321
492,102
780,25
780,29
780,34
780,37
780,40
780,59
780,79
780,85
780,113
780,126
780,284
780,134
780,319
780,101
780,177
780,198
780,199
780,261
780,10
780,266
780,274
780,356
780,296
780,330
780,305
780,259
780,256
780,109
780,393
780,227
780,56
780,344
780,6
780,395
100,3
100,160
100,33
100,256
100,37
100,42
100,267
100,212
100,81
100,85
100,107
100,113
100,114
100,344
100,120
100,122
100,123
100,129
100,130
100,284
100,162
100,164
100,177
100,175
100,171
100,190
100,198
100,266
100,274
100,356
100,282
100,335
100,202
100,292
100,293
100,296
100,299
100,301
100,314
100,330
100,333
100,340
100,348
100,352
100,353
100,238
100,337
100,354
100,358
100,396
100,117
100,61
100,252
100,250
100,8
100,221
100,219
100,240
100,109
100,148
100,209
100,259
100,277
100,278
100,239
100,50
100,146
100,363
1034,29
1034,114
1034,344
1034,142
1034,177
1034,198
1034,199
1034,207
1034,266
1034,83
1034,350
1034,195
1034,353
1034,113
1034,238
1034,337
1034,117
1034,235
1034,1
1034,120
1034,363
1034,299
275,18
275,29
275,248
275,44
275,85
275,284
275,229
275,338
275,354
275,397
275,61
275,339
275,71
275,144
275,179
275,202
275,359
275,288
275,289
275,323
275,91
275,214
275,213
277,113
277,284
277,132
277,216
277,265
277,266
277,372
277,379
277,61
277,145
277,109
277,341
277,393
277,214
277,213
103,0
103,3
103,107
103,113
103,126
103,319
103,101
103,152
103,177
103,198
103,199
103,207
103,87
103,253
103,266
103,282
103,335
103,202
103,293
103,350
103,195
103,353
103,238
103,337
103,137
103,396
103,235
103,4
103,1
103,109
103,50
103,351
913,3
913,160
913,15
913,18
913,21
913,23
913,30
913,26
913,28
913,94
913,29
913,32
913,33
913,256
913,37
913,38
913,39
913,41
913,42
913,248
913,54
913,60
913,59
913,72
913,76
913,212
913,78
913,148
913,81
913,82
913,85
913,234
913,112
913,124
913,97
913,98
913,104
913,107
913,108
913,113
913,120
913,122
913,123
913,126
913,127
913,129
913,131
913,133
913,366
913,134
913,136
913,138
913,286
913,319
913,101
913,140
913,143
913,147
913,53
913,150
913,152
913,156
913,158
913,177
913,64
913,65
913,168
913,170
913,182
913,188
913,194
913,198
913,199
913,202
913,203
913,204
913,205
913,206
913,207
913,290
913,210
913,224
913,272
913,230
913,294
913,231
913,233
913,246
913,249
913,200
913,260
913,265
913,266
913,271
913,369
913,273
913,274
913,356
913,275
913,279
913,280
913,283
913,293
913,296
913,297
913,298
913,301
913,309
913,311
913,378
913,313
913,312
913,314
913,315
913,317
913,318
913,383
913,325
913,330
913,334
913,83
913,338
913,345
913,346
913,348
913,252
913,353
913,238
913,337
913,354
913,358
913,360
913,364
913,368
913,372
913,310
913,377
913,379
913,382
913,381
913,27
913,391
913,392
913,395
913,396
913,398
913,397
913,117
913,349
913,99
913,14
913,251
913,11
913,305
913,68
913,250
913,151
913,155
913,236
913,255
913,241
913,307
913,371
913,340
913,223
913,240
913,109
913,209
913,259
913,211
913,4
913,111
913,357
913,247
913,320
913,139
913,52
913,285
913,179
913,323
913,183
913,393
913,321
913,197
913,332
913,73
913,56
913,239
913,84
913,394
913,154
913,189
913,245
913,351
913,195
913,9
913,214
913,213
913,46
913,128
913,45
913,367
913,222
913,13
913,125
913,344
913,6
458,31
458,32
458,188
458,199
458,207
458,230
458,293
458,83
458,354
458,396
458,56
458,328
565,3
565,160
565,23
565,57
565,81
565,82
565,107
565,122
565,147
565,37
565,150
565,158
565,177
565,169
565,198
565,210
565,58
565,266
565,273
565,293
565,314
565,337
565,352
565,137
565,372
565,27
565,396
565,220
565,1
565,324
387,25
387,72
387,126
387,177
387,205
387,207
387,266
387,296
387,303
387,314
387,354
387,360
387,388
387,341
575,2
575,3
575,160
575,23
575,173
575,28
575,94
575,32
575,33
575,256
575,37
575,42
575,72
575,78
575,148
575,81
575,85
575,107
575,113
575,123
575,319
575,101
575,147
575,177
575,290
575,266
575,296
575,299
575,314
575,317
575,83
575,348
575,70
575,364
575,310
575,379
575,396
575,240
575,109
575,209
575,259
575,332
575,73
575,146
575,99
575,343
575,6
575,395
948,3
948,160
948,18
948,19
948,20
948,22
948,25
948,28
948,94
948,33
948,256
948,76
948,212
948,79
948,81
948,96
948,100
948,107
948,113
948,123
948,126
948,130
948,284
948,134
948,286
948,319
948,101
948,150
948,156
948,177
948,170
948,198
948,225
948,233
948,246
948,266
948,283
948,299
948,301
948,314
948,330
948,338
948,350
948,195
948,360
948,364
948,379
948,382
948,381
948,396
948,398
948,397
948,310
948,251
948,11
948,252
948,348
948,240
948,109
948,148
948,209
948,259
948,323
948,306
948,307
948,227
948,197
948,14
948,351
948,236
948,222
948,1
209,3
209,160
209,18
209,22
209,25
209,28
209,94
209,33
209,256
209,37
209,60
209,270
209,212
209,80
209,81
209,96
209,105
209,107
209,311
209,120
209,126
209,319
209,101
209,142
209,143
209,147
209,53
209,63
209,64
209,65
209,175
209,171
209,198
209,199
209,203
209,205
209,206
209,207
209,326
209,233
209,261
209,10
209,266
209,268
209,279
209,293
209,299
209,278
209,314
209,348
209,70
209,352
209,354
209,360
209,364
209,379
209,27
209,396
209,399
209,73
209,51
209,220
209,262
209,327
209,236
209,298
209,304
209,45
209,36
209,241
209,371
209,340
209,240
209,109
209,148
209,209
209,259
209,320
209,185
209,47
209,324
209,137
209,24
209,23
209,393
209,218
209,217
209,332
209,394
209,395
209,115
209,48
209,178
209,93
209,1
153,3
153,160
153,18
153,22
153,59
153,74
153,212
153,81
153,107
153,113
153,123
153,131
153,366
153,319
153,101
153,150
153,156
153,177
153,198
153,216
153,326
153,87
153,253
153,261
153,10
153,266
153,293
153,298
153,301
153,314
153,318
153,383
153,329
153,346
153,138
153,360
153,137
153,376
153,373
153,379
153,250
153,236
153,255
153,304
153,45
153,36
153,16
153,259
153,256
153,135
153,306
153,307
153,367
153,48
153,222
1083,120
1083,284
1083,177
1083,186
1083,207
1083,301
1083,314
1083,330
1083,305
1083,145
1083,109
1083,116
1083,393
1083,227
1143,13
1143,28
1143,94
1143,39
1143,248
1143,108
1143,114
1143,344
1143,319
1143,101
1143,143
1143,147
1143,37
1143,158
1143,224
1143,266
1143,273
1143,279
1143,360
1143,379
1143,396
1143,397
1143,236
1143,241
1143,371
1143,340
1143,306
1143,307
1143,197
1143,14
1143,102
1143,46
1143,343
1143,222
1299,23
1299,26
1299,31
1299,60
1299,80
1299,319
1299,101
1299,152
1299,64
1299,198
1299,207
1299,210
1299,242
1299,263
1299,273
1299,328
1299,337
1299,354
1299,137
1299,379
1299,27
1299,220
1299,255
1299,219
1299,371
1299,340
1299,320
1299,324
1299,24
1299,146
831,3
831,160
831,19
831,22
831,28
831,94
831,29
831,32
831,33
831,256
831,37
831,39
831,42
831,267
831,72
831,77
831,212
831,78
831,148
831,81
831,85
831,100
831,107
831,113
831,114
831,344
831,123
831,126
831,134
831,319
831,101
831,143
831,147
831,53
831,152
831,156
831,176
831,177
831,198
831,199
831,207
831,290
831,224
831,233
831,260
831,264
831,266
831,274
831,356
831,280
831,282
831,335
831,202
831,293
831,296
831,299
831,301
831,314
831,315
831,334
831,83
831,343
831,345
831,70
831,353
831,238
831,337
831,354
831,358
831,364
831,368
831,310
831,391
831,396
831,399
831,117
831,375
831,73
831,349
831,99
831,251
831,11
831,305
831,365
831,235
831,240
831,109
831,209
831,259
831,254
831,211
831,110
831,357
831,247
831,244
831,5
831,139
831,111
831,144
831,348
831,116
831,393
831,306
831,307
831,197
831,14
831,146
831,394
831,395
831,189
831,245
831,115
831,351
831,195
831,84
831,222
957,3
957,160
957,107
957,113
957,319
957,101
957,53
957,177
957,266
957,282
957,335
957,202
957,314
957,137
957,396
957,347
957,293
957,363
957,299
986,2
986,3
986,160
986,28
986,94
986,33
986,256
986,37
986,248
986,212
986,80
986,81
986,85
986,107
986,113
986,120
986,123
986,126
986,319
986,101
986,147
986,150
986,156
986,161
986,158
986,177
986,242
986,266
986,273
986,314
986,307
986,137
986,372
986,377
986,27
986,396
986,397
986,155
986,36
986,16
986,118
986,241
986,371
986,340
986,259
986,1
986,4
986,320
986,183
986,189
986,245
986,214
986,213
986,47
986,222
986,344
981,23
981,26
981,81
981,107
981,114
981,344
981,177
981,123
981,198
981,266
981,391
981,4
981,102
349,3
349,160
349,18
349,248
349,57
349,234
349,112
349,107
349,138
349,319
349,101
349,143
349,158
349,177
349,198
349,199
349,210
349,58
349,266
349,269
349,273
349,379
349,396
349,398
349,397
349,251
349,11
349,68
349,250
349,241
349,371
349,340
349,151
616,3
616,160
616,7
616,18
616,26
616,28
616,94
616,29
616,33
616,256
616,37
616,38
616,42
616,248
616,81
616,82
616,85
616,234
616,112
616,100
616,107
616,113
616,122
616,123
616,127
616,284
616,319
616,101
616,147
616,53
616,150
616,156
616,177
616,169
616,175
616,171
616,198
616,199
616,58
616,87
616,253
616,266
616,269
616,274
616,356
616,292
616,293
616,299
616,301
616,314
616,330
616,338
616,352
616,137
616,372
616,379
616,382
616,381
616,396
616,398
616,397
616,251
616,11
616,250
616,151
616,220
616,55
616,219
616,259
616,211
616,324
616,218
616,217
616,50
616,189
616,245
616,9
616,222
616,344
616,6
616,395
616,23
616,57
616,212
616,80
616,158
616,210
616,184
616,257
616,273
616,83
616,377
616,376
616,373
616,27
616,241
616,371
616,340
616,214
616,213
34,3
34,160
34,18
34,26
34,28
34,94
34,29
34,33
34,256
34,34
34,42
34,54
34,62
34,72
34,212
34,79
34,81
34,85
34,90
34,298
34,93
34,234
34,112
34,100
34,101
34,105
34,106
34,107
34,108
34,113
34,120
34,123
34,127
34,129
34,131
34,284
34,134
34,286
34,319
34,143
34,147
34,37
34,53
34,152
34,156
34,157
34,158
34,162
34,164
34,165
34,177
34,170
34,175
34,171
34,182
34,186
34,193
34,190
34,198
34,202
34,210
34,225
34,35
34,291
34,229
34,88
34,253
34,58
34,243
34,200
34,263
34,153
34,266
34,274
34,356
34,276
34,278
34,292
34,293
34,297
34,299
34,301
34,313
34,312
34,314
34,318
34,383
34,330
34,334
34,333
34,338
34,340
34,342
34,348
34,252
34,70
34,307
34,358
34,364
34,365
34,137
34,52
34,377
34,379
34,27
34,384
34,396
34,398
34,397
34,117
34,305
34,285
34,68
34,181
34,250
34,89
34,48
34,255
34,55
34,145
34,16
34,118
34,240
34,109
34,148
34,209
34,259
34,211
34,320
34,144
34,103
34,341
34,135
34,116
34,324
34,393
34,306
34,218
34,217
34,332
34,73
34,394
34,395
34,154
34,189
34,245
34,351
34,195
34,9
34,236
34,222
34,125
34,12
34,344
868,3
868,160
868,20
868,22
868,28
868,94
868,37
868,42
868,212
868,81
868,107
868,113
868,123
868,127
868,129
868,284
868,134
868,319
868,101
868,53
868,150
868,177
868,198
868,199
868,202
868,216
868,88
868,253
868,232
868,249
868,266
868,293
868,301
868,314
868,330
868,353
868,238
868,337
868,354
868,358
868,368
868,396
868,117
868,73
868,89
868,48
868,16
868,240
868,109
868,148
868,209
868,259
868,256
868,211
868,222
868,344
1149,23
1149,31
1149,32
1149,60
1149,78
1149,148
1149,113
1149,319
1149,101
1149,53
1149,177
1149,63
1149,198
1149,199
1149,207
1149,230
1149,266
1149,314
1149,73
1149,354
1149,137
1149,374
1149,376
1149,373
1149,396
1149,375
1149,219
1149,139
1149,56
1149,344
1292,3
1292,160
1292,22
1292,37
1292,42
1292,72
1292,91
1292,92
1292,43
1292,107
1292,113
1292,127
1292,319
1292,101
1292,53
1292,150
1292,177
1292,170
1292,194
1292,224
1292,266
1292,51
1292,281
1292,309
1292,314
1292,310
1292,374
1292,377
1292,385
1292,386
1292,396
1292,375
1292,285
1292,240
1292,109
1292,148
1292,209
1292,259
1292,256
1292,12
25,3
25,160
25,81
25,107
25,123
25,284
25,319
25,101
25,150
25,158
25,182
25,198
25,210
25,225
25,184
25,266
25,360
25,137
25,379
25,27
25,396
25,181
25,237
25,236
25,323
25,183
25,46
25,208
1241,26
1241,33
1241,256
1241,34
1241,37
1241,40
1241,72
1241,81
1241,85
1241,96
1241,107
1241,113
1241,123
1241,284
1241,366
1241,319
1241,101
1241,159
1241,166
1241,177
1241,175
1241,171
1241,194
1241,205
1241,206
1241,207
1241,233
1241,266
1241,274
1241,356
1241,293
1241,297
1241,330
1241,346
1241,138
1241,353
1241,238
1241,337
1241,360
1241,390
1241,396
1241,259
1241,135
1241,359
1241,288
1241,289
1241,323
1241,201
1241,52
1241,222
1241,358
345,3
345,160
345,31
345,32
345,37
345,38
345,40
345,248
345,75
345,54
345,60
345,74
345,212
345,79
345,90
345,113
345,126
345,143
345,147
345,53
345,158
345,177
345,63
345,64
345,174
345,175
345,171
345,182
345,196
345,199
345,205
345,207
345,225
345,230
345,184
345,242
345,261
345,10
345,266
345,273
345,296
345,301
345,314
345,325
345,329
345,83
345,337
345,333
345,354
345,137
345,379
345,27
345,385
345,386
345,396
345,180
345,14
345,181
345,250
345,89
345,48
345,262
345,236
345,145
345,36
345,16
345,241
345,240
345,109
345,148
345,209
345,259
345,256
345,144
345,141
345,388
345,183
345,47
345,56
345,367
345,86
345,85
345,214
345,213
345,46
345,328
1319,212
1319,131
1319,319
1319,101
1319,158
1319,153
1319,314
1319,137
1319,118
1319,104
1319,324
1319,321
1319,347
1319,293
1160,3
1160,160
1160,21
1160,29
1160,33
1160,256
1160,37
1160,42
1160,248
1160,57
1160,212
1160,80
1160,81
1160,234
1160,112
1160,100
1160,107
1160,113
1160,114
1160,344
1160,120
1160,126
1160,129
1160,284
1160,134
1160,319
1160,101
1160,143
1160,147
1160,53
1160,150
1160,158
1160,167
1160,177
1160,64
1160,125
1160,198
1160,210
1160,233
1160,58
1160,242
1160,246
1160,249
1160,266
1160,269
1160,273
1160,274
1160,356
1160,293
1160,294
1160,296
1160,299
1160,314
1160,316
1160,318
1160,383
1160,330
1160,257
1160,340
1160,343
1160,352
1160,353
1160,238
1160,337
1160,360
1160,362
1160,364
1160,368
1160,372
1160,379
1160,382
1160,381
1160,27
1160,391
1160,396
1160,398
1160,397
1160,117
1160,375
1160,251
1160,11
1160,285
1160,252
1160,348
1160,250
1160,258
1160,151
1160,220
1160,55
1160,118
1160,38
1160,241
1160,371
1160,4
1160,240
1160,109
1160,148
1160,209
1160,259
1160,123
1160,211
1160,357
1160,247
1160,358
1160,135
1160,359
1160,288
1160,289
1160,178
1160,116
1160,24
1160,23
1160,393
1160,306
1160,307
1160,189
1160,245
1160,351
1160,195
1160,9
1160,214
1160,213
1160,46
1160,128
1160,2
1160,222
1160,331
1160,265
1160,380
1160,395
802,3
802,160
802,18
802,23
802,22
802,29
802,32
802,33
802,256
802,37
802,42
802,57
802,60
802,59
802,72
802,212
802,78
802,148
802,79
802,81
802,93
802,124
802,96
802,101
802,107
802,113
802,114
802,344
802,122
802,123
802,126
802,127
802,129
802,284
802,134
802,319
802,147
802,53
802,150
802,159
802,162
802,165
802,166
802,177
802,170
802,198
802,199
802,207
802,210
802,215
802,58
802,246
802,249
802,87
802,253
802,261
802,10
802,266
802,293
802,295
802,303
802,309
802,311
802,378
802,316
802,318
802,383
802,353
802,238
802,337
802,358
802,360
802,364
802,372
802,377
802,396
802,73
802,304
802,45
802,259
802,135
802,332
802,258
802,277
802,278
802,351
802,195
802,380
802,6
802,395
703,113
703,284
703,319
703,101
703,147
703,37
703,177
703,198
703,266
703,314
703,352
703,370
703,395
703,145
703,149
703,109
703,1
703,116
703,393
703,227
703,347
703,293
703,344
1130,290
1130,14
1130,254
1130,56
1130,208
111,23
111,60
111,80
111,126
111,319
111,101
111,152
111,63
111,198
111,207
111,210
111,230
111,242
111,263
111,273
111,314
111,83
111,354
111,137
111,379
111,27
111,399
111,221
111,255
111,371
111,340
111,24
111,56
267,26
267,60
267,67
267,126
267,319
267,101
267,152
267,63
267,198
267,199
267,207
267,230
267,263
267,314
267,83
267,354
267,137
267,379
267,399
267,255
267,24
267,23
267,56
187,3
187,160
187,87
187,253
187,314
187,352
187,355
861,3
861,160
861,7
861,25
861,26
861,28
861,94
861,32
861,37
861,42
861,59
861,267
861,72
861,74
861,212
861,79
861,80
861,81
861,107
861,108
861,113
861,123
861,126
861,284
861,134
861,319
861,101
861,143
861,53
861,152
861,158
861,177
861,182
861,199
861,207
861,290
861,225
861,294
861,231
861,184
861,261
861,10
861,266
861,274
861,356
861,293
861,296
861,299
861,314
861,348
861,350
861,195
861,353
861,238
861,337
861,354
861,360
861,364
861,370
861,385
861,386
861,391
861,396
861,285
861,252
861,371
861,340
861,240
861,109
861,148
861,209
861,259
861,256
861,146
861,86
861,85
861,46
861,343
861,222
861,344
836,15
836,44
836,103
836,113
836,319
836,101
836,177
836,215
836,233
836,293
836,314
836,352
836,137
836,61
836,324
836,347
566,3
566,160
566,18
566,19
566,20
566,23
566,22
566,25
566,28
566,94
566,29
566,32
566,33
566,256
566,37
566,42
566,248
566,54
566,57
566,59
566,72
566,212
566,78
566,148
566,81
566,85
566,91
566,92
566,43
566,234
566,112
566,100
566,106
566,107
566,113
566,114
566,344
566,122
566,123
566,126
566,130
566,284
566,132
566,134
566,319
566,101
566,142
566,143
566,147
566,53
566,150
566,166
566,167
566,177
566,64
566,65
566,66
566,168
566,170
566,175
566,171
566,182
566,186
566,187
566,192
566,193
566,194
566,195
566,198
566,199
566,207
566,210
566,216
566,225
566,35
566,291
566,88
566,253
566,231
566,233
566,58
566,246
566,200
566,261
566,10
566,266
566,269
566,273
566,274
566,356
566,281
566,293
566,296
566,299
566,301
566,309
566,314
566,315
566,316
566,330
566,83
566,337
566,338
566,70
566,350
566,352
566,354
566,358
566,360
566,361
566,370
566,137
566,372
566,310
566,374
566,377
566,376
566,373
566,379
566,382
566,381
566,27
566,385
566,386
566,396
566,398
566,117
566,375
566,73
566,251
566,11
566,285
566,181
566,95
566,250
566,220
566,55
566,339
566,118
566,241
566,307
566,371
566,340
566,240
566,109
566,209
566,127
566,259
566,211
566,357
566,247
566,355
566,135
566,336
566,323
566,116
566,393
566,86
566,189
566,245
566,9
566,201
566,52
566,21
566,343
566,222
566,327
566,325
566,380
566,249
849,3
849,160
849,23
849,34
849,59
849,72
849,79
849,85
849,107
849,113
849,123
849,126
849,129
849,131
849,133
849,319
849,101
849,147
849,37
849,53
849,157
849,177
849,198
849,216
849,233
849,264
849,266
849,292
849,301
849,309
849,330
849,338
849,368
849,372
849,379
849,392
849,395
849,396
849,117
849,305
849,320
849,120
849,149
849,86
849,347
849,293
849,158
849,125
225,3
225,160
225,15
225,23
225,30
225,173
225,74
225,76
225,107
225,133
225,366
225,138
225,319
225,101
225,53
225,175
225,171
225,198
225,233
225,266
225,279
225,298
225,303
225,314
225,83
225,346
225,360
225,379
225,382
225,381
225,396
225,181
225,109
225,47
48,23
48,31
48,32
48,248
48,60
48,78
48,148
48,80
48,85
48,102
48,113
48,114
48,344
48,121
48,134
48,319
48,101
48,143
48,147
48,37
48,53
48,158
48,177
48,63
48,64
48,188
48,195
48,198
48,199
48,207
48,210
48,230
48,242
48,266
48,273
48,293
48,314
48,83
48,73
48,354
48,238
48,137
48,379
48,27
48,396
48,14
48,219
48,371
48,340
48,110
48,139
48,24
48,393
48,56
48,50
48,394
48,395
793,2
793,3
793,160
793,81
793,107
793,319
793,101
793,150
793,158
793,266
793,323
793,208
794,2
794,3
794,160
794,21
794,28
794,94
794,37
794,39
794,42
794,248
794,75
794,273
794,80
794,81
794,234
794,112
794,100
794,107
794,113
794,123
794,143
794,147
794,150
794,158
794,177
794,175
794,171
794,202
794,88
794,253
794,294
794,87
794,266
794,276
794,278
794,282
794,335
794,293
794,299
794,83
794,360
794,368
794,391
794,395
794,396
794,397
794,117
794,73
794,250
794,255
794,241
794,240
794,109
794,148
794,209
794,154
794,244
794,4
794,218
794,217
794,277
794,394
794,274
794,46
794,222
794,363
1008,293
1008,314
1008,104
1008,101
1008,212
1008,284
1008,319
1008,299
1008,379
737,319
737,101
737,266
737,379
737,73
612,42
612,60
612,72
612,80
612,85
612,107
612,113
612,120
612,126
612,134
612,319
612,101
612,152
612,158
612,177
612,64
612,66
612,174
612,175
612,171
612,198
612,207
612,210
612,216
612,242
612,87
612,253
612,264
612,266
612,273
612,293
612,296
612,309
612,325
612,353
612,238
612,337
612,354
612,360
612,27
612,385
612,386
612,396
612,399
612,285
612,155
612,304
612,45
612,371
612,340
612,109
612,71
612,86
612,115
612,46
612,164
612,302
612,228
612,222
890,2
890,3
890,160
890,18
890,23
890,28
890,94
890,32
890,37
890,74
890,81
890,96
890,113
890,123
890,126
890,132
890,319
890,101
890,150
890,158
890,177
890,64
890,191
890,194
890,198
890,204
890,210
890,225
890,226
890,266
890,273
890,293
890,297
890,314
890,354
890,379
890,396
890,220
890,304
890,45
890,241
890,371
890,340
890,4
890,183
890,56
890,367
890,115
890,107
890,0
890,20
890,21
890,22
890,29
890,33
890,256
890,34
890,38
890,42
890,248
890,75
890,60
890,59
890,270
890,62
890,69
890,72
890,212
890,79
890,82
890,85
890,91
890,92
890,43
890,93
890,100
890,106
890,114
890,344
890,127
890,284
890,134
890,136
890,142
890,147
890,53
890,152
890,294
890,156
890,157
890,159
890,167
890,66
890,169
890,170
890,182
890,186
890,187
890,196
890,199
890,224
890,35
890,291
890,88
890,253
890,249
890,87
890,264
890,274
890,356
890,275
890,276
890,278
890,282
890,335
890,202
890,292
890,296
890,300
890,301
890,303
890,309
890,311
890,378
890,330
890,83
890,337
890,338
890,252
890,353
890,238
890,360
890,361
890,364
890,368
890,372
890,310
890,377
890,382
890,381
890,391
890,392
890,398
890,397
890,399
890,221
890,117
890,61
890,285
890,255
890,219
890,118
890,240
890,109
890,148
890,209
890,259
890,254
890,1
890,359
890,288
890,289
890,323
890,324
890,137
890,24
890,393
890,218
890,217
890,272
890,197
890,14
890,277
890,394
890,395
890,58
890,189
890,245
890,347
890,351
890,195
890,9
890,343
890,265
890,222
890,216
890,178
890,315
890,363
890,299
1127,3
1127,160
1127,18
1127,21
1127,23
1127,22
1127,173
1127,26
1127,28
1127,94
1127,29
1127,33
1127,256
1127,34
1127,37
1127,40
1127,248
1127,59
1127,72
1127,212
1127,78
1127,148
1127,81
1127,100
1127,106
1127,107
1127,113
1127,120
1127,123
1127,126
1127,131
1127,284
1127,132
1127,133
1127,366
1127,138
1127,319
1127,101
1127,147
1127,53
1127,150
1127,152
1127,156
1127,158
1127,167
1127,177
1127,182
1127,198
1127,215
1127,225
1127,226
1127,233
1127,184
1127,87
1127,253
1127,263
1127,266
1127,280
1127,293
1127,297
1127,299
1127,278
1127,313
1127,312
1127,314
1127,318
1127,383
1127,329
1127,338
1127,343
1127,346
1127,352
1127,360
1127,368
1127,137
1127,372
1127,379
1127,384
1127,391
1127,396
1127,73
1127,180
1127,68
1127,181
1127,255
1127,304
1127,45
1127,223
1127,240
1127,109
1127,209
1127,259
1127,244
1127,355
1127,1
1127,135
1127,393
1127,306
1127,307
1127,367
1127,115
1127,222
227,0
227,3
227,2
227,160
227,15
227,18
227,23
227,22
227,30
227,173
227,28
227,94
227,29
227,37
227,38
227,42
227,59
227,62
227,72
227,74
227,78
227,148
227,81
227,85
227,96
227,105
227,113
227,120
227,123
227,126
227,127
227,133
227,366
227,134
227,136
227,138
227,319
227,101
227,147
227,53
227,150
227,156
227,158
227,166
227,176
227,177
227,66
227,169
227,170
227,175
227,171
227,194
227,196
227,198
227,199
227,204
227,206
227,207
227,232
227,233
227,249
227,153
227,266
227,274
227,356
227,279
227,280
227,281
227,293
227,296
227,298
227,299
227,308
227,309
227,313
227,312
227,314
227,330
227,83
227,338
227,346
227,348
227,307
227,353
227,238
227,337
227,360
227,364
227,365
227,310
227,379
227,382
227,381
227,385
227,386
227,391
227,396
227,398
227,399
227,117
227,73
227,285
227,181
227,252
227,250
227,103
227,322
227,36
227,16
227,118
227,172
227,240
227,109
227,209
227,259
227,256
227,247
227,111
227,144
227,341
227,358
227,323
227,368
227,321
227,197
227,14
227,146
227,351
227,195
227,222
227,327
227,325
227,107
227,237
227,12
227,344
272,2
272,3
272,160
272,15
272,23
272,22
272,26
272,28
272,94
272,29
272,37
272,38
272,40
272,42
272,248
272,57
272,62
272,69
272,72
272,74
272,212
272,78
272,148
272,79
272,80
272,81
272,85
272,93
272,100
272,107
272,113
272,120
272,121
272,122
272,123
272,126
272,127
272,133
272,366
272,134
272,136
272,286
272,319
272,101
272,143
272,147
272,53
272,150
272,152
272,156
272,157
272,161
272,158
272,164
272,176
272,177
272,63
272,64
272,49
272,170
272,175
272,171
272,182
272,195
272,198
272,204
272,210
272,216
272,225
272,226
272,233
272,242
272,263
272,266
272,269
272,271
272,369
272,273
272,274
272,356
272,279
272,280
272,292
272,293
272,296
272,297
272,299
272,301
272,309
272,314
272,315
272,316
272,325
272,329
272,330
272,83
272,343
272,253
272,346
272,138
272,348
272,360
272,364
272,368
272,238
272,376
272,373
272,379
272,27
272,390
272,391
272,396
272,117
272,73
272,180
272,387
272,305
272,322
272,103
272,181
272,51
272,155
272,8
272,221
272,236
272,318
272,36
272,16
272,172
272,241
272,371
272,340
272,240
272,109
272,209
272,259
272,256
272,110
272,5
272,185
272,48
272,183
272,47
272,141
272,24
272,381
272,321
272,197
272,14
272,394
272,395
272,86
272,115
272,214
272,213
272,46
272,128
272,45
272,222
272,178
272,327
272,12
272,344
1256,69
1256,72
1256,212
1256,82
1256,107
1256,113
1256,126
1256,284
1256,319
1256,101
1256,147
1256,37
1256,177
1256,65
1256,169
1256,175
1256,171
1256,207
1256,266
1256,293
1256,295
1256,299
1256,314
1256,137
1256,336
1256,3
1256,160
1256,22
1256,26
1256,28
1256,94
1256,29
1256,33
1256,256
1256,42
1256,59
1256,267
1256,85
1256,96
1256,100
1256,123
1256,130
1256,134
1256,53
1256,152
1256,166
1256,66
1256,170
1256,174
1256,205
1256,216
1256,88
1256,253
1256,243
1256,274
1256,356
1256,294
1256,296
1256,301
1256,309
1256,316
1256,330
1256,338
1256,353
1256,238
1256,337
1256,354
1256,360
1256,361
1256,377
1256,392
1256,396
1256,399
1256,285
1256,55
1256,240
1256,109
1256,148
1256,209
1256,259
1256,1
1256,323
1256,56
1256,302
1256,228
1256,222
713,79
713,177
713,186
713,293
713,301
713,314
713,330
713,305
713,145
713,227
713,109
713,144
713,116
713,393
713,6
713,395
107,3
107,160
107,13
107,28
107,94
107,29
107,33
107,256
107,37
107,42
107,248
107,54
107,57
107,72
107,77
107,212
107,79
107,81
107,85
107,234
107,112
107,97
107,100
107,101
107,107
107,113
107,120
107,122
107,123
107,127
107,319
107,147
107,53
107,150
107,152
107,158
107,176
107,177
107,64
107,195
107,202
107,216
107,224
107,231
107,242
107,260
107,264
107,265
107,266
107,273
107,274
107,356
107,293
107,296
107,299
107,314
107,315
107,83
107,338
107,253
107,353
107,238
107,337
107,354
107,358
107,368
107,372
107,376
107,373
107,379
107,27
107,391
107,396
107,397
107,117
107,375
107,73
107,310
107,14
107,251
107,11
107,241
107,371
107,340
107,259
107,1
107,4
107,110
107,5
107,135
107,359
107,288
107,289
107,393
107,332
107,50
107,189
107,245
107,115
107,351
107,214
107,213
107,343
107,302
107,228
107,222
107,331
107,180
107,148
107,344
883,22
883,78
883,148
883,319
883,101
883,147
883,37
883,53
883,203
883,206
883,266
883,279
883,314
883,83
883,360
883,396
883,304
883,45
883,36
883,16
883,185
883,47
883,48
811,3
811,160
811,15
811,18
811,173
811,25
811,26
811,29
811,33
811,256
811,60
811,72
811,81
811,85
811,107
811,113
811,114
811,344
811,123
811,126
811,319
811,101
811,147
811,37
811,152
811,177
811,182
811,196
811,198
811,206
811,207
811,290
811,216
811,261
811,10
811,266
811,274
811,356
811,279
811,287
811,293
811,296
811,297
811,301
811,314
811,330
811,338
811,343
811,70
811,350
811,195
811,353
811,238
811,337
811,364
811,372
811,310
811,379
811,396
811,117
811,251
811,11
811,285
811,51
811,240
811,109
811,148
811,209
811,259
811,24
811,23
811,306
811,307
811,86
811,48
811,327
811,325
544,3
544,160
544,25
544,26
544,28
544,94
544,29
544,32
544,33
544,256
544,37
544,42
544,248
544,60
544,72
544,77
544,78
544,148
544,79
544,80
544,81
544,85
544,90
544,107
544,108
544,113
544,114
544,344
544,120
544,126
544,129
544,138
544,319
544,101
544,143
544,147
544,53
544,152
544,158
544,177
544,63
544,64
544,198
544,199
544,207
544,210
544,326
544,230
544,240
544,242
544,261
544,10
544,266
544,273
544,283
544,293
544,294
544,295
544,299
544,303
544,314
544,317
544,330
544,333
544,334
544,83
544,73
544,337
544,345
544,350
544,195
544,353
544,238
544,354
544,358
544,361
544,364
544,368
544,137
544,374
544,376
544,373
544,379
544,27
544,385
544,386
544,396
544,399
544,117
544,310
544,61
544,349
544,99
544,14
544,285
544,95
544,250
544,366
544,220
544,145
544,219
544,371
544,340
544,4
544,71
544,110
544,356
544,144
544,1
544,179
544,322
544,359
544,288
544,289
544,183
544,47
544,24
544,23
544,149
544,227
544,56
544,50
544,146
544,394
544,395
544,48
544,46
544,128
544,302
544,228
544,331
544,265
544,178
544,93
544,327
544,325
795,2
795,3
795,160
795,13
795,28
795,94
795,29
795,248
795,57
795,72
795,212
795,80
795,81
795,82
795,91
795,92
795,43
795,234
795,112
795,97
795,107
795,113
795,120
795,123
795,126
795,127
795,132
795,138
795,319
795,101
795,143
795,147
795,37
795,53
795,150
795,152
795,161
795,158
795,176
795,177
795,64
795,182
795,193
795,195
795,199
795,202
795,206
795,224
795,326
795,233
795,266
795,273
795,279
795,296
795,299
795,314
795,329
795,83
795,340
795,346
795,354
795,360
795,368
795,238
795,372
795,377
795,376
795,373
795,27
795,396
795,397
795,117
795,375
795,73
795,285
795,250
795,241
795,71
795,135
795,183
795,393
795,50
795,189
795,245
795,46
795,222
795,344
795,25
795,140
795,170
795,198
795,207
795,242
795,313
795,312
795,353
795,337
795,358
795,310
795,379
795,14
795,388
795,236
795,118
795,371
795,356
795,116
523,17
523,19
523,21
523,23
523,22
523,28
523,94
523,31
523,33
523,256
523,37
523,38
523,39
523,42
523,59
523,77
523,212
523,78
523,148
523,79
523,81
523,90
523,93
523,124
523,96
523,97
523,104
523,107
523,108
523,113
523,119
523,291
523,120
523,121
523,123
523,126
523,127
523,129
523,130
523,134
523,319
523,101
523,140
523,53
523,150
523,156
523,159
523,177
523,63
523,66
523,174
523,190
523,194
523,196
523,199
523,202
523,205
523,207
523,290
523,216
523,88
523,253
523,232
523,233
523,263
523,260
523,266
523,274
523,356
523,283
523,287
523,296
523,299
523,300
523,301
523,309
523,311
523,378
523,314
523,315
523,316
523,325
523,330
523,334
523,83
523,337
523,333
523,338
523,345
523,350
523,195
523,353
523,238
523,354
523,360
523,361
523,364
523,365
523,368
523,374
523,379
523,382
523,381
523,391
523,396
523,117
523,375
523,73
523,349
523,99
523,14
523,251
523,11
523,305
523,322
523,250
523,151
523,388
523,220
523,8
523,221
523,236
523,145
523,219
523,339
523,307
523,240
523,109
523,209
523,259
523,254
523,357
523,247
523,336
523,24
523,321
523,197
523,56
523,239
523,84
523,146
523,86
523,85
523,222
523,255
523,208
523,363
523,12
523,344
1058,3
1058,160
1058,21
1058,26
1058,28
1058,94
1058,29
1058,37
1058,248
1058,57
1058,78
1058,148
1058,80
1058,81
1058,85
1058,96
1058,102
1058,108
1058,113
1058,123
1058,126
1058,127
1058,133
1058,134
1058,319
1058,101
1058,143
1058,147
1058,150
1058,158
1058,176
1058,177
1058,178
1058,64
1058,170
1058,195
1058,202
1058,207
1058,290
1058,326
1058,231
1058,233
1058,242
1058,87
1058,253
1058,266
1058,273
1058,294
1058,296
1058,297
1058,298
1058,299
1058,314
1058,325
1058,353
1058,238
1058,337
1058,360
1058,364
1058,368
1058,376
1058,373
1058,379
1058,27
1058,391
1058,396
1058,397
1058,117
1058,375
1058,285
1058,51
1058,89
1058,48
1058,241
1058,371
1058,340
1058,110
1058,1
1058,135
1058,393
1058,56
1058,84
1058,394
1058,395
1058,99
1058,154
1058,189
1058,245
1058,128
1058,32
1058,222
1058,344
976,3
976,160
976,22
976,25
976,28
976,94
976,29
976,33
976,256
976,37
976,40
976,42
976,248
976,44
976,103
976,60
976,59
976,62
976,72
976,212
976,78
976,148
976,80
976,81
976,85
976,124
976,96
976,100
976,107
976,108
976,113
976,123
976,126
976,284
976,136
976,286
976,319
976,101
976,147
976,53
976,158
976,177
976,64
976,65
976,168
976,174
976,175
976,171
976,188
976,199
976,207
976,215
976,225
976,242
976,243
976,261
976,10
976,266
976,268
976,269
976,273
976,293
976,301
976,308
976,309
976,314
976,317
976,316
976,328
976,338
976,340
976,70
976,307
976,352
976,354
976,370
976,137
976,377
976,379
976,27
976,396
976,397
976,61
976,305
976,285
976,151
976,145
976,339
976,241
976,371
976,71
976,336
976,306
976,56
976,214
976,213
976,46
976,222
976,208
976,125
976,149
976,221
976,6
976,395
615,3
615,160
615,18
615,26
615,28
615,94
615,29
615,32
615,33
615,256
615,34
615,37
615,40
615,42
615,248
615,57
615,59
615,67
615,72
615,212
615,79
615,80
615,85
615,100
615,101
615,105
615,107
615,113
615,123
615,126
615,127
615,131
615,284
615,138
615,319
615,143
615,147
615,53
615,152
615,161
615,158
615,166
615,177
615,65
615,175
615,171
615,186
615,187
615,193
615,190
615,199
615,210
615,215
615,216
615,224
615,231
615,242
615,153
615,261
615,10
615,264
615,266
615,273
615,292
615,293
615,294
615,296
615,298
615,299
615,278
615,301
615,313
615,312
615,314
615,317
615,330
615,83
615,338
615,340
615,342
615,346
615,70
615,352
615,353
615,238
615,337
615,354
615,364
615,370
615,137
615,372
615,377
615,376
615,373
615,379
615,382
615,381
615,27
615,392
615,395
615,396
615,318
615,117
615,375
615,73
615,14
615,181
615,250
615,55
615,172
615,241
615,307
615,371
615,240
615,109
615,148
615,209
615,259
615,355
615,320
615,198
615,179
615,341
615,322
615,135
615,183
615,218
615,217
615,149
615,332
615,239
615,146
615,221
615,347
615,351
615,195
615,214
615,213
615,46
615,128
615,302
615,228
615,222
615,363
615,344
1100,13
1100,26
1100,28
1100,94
1100,33
1100,256
1100,37
1100,248
1100,57
1100,212
1100,78
1100,148
1100,80
1100,81
1100,82
1100,85
1100,100
1100,101
1100,107
1100,113
1100,121
1100,123
1100,131
1100,319
1100,147
1100,158
1100,176
1100,177
1100,188
1100,195
1100,198
1100,199
1100,290
1100,210
1100,112
1100,215
1100,224
1100,231
1100,242
1100,257
1100,264
1100,265
1100,266
1100,273
1100,280
1100,293
1100,299
1100,314
1100,315
1100,338
1100,253
1100,352
1100,353
1100,238
1100,337
1100,364
1100,368
1100,137
1100,372
1100,379
1100,27
1100,391
1100,396
1100,398
1100,397
1100,117
1100,14
1100,285
1100,365
1100,172
1100,241
1100,371
1100,340
1100,240
1100,109
1100,209
1100,110
1100,5
1100,341
1100,135
1100,151
1100,189
1100,245
1100,344
1100,351
1100,214
1100,213
1100,128
1100,343
1100,302
1100,228
1100,207
1100,222
1100,6
1100,395
940,42
940,59
940,85
940,122
940,53
940,177
940,198
940,264
940,330
940,338
940,116
940,216
682,3
682,160
682,13
682,15
682,17
682,18
682,19
682,21
682,28
682,94
682,29
682,33
682,256
682,37
682,38
682,39
682,42
682,248
682,59
682,267
682,72
682,265
682,330
682,212
682,78
682,148
682,79
682,80
682,81
682,82
682,85
682,96
682,100
682,107
682,108
682,113
682,114
682,344
682,121
682,122
682,123
682,129
682,130
682,131
682,133
682,366
682,134
682,138
682,319
682,101
682,143
682,147
682,53
682,157
682,158
682,162
682,176
682,177
682,49
682,182
682,198
682,206
682,210
682,216
682,224
682,231
682,233
682,184
682,242
682,153
682,264
682,266
682,273
682,274
682,356
682,279
682,292
682,293
682,297
682,298
682,299
682,301
682,314
682,315
682,83
682,338
682,340
682,346
682,360
682,368
682,372
682,374
682,377
682,391
682,392
682,396
682,398
682,397
682,180
682,14
682,251
682,11
682,252
682,348
682,8
682,221
682,236
682,255
682,103
682,322
682,339
682,241
682,371
682,259
682,4
682,327
682,111
682,357
682,247
682,244
682,139
682,359
682,288
682,289
682,183
682,393
682,197
682,84
682,146
682,86
682,154
682,115
682,214
682,213
682,46
682,128
682,302
682,228
682,222
682,328
682,331
443,25
443,26
443,28
443,94
443,29
443,37
443,41
443,248
443,44
443,103
443,60
443,72
443,265
443,330
443,78
443,148
443,81
443,113
443,114
443,344
443,120
443,123
443,126
443,127
443,130
443,284
443,142
443,147
443,53
443,152
443,158
443,177
443,63
443,64
443,65
443,66
443,195
443,207
443,215
443,224
443,261
443,10
443,264
443,266
443,273
443,287
443,293
443,295
443,299
443,301
443,308
443,314
443,317
443,83
443,345
443,353
443,238
443,337
443,361
443,137
443,376
443,373
443,379
443,27
443,389
443,396
443,399
443,117
443,375
443,14
443,388
443,262
443,341
443,339
443,371
443,340
443,235
443,1
443,357
443,247
443,332
443,73
443,56
443,277
443,278
443,351
443,328
443,6
443,395
1171,3
1171,160
1171,19
1171,26
1171,32
1171,33
1171,256
1171,34
1171,37
1171,40
1171,42
1171,57
1171,267
1171,72
1171,265
1171,330
1171,212
1171,80
1171,81
1171,85
1171,234
1171,112
1171,105
1171,107
1171,113
1171,123
1171,126
1171,127
1171,134
1171,138
1171,319
1171,101
1171,147
1171,53
1171,158
1171,177
1171,64
1171,198
1171,199
1171,207
1171,290
1171,216
1171,242
1171,200
1171,264
1171,266
1171,273
1171,293
1171,296
1171,299
1171,301
1171,314
1171,337
1171,338
1171,346
1171,350
1171,195
1171,353
1171,238
1171,354
1171,377
1171,379
1171,27
1171,391
1171,395
1171,396
1171,73
1171,285
1171,68
1171,8
1171,221
1171,241
1171,371
1171,340
1171,235
1171,240
1171,109
1171,148
1171,209
1171,259
1171,341
1171,135
1171,393
1171,218
1171,217
1171,86
1171,115
1171,214
1171,213
1171,222
1171,331
1171,344
39,26
39,79
39,101
39,105
39,102
39,104
39,131
39,319
39,182
39,186
39,198
39,293
39,314
39,83
39,307
39,137
39,379
39,61
39,145
39,103
39,322
39,339
39,118
39,341
39,324
39,146
39,149
39,347
40,3
40,160
40,37
40,80
40,107
40,123
40,319
40,101
40,150
40,158
40,177
40,182
40,263
40,266
40,297
40,314
40,325
40,376
40,373
40,396
40,89
40,48
40,327
40,55
40,241
955,3
955,160
955,15
955,18
955,21
955,23
955,22
955,173
955,25
955,26
955,28
955,94
955,29
955,32
955,33
955,256
955,34
955,37
955,38
955,42
955,60
955,59
955,267
955,72
955,78
955,148
955,79
955,81
955,85
955,101
955,105
955,107
955,113
955,123
955,126
955,129
955,130
955,284
955,133
955,134
955,319
955,147
955,53
955,150
955,157
955,166
955,177
955,63
955,168
955,169
955,170
955,175
955,171
955,125
955,196
955,206
955,207
955,290
955,225
955,272
955,326
955,232
955,233
955,87
955,253
955,200
955,266
955,274
955,356
955,279
955,281
955,287
955,293
955,294
955,296
955,298
955,299
955,301
955,309
955,311
955,378
955,313
955,312
955,314
955,318
955,383
955,325
955,330
955,338
955,343
955,346
955,138
955,348
955,70
955,350
955,195
955,353
955,238
955,337
955,358
955,360
955,364
955,368
955,137
955,372
955,310
955,374
955,377
955,379
955,382
955,381
955,384
955,385
955,386
955,391
955,392
955,396
955,117
955,375
955,73
955,180
955,14
955,285
955,250
955,388
955,55
955,118
955,4
955,240
955,109
955,209
955,259
955,211
955,345
955,244
955,5
955,151
955,24
955,227
955,197
955,56
955,50
955,146
955,189
955,245
955,48
955,199
955,52
955,255
955,331
955,265
955,327
955,344
955,251
955,6
955,395
955,248
955,54
955,57
955,114
955,120
955,131
955,143
955,152
955,158
955,176
955,64
955,182
955,242
955,261
955,10
955,273
955,297
955,354
955,376
955,373
955,27
955,51
955,241
955,307
955,371
955,340
955,135
955,183
955,115
955,222
463,3
463,160
463,18
463,25
463,28
463,94
463,29
463,33
463,256
463,34
463,37
463,42
463,248
463,54
463,59
463,270
463,67
463,72
463,212
463,78
463,148
463,81
463,85
463,100
463,101
463,107
463,113
463,123
463,126
463,284
463,138
463,319
463,147
463,53
463,158
463,177
463,64
463,65
463,175
463,171
463,182
463,125
463,193
463,198
463,199
463,202
463,210
463,233
463,87
463,253
463,257
463,261
463,10
463,266
463,269
463,273
463,291
463,293
463,294
463,299
463,301
463,314
463,316
463,330
463,338
463,70
463,350
463,195
463,360
463,372
463,377
463,379
463,392
463,396
463,398
463,285
463,95
463,262
463,55
463,371
463,340
463,240
463,259
463,211
463,183
463,218
463,217
463,277
463,278
463,394
463,395
463,189
463,245
463,351
463,222
463,380
1329,33
1329,256
1329,267
1329,72
1329,79
1329,81
1329,107
1329,113
1329,123
1329,319
1329,101
1329,53
1329,150
1329,158
1329,177
1329,182
1329,191
1329,198
1329,225
1329,200
1329,266
1329,274
1329,356
1329,293
1329,314
1329,338
1329,372
1329,377
1329,379
1329,382
1329,381
1329,396
1329,237
1329,240
1329,109
1329,148
1329,209
1329,259
1329,4
1329,185
1329,239
1329,343
1329,302
1329,228
1329,222
1329,344
73,65
73,261
73,10
354,2
354,3
354,160
354,22
354,29
354,31
354,32
354,40
354,41
354,248
354,60
354,67
354,212
354,78
354,148
354,81
354,97
354,107
354,113
354,126
354,319
354,101
354,53
354,158
354,176
354,177
354,63
354,64
354,175
354,171
354,191
354,194
354,196
354,199
354,204
354,205
354,207
354,326
354,232
354,242
354,261
354,10
354,266
354,275
354,276
354,278
354,287
354,293
354,308
354,309
354,317
354,83
354,345
354,354
354,358
354,360
354,377
354,27
354,390
354,395
354,396
354,117
354,387
354,14
354,285
354,151
354,155
354,262
354,304
354,45
354,36
354,16
354,172
354,241
354,336
354,141
354,332
354,73
354,56
354,351
354,195
354,51
354,302
354,228
354,328
354,344
354,6
354,203
354,399
354,181
260,18
260,23
260,22
260,30
260,173
260,28
260,94
260,37
260,101
260,107
260,113
260,126
260,319
260,143
260,53
260,152
260,158
260,165
260,177
260,198
260,205
260,326
260,233
260,242
260,266
260,273
260,279
260,297
260,313
260,312
260,314
260,325
260,346
260,138
260,310
260,376
260,373
260,379
260,396
260,73
260,371
260,340
260,48
260,46
260,128
260,178
260,93
260,3
260,160
260,19
260,21
260,26
260,29
260,33
260,256
260,38
260,39
260,42
260,59
260,270
260,62
260,67
260,69
260,267
260,72
260,76
260,212
260,78
260,148
260,79
260,81
260,124
260,96
260,97
260,105
260,108
260,120
260,123
260,127
260,129
260,131
260,284
260,134
260,286
260,150
260,156
260,159
260,162
260,176
260,66
260,170
260,174
260,182
260,186
260,188
260,192
260,190
260,194
260,196
260,199
260,203
260,204
260,206
260,207
260,290
260,112
260,225
260,35
260,291
260,272
260,88
260,253
260,232
260,243
260,200
260,274
260,356
260,281
260,292
260,293
260,295
260,298
260,299
260,301
260,303
260,309
260,311
260,378
260,330
260,334
260,83
260,337
260,338
260,342
260,345
260,348
260,350
260,195
260,353
260,238
260,354
260,358
260,360
260,364
260,368
260,374
260,377
260,27
260,391
260,398
260,397
260,117
260,375
260,14
260,285
260,68
260,181
260,252
260,250
260,51
260,220
260,8
260,221
260,184
260,237
260,55
260,145
260,304
260,45
260,36
260,16
260,339
260,118
260,307
260,240
260,109
260,209
260,259
260,254
260,5
260,336
260,116
260,277
260,278
260,239
260,84
260,146
260,86
260,85
260,154
260,222
260,255
260,344
260,6
260,395
459,270
459,179
1092,23
1092,31
1092,32
1092,38
1092,60
1092,67
1092,319
1092,101
1092,188
1092,198
1092,199
1092,207
1092,263
1092,266
1092,314
1092,328
1092,337
1092,354
1092,396
1092,399
1092,255
1092,24
753,3
753,160
753,15
753,22
753,26
753,28
753,94
753,29
753,31
753,37
753,38
753,42
753,62
753,72
753,78
753,148
753,81
753,97
753,107
753,113
753,123
753,126
753,127
753,284
753,133
753,366
753,134
753,319
753,101
753,53
753,150
753,158
753,159
753,164
753,176
753,177
753,63
753,65
753,175
753,171
753,199
753,204
753,205
753,207
753,225
753,226
753,232
753,233
753,243
753,261
753,10
753,266
753,274
753,356
753,279
753,293
753,299
753,301
753,303
753,308
753,309
753,314
753,317
753,316
753,325
753,337
753,342
753,346
753,138
753,350
753,195
753,353
753,238
753,354
753,361
753,137
753,374
753,379
753,396
753,73
753,180
753,14
753,285
753,51
753,89
753,48
753,220
753,8
753,221
753,219
753,16
753,172
753,336
753,2
753,56
753,86
753,85
753,222
753,208
753,344
753,23
753,173
753,74
753,76
753,212
753,120
753,182
753,198
753,210
753,215
753,273
753,360
753,382
753,381
753,155
753,36
753,371
753,340
753,240
753,183
753,47
753,277
753,278
753,214
753,213
753,46
753,45
753,328
538,0
538,3
538,29
538,31
538,67
538,72
538,85
538,90
538,124
538,113
538,120
538,126
538,284
538,319
538,101
538,53
538,152
538,162
538,177
538,63
538,198
538,199
538,207
538,230
538,266
538,293
538,299
538,314
538,330
538,83
538,333
538,350
538,195
538,353
538,238
538,337
538,364
538,368
538,137
538,374
538,379
538,396
538,399
538,117
538,349
538,99
538,258
538,151
538,365
538,220
538,219
538,240
538,109
538,148
538,209
538,24
538,23
538,321
538,56
538,146
538,107
538,363
538,227
174,38
174,85
174,134
174,143
174,177
174,242
174,305
174,145
174,144
174,393
174,347
174,293
823,22
823,44
823,103
823,54
823,212
823,81
823,124
823,113
823,284
823,53
823,158
823,177
823,175
823,171
823,242
823,266
823,268
823,273
823,293
823,301
823,348
823,307
823,137
823,27
823,396
823,61
823,252
823,365
823,220
823,341
823,219
823,371
823,340
823,336
823,146
823,214
823,213
823,46
605,41
605,177
605,66
605,199
605,207
605,290
605,266
605,296
605,325
605,353
605,113
605,238
605,337
605,354
605,388
605,390
605,56
605,387
534,3
534,160
534,29
534,32
534,33
534,256
534,39
534,60
534,67
534,72
534,77
534,107
534,113
534,120
534,123
534,126
534,136
534,319
534,101
534,147
534,37
534,53
534,152
534,176
534,177
534,65
534,198
534,207
534,326
534,243
534,261
534,10
534,266
534,273
534,293
534,299
534,278
534,301
534,314
534,325
534,330
534,83
534,353
534,238
534,337
534,354
534,364
534,368
534,376
534,373
534,379
534,385
534,386
534,395
534,396
534,117
534,220
534,262
534,219
534,235
534,240
534,109
534,148
534,209
534,259
534,320
534,48
534,250
534,179
534,24
534,23
534,149
534,332
534,73
534,84
534,394
534,189
534,245
534,351
534,195
534,327
534,12
534,344
534,6
1112,2
1112,3
1112,160
1112,7
1112,18
1112,21
1112,22
1112,173
1112,28
1112,94
1112,29
1112,33
1112,256
1112,34
1112,37
1112,38
1112,39
1112,42
1112,248
1112,75
1112,59
1112,62
1112,67
1112,69
1112,72
1112,212
1112,78
1112,148
1112,79
1112,80
1112,81
1112,85
1112,90
1112,234
1112,112
1112,124
1112,96
1112,100
1112,101
1112,106
1112,107
1112,113
1112,116
1112,119
1112,291
1112,120
1112,123
1112,126
1112,129
1112,131
1112,284
1112,132
1112,134
1112,136
1112,286
1112,319
1112,143
1112,147
1112,53
1112,150
1112,156
1112,161
1112,158
1112,159
1112,162
1112,164
1112,176
1112,177
1112,178
1112,64
1112,169
1112,174
1112,175
1112,171
1112,182
1112,186
1112,187
1112,191
1112,192
1112,193
1112,190
1112,194
1112,196
1112,198
1112,199
1112,202
1112,203
1112,204
1112,205
1112,206
1112,207
1112,210
1112,215
1112,216
1112,224
1112,225
1112,272
1112,229
1112,88
1112,253
1112,231
1112,233
1112,242
1112,243
1112,87
1112,263
1112,257
1112,153
1112,266
1112,269
1112,273
1112,279
1112,281
1112,293
1112,297
1112,298
1112,299
1112,278
1112,301
1112,309
1112,314
1112,315
1112,329
1112,330
1112,83
1112,73
1112,338
1112,340
1112,342
1112,345
1112,346
1112,138
1112,348
1112,70
1112,353
1112,238
1112,337
1112,358
1112,360
1112,361
1112,364
1112,368
1112,370
1112,137
1112,372
1112,377
1112,376
1112,373
1112,379
1112,27
1112,391
1112,396
1112,398
1112,397
1112,221
1112,117
1112,14
1112,103
1112,89
1112,48
1112,155
1112,255
1112,304
1112,45
1112,36
1112,16
1112,118
1112,172
1112,241
1112,307
1112,371
1112,235
1112,4
1112,240
1112,109
1112,209
1112,259
1112,211
1112,1
1112,139
1112,144
1112,252
1112,5
1112,135
1112,323
1112,183
1112,47
1112,321
1112,258
1112,367
1112,277
1112,239
1112,84
1112,394
1112,395
1112,189
1112,245
1112,115
1112,351
1112,195
1112,9
1112,214
1112,213
1112,46
1112,128
1112,343
1112,236
1112,222
1112,93
1112,327
1112,325
1112,326
1112,344
98,2
98,3
98,160
98,13
98,15
98,17
98,18
98,19
98,20
98,21
98,23
98,22
98,25
98,26
98,28
98,94
98,29
98,31
98,33
98,256
98,34
98,37
98,38
98,39
98,40
98,41
98,42
98,248
98,44
98,103
98,57
98,62
98,69
98,267
98,72
98,76
98,77
98,212
98,78
98,148
98,79
98,80
98,81
98,82
98,85
98,90
98,91
98,92
98,43
98,93
98,234
98,112
98,124
98,96
98,97
98,98
98,100
98,101
98,105
98,106
98,107
98,108
98,113
98,119
98,291
98,120
98,121
98,122
98,123
98,126
98,127
98,129
98,130
98,131
98,284
98,132
98,133
98,134
98,136
98,286
98,161
98,319
98,140
98,143
98,147
98,53
98,150
98,152
98,156
98,157
98,158
98,159
98,162
98,164
98,165
98,166
98,167
98,176
98,177
98,63
98,64
98,65
98,168
98,169
98,170
98,174
98,175
98,171
98,182
98,186
98,188
98,125
98,191
98,193
98,190
98,194
98,195
98,196
98,198
98,199
98,202
98,204
98,205
98,206
98,207
98,290
98,210
98,215
98,216
98,224
98,225
98,35
98,272
98,230
98,229
98,231
98,232
98,233
98,58
98,242
98,243
98,246
98,87
98,253
98,200
98,263
98,257
98,261
98,10
98,264
98,265
98,266
98,269
98,273
98,274
98,356
98,275
98,279
98,280
98,281
98,287
98,292
98,293
98,294
98,295
98,296
98,297
98,299
98,300
98,301
98,303
98,309
98,311
98,378
98,313
98,312
98,314
98,315
98,317
98,316
98,325
98,329
98,330
98,83
98,337
98,333
98,338
98,342
98,345
98,348
98,70
98,307
98,350
98,352
98,353
98,238
98,354
98,358
98,360
98,361
98,364
98,368
98,370
98,137
98,372
98,310
98,374
98,377
98,376
98,373
98,379
98,382
98,381
98,27
98,385
98,386
98,390
98,391
98,396
98,398
98,397
98,318
98,399
98,117
98,375
98,73
98,180
98,387
98,61
98,349
98,99
98,14
98,251
98,11
98,305
98,322
98,285
98,68
98,252
98,95
98,250
98,258
98,51
98,89
98,48
98,151
98,365
98,388
98,155
98,220
98,8
98,221
98,262
98,236
98,255
98,55
98,145
98,219
98,304
98,45
98,36
98,16
98,339
98,118
98,227
98,172
98,241
98,371
98,340
98,235
98,240
98,109
98,209
98,259
98,254
98,71
98,211
98,1
98,4
98,110
98,111
98,357
98,247
98,244
98,355
98,5
98,320
98,139
98,144
98,52
98,179
98,135
98,359
98,288
98,289
98,323
98,183
98,154
98,47
98,116
98,324
98,141
98,393
98,306
98,321
98,197
98,56
98,367
98,277
98,278
98,239
98,50
98,84
98,217
98,146
98,394
98,395
98,189
98,245
98,201
98,214
98,213
98,46
98,128
98,343
98,302
98,228
98,222
98,328
98,331
98,178
98,344
98,149
98,380
1066,21
1066,23
1066,22
1066,29
1066,31
1066,32
1066,40
1066,75
1066,60
1066,59
1066,78
1066,148
1066,81
1066,85
1066,124
1066,107
1066,113
1066,126
1066,127
1066,284
1066,319
1066,101
1066,53
1066,152
1066,161
1066,158
1066,176
1066,177
1066,63
1066,41
1066,64
1066,123
1066,170
1066,174
1066,175
1066,171
1066,188
1066,194
1066,196
1066,198
1066,199
1066,205
1066,207
1066,210
1066,230
1066,232
1066,242
1066,264
1066,266
1066,273
1066,280
1066,283
1066,287
1066,293
1066,299
1066,301
1066,308
1066,309
1066,314
1066,317
1066,325
1066,83
1066,73
1066,337
1066,350
1066,195
1066,353
1066,238
1066,354
1066,360
1066,368
1066,137
1066,374
1066,379
1066,27
1066,389
1066,396
1066,117
1066,375
1066,387
1066,14
1066,181
1066,388
1066,262
1066,371
1066,340
1066,258
1066,254
1066,1
1066,110
1066,121
1066,56
1066,394
1066,395
1066,343
1066,208
1066,331
1066,265
1066,327
1066,344
1224,3
1224,160
1224,25
1224,26
1224,32
1224,33
1224,256
1224,34
1224,42
1224,248
1224,62
1224,72
1224,212
1224,80
1224,81
1224,85
1224,124
1224,96
1224,113
1224,123
1224,127
1224,284
1224,134
1224,319
1224,101
1224,143
1224,161
1224,158
1224,162
1224,163
1224,164
1224,177
1224,187
1224,125
1224,193
1224,194
1224,198
1224,199
1224,210
1224,229
1224,294
1224,242
1224,266
1224,273
1224,296
1224,299
1224,301
1224,314
1224,325
1224,330
1224,338
1224,342
1224,348
1224,252
1224,353
1224,238
1224,337
1224,354
1224,372
1224,377
1224,376
1224,373
1224,379
1224,27
1224,390
1224,395
1224,396
1224,117
1224,375
1224,285
1224,68
1224,55
1224,118
1224,241
1224,371
1224,340
1224,259
1224,393
1224,218
1224,217
1224,302
1224,228
1224,222
407,3
407,160
407,13
407,18
407,23
407,22
407,26
407,28
407,94
407,29
407,32
407,33
407,256
407,37
407,39
407,40
407,42
407,248
407,57
407,267
407,72
407,76
407,212
407,78
407,148
407,79
407,80
407,81
407,82
407,85
407,234
407,112
407,124
407,96
407,105
407,104
407,106
407,107
407,108
407,113
407,119
407,291
407,120
407,121
407,123
407,127
407,129
407,130
407,131
407,284
407,132
407,134
407,136
407,138
407,319
407,101
407,140
407,143
407,147
407,53
407,150
407,152
407,156
407,157
407,158
407,159
407,162
407,163
407,176
407,177
407,64
407,65
407,66
407,49
407,175
407,171
407,182
407,193
407,194
407,195
407,198
407,199
407,202
407,204
407,206
407,290
407,210
407,216
407,224
407,225
407,229
407,231
407,233
407,242
407,243
407,87
407,253
407,257
407,260
407,261
407,10
407,265
407,266
407,273
407,274
407,356
407,280
407,281
407,287
407,293
407,294
407,296
407,297
407,299
407,301
407,303
407,311
407,378
407,314
407,329
407,83
407,342
407,343
407,346
407,348
407,353
407,238
407,337
407,354
407,358
407,360
407,364
407,368
407,137
407,372
407,310
407,374
407,377
407,376
407,373
407,379
407,27
407,391
407,396
407,398
407,397
407,117
407,375
407,73
407,180
407,387
407,14
407,251
407,11
407,285
407,250
407,155
407,236
407,255
407,304
407,45
407,36
407,16
407,237
407,241
407,307
407,371
407,340
407,240
407,109
407,209
407,259
407,254
407,211
407,1
407,4
407,110
407,111
407,5
407,320
407,185
407,48
407,179
407,245
407,135
407,183
407,47
407,116
407,393
407,332
407,239
407,50
407,84
407,217
407,146
407,394
407,395
407,154
407,189
407,351
407,214
407,213
407,46
407,128
407,302
407,228
407,222
407,258
407,327
407,325
407,289
407,344
407,149
939,3
939,160
939,15
939,18
939,23
939,22
939,173
939,25
939,28
939,94
939,32
939,33
939,256
939,270
939,72
939,76
939,212
939,79
939,81
939,124
939,96
939,107
939,113
939,120
939,123
939,126
939,284
939,366
939,138
939,286
939,319
939,101
939,143
939,147
939,37
939,53
939,158
939,182
939,198
939,199
939,326
939,233
939,261
939,10
939,266
939,273
939,279
939,293
939,297
939,298
939,301
939,314
939,316
939,325
939,328
939,346
939,348
939,70
939,353
939,238
939,337
939,360
939,362
939,137
939,376
939,373
939,379
939,390
939,396
939,89
939,48
939,155
939,262
939,36
939,16
939,227
939,172
939,241
939,371
939,340
939,223
939,259
939,276
939,341
939,336
939,323
939,183
939,277
939,278
939,214
939,213
939,46
939,251
603,3
603,160
603,18
603,21
603,23
603,22
603,26
603,29
603,33
603,256
603,34
603,37
603,42
603,248
603,57
603,60
603,59
603,62
603,67
603,72
603,212
603,80
603,81
603,91
603,92
603,43
603,93
603,124
603,100
603,101
603,102
603,107
603,113
603,120
603,123
603,130
603,132
603,286
603,319
603,143
603,147
603,53
603,150
603,156
603,157
603,161
603,158
603,177
603,64
603,49
603,175
603,171
603,193
603,198
603,199
603,203
603,210
603,215
603,216
603,35
603,291
603,326
603,242
603,87
603,253
603,200
603,257
603,265
603,266
603,273
603,275
603,293
603,294
603,296
603,299
603,301
603,309
603,314
603,317
603,337
603,340
603,348
603,350
603,195
603,352
603,358
603,370
603,137
603,372
603,377
603,376
603,373
603,379
603,382
603,381
603,27
603,391
603,396
603,397
603,221
603,117
603,375
603,73
603,285
603,68
603,252
603,250
603,89
603,48
603,155
603,220
603,262
603,55
603,219
603,241
603,371
603,240
603,109
603,148
603,209
603,259
603,4
603,149
603,320
603,359
603,288
603,289
603,183
603,324
603,38
603,218
603,217
603,332
603,146
603,214
603,213
603,46
603,128
603,343
603,222
603,258
603,327
603,325
603,94
603,1
1331,3
1331,160
1331,17
1331,18
1331,19
1331,20
1331,21
1331,22
1331,25
1331,26
1331,28
1331,94
1331,29
1331,32
1331,33
1331,256
1331,37
1331,39
1331,40
1331,41
1331,42
1331,248
1331,57
1331,72
1331,212
1331,78
1331,148
1331,79
1331,80
1331,81
1331,124
1331,96
1331,97
1331,105
1331,102
1331,104
1331,107
1331,108
1331,113
1331,119
1331,291
1331,121
1331,122
1331,123
1331,126
1331,127
1331,129
1331,130
1331,131
1331,133
1331,134
1331,319
1331,101
1331,140
1331,143
1331,147
1331,53
1331,150
1331,156
1331,161
1331,158
1331,165
1331,166
1331,167
1331,177
1331,64
1331,168
1331,170
1331,174
1331,175
1331,171
1331,182
1331,188
1331,193
1331,194
1331,196
1331,198
1331,199
1331,202
1331,203
1331,204
1331,205
1331,206
1331,207
1331,290
1331,210
1331,216
1331,225
1331,226
1331,35
1331,326
1331,230
1331,231
1331,232
1331,233
1331,242
1331,243
1331,246
1331,249
1331,87
1331,253
1331,200
1331,263
1331,266
1331,269
1331,273
1331,280
1331,281
1331,283
1331,287
1331,294
1331,296
1331,299
1331,301
1331,303
1331,309
1331,311
1331,378
1331,315
1331,316
1331,329
1331,330
1331,334
1331,333
1331,345
1331,70
1331,350
1331,195
1331,353
1331,238
1331,337
1331,354
1331,358
1331,360
1331,361
1331,364
1331,368
1331,137
1331,372
1331,374
1331,376
1331,373
1331,379
1331,27
1331,385
1331,386
1331,391
1331,396
1331,398
1331,397
1331,117
1331,375
1331,73
1331,14
1331,305
1331,285
1331,68
1331,51
1331,89
1331,48
1331,365
1331,155
1331,8
1331,221
1331,236
1331,219
1331,304
1331,45
1331,103
1331,322
1331,241
1331,307
1331,371
1331,340
1331,235
1331,259
1331,254
1331,211
1331,111
1331,179
1331,106
1331,135
1331,359
1331,288
1331,289
1331,336
1331,323
1331,116
1331,393
1331,321
1331,197
1331,56
1331,277
1331,278
1331,239
1331,84
1331,146
1331,394
1331,395
1331,86
1331,85
1331,154
1331,115
1331,351
1331,9
1331,201
1331,52
1331,214
1331,213
1331,46
1331,128
1331,265
1331,222
1331,258
1331,1
1331,327
1331,325
1331,344
1331,149
1331,380
1331,6
756,82
756,113
756,319
756,101
756,152
756,177
756,169
756,198
756,314
898,3
898,160
898,37
898,42
898,212
898,79
898,85
898,100
898,101
898,104
898,107
898,113
898,120
898,126
898,284
898,134
898,319
898,143
898,147
898,53
898,158
898,177
898,198
898,202
898,210
898,216
898,242
898,260
898,265
898,266
898,273
898,293
898,301
898,314
898,330
898,338
898,253
898,358
898,370
898,137
898,372
898,377
898,396
898,398
898,117
898,305
898,145
898,118
898,227
898,371
898,340
898,240
898,109
898,148
898,209
898,144
898,116
898,393
898,394
898,395
898,86
898,347
898,214
898,213
898,302
898,228
898,289
898,344
688,40
688,248
688,81
688,107
688,113
688,158
688,177
688,64
688,65
688,205
688,207
688,266
688,273
688,354
688,27
688,389
688,390
688,396
688,388
688,262
688,172
688,241
688,141
688,222
40,22
40,28
40,94
40,42
40,72
40,85
40,53
40,165
40,170
40,196
40,225
40,184
40,273
40,301
40,338
40,360
40,397
40,180
40,181
40,236
40,16
40,371
40,340
40,259
40,256
40,183
40,86
424,3
424,160
424,22
424,26
424,29
424,33
424,256
424,37
424,42
424,248
424,57
424,212
424,80
424,100
424,107
424,113
424,123
424,126
424,319
424,101
424,147
424,53
424,157
424,158
424,165
424,177
424,170
424,182
424,191
424,193
424,194
424,198
424,205
424,210
424,215
424,326
424,242
424,263
424,265
424,266
424,271
424,369
424,273
424,276
424,278
424,279
424,292
424,293
424,297
424,299
424,301
424,309
424,311
424,378
424,313
424,312
424,314
424,325
424,329
424,330
424,338
424,360
424,372
424,377
424,376
424,373
424,379
424,396
424,397
424,322
424,89
424,48
424,255
424,55
424,103
424,16
424,339
424,172
424,241
424,371
424,340
424,259
424,327
424,5
424,183
424,321
424,277
424,86
424,85
424,214
424,213
424,46
424,222
434,3
434,160
434,17
434,25
434,26
434,28
434,94
434,29
434,33
434,256
434,34
434,37
434,38
434,39
434,40
434,42
434,59
434,72
434,79
434,81
434,85
434,91
434,92
434,43
434,100
434,106
434,107
434,113
434,123
434,126
434,131
434,134
434,286
434,319
434,101
434,147
434,53
434,150
434,156
434,157
434,162
434,165
434,166
434,177
434,65
434,170
434,186
434,193
434,194
434,198
434,205
434,206
434,207
434,290
434,35
434,291
434,272
434,88
434,253
434,266
434,274
434,356
434,276
434,278
434,292
434,293
434,296
434,299
434,301
434,311
434,378
434,314
434,318
434,383
434,325
434,329
434,330
434,338
434,352
434,353
434,238
434,337
434,354
434,360
434,364
434,368
434,372
434,310
434,374
434,377
434,379
434,391
434,392
434,396
434,117
434,285
434,250
434,255
434,55
434,36
434,16
434,240
434,109
434,148
434,209
434,259
434,141
434,218
434,217
434,321
434,332
434,73
434,56
434,146
434,189
434,245
434,48
434,351
434,195
434,222
434,344
434,6
434,395
1219,3
1219,160
1219,33
1219,256
1219,37
1219,42
1219,107
1219,113
1219,123
1219,177
1219,266
1219,293
1219,330
1219,391
1219,55
1219,259
1219,218
1219,217
199,2
199,3
199,160
199,15
199,18
199,21
199,22
199,173
199,25
199,28
199,94
199,29
199,32
199,33
199,256
199,34
199,37
199,38
199,39
199,40
199,42
199,248
199,44
199,103
199,75
199,57
199,60
199,59
199,62
199,69
199,267
199,72
199,76
199,212
199,78
199,148
199,79
199,80
199,81
199,82
199,85
199,93
199,234
199,112
199,124
199,96
199,100
199,101
199,105
199,106
199,107
199,108
199,113
199,119
199,291
199,120
199,123
199,126
199,127
199,129
199,130
199,284
199,366
199,134
199,286
199,319
199,143
199,147
199,53
199,150
199,152
199,156
199,157
199,161
199,158
199,159
199,177
199,63
199,64
199,65
199,168
199,169
199,170
199,174
199,175
199,171
199,182
199,186
199,187
199,188
199,125
199,191
199,190
199,194
199,195
199,198
199,199
199,202
199,203
199,205
199,206
199,207
199,290
199,210
199,215
199,216
199,224
199,225
199,326
199,229
199,342
199,231
199,233
199,242
199,243
199,249
199,153
199,261
199,10
199,265
199,266
199,269
199,273
199,275
199,279
199,281
199,292
199,293
199,294
199,296
199,298
199,299
199,278
199,300
199,301
199,303
199,308
199,309
199,311
199,378
199,313
199,312
199,314
199,316
199,318
199,383
199,325
199,330
199,73
199,253
199,346
199,138
199,348
199,70
199,352
199,353
199,238
199,337
199,354
199,358
199,360
199,361
199,362
199,364
199,365
199,368
199,370
199,137
199,372
199,374
199,377
199,376
199,373
199,379
199,27
199,389
199,391
199,395
199,396
199,398
199,397
199,117
199,375
199,180
199,285
199,68
199,181
199,252
199,95
199,250
199,388
199,220
199,262
199,236
199,255
199,55
199,145
199,219
199,304
199,45
199,36
199,16
199,339
199,118
199,227
199,172
199,241
199,307
199,371
199,340
199,240
199,109
199,209
199,259
199,71
199,211
199,1
199,4
199,244
199,320
199,144
199,185
199,48
199,341
199,359
199,288
199,289
199,336
199,323
199,183
199,151
199,154
199,47
199,116
199,141
199,393
199,306
199,332
199,56
199,277
199,50
199,84
199,217
199,146
199,99
199,192
199,189
199,245
199,351
199,214
199,213
199,46
199,128
199,343
199,302
199,228
199,222
199,258
199,208
199,331
199,247
199,178
199,327
199,363
199,12
199,251
199,380
199,6
1130,98
1130,87
1130,311
817,3
817,160
817,107
817,123
817,133
817,319
817,101
817,152
817,158
817,266
817,314
817,137
817,27
817,396
817,36
817,371
817,340
817,46
403,23
403,173
403,26
403,28
403,94
403,124
403,105
403,107
403,133
403,286
403,319
403,101
403,164
403,198
403,266
403,279
403,360
403,379
403,396
403,185
403,306
403,307
403,246
75,319
75,101
75,137
75,118
75,347
75,293
297,3
297,160
297,25
297,28
297,94
297,33
297,256
297,34
297,37
297,42
297,72
297,81
297,124
297,101
297,107
297,113
297,123
297,126
297,319
297,147
297,150
297,177
297,198
297,87
297,253
297,257
297,266
297,293
297,352
297,354
297,379
297,396
297,250
297,235
297,158
297,1
297,222
297,2
784,0
784,3
784,2
784,160
784,7
784,18
784,23
784,28
784,94
784,29
784,33
784,256
784,38
784,42
784,248
784,75
784,57
784,59
784,267
784,72
784,212
784,79
784,80
784,81
784,82
784,85
784,91
784,92
784,43
784,96
784,100
784,105
784,107
784,113
784,122
784,123
784,126
784,127
784,131
784,284
784,132
784,319
784,101
784,143
784,147
784,37
784,53
784,150
784,161
784,158
784,167
784,177
784,169
784,174
784,175
784,171
784,186
784,187
784,198
784,199
784,207
784,210
784,216
784,35
784,291
784,272
784,88
784,253
784,233
784,58
784,242
784,243
784,246
784,249
784,87
784,153
784,264
784,265
784,266
784,269
784,273
784,274
784,356
784,279
784,292
784,293
784,296
784,299
784,301
784,314
784,330
784,337
784,338
784,340
784,252
784,350
784,195
784,352
784,353
784,238
784,354
784,358
784,362
784,137
784,372
784,310
784,374
784,377
784,379
784,382
784,381
784,27
784,392
784,396
784,398
784,73
784,251
784,11
784,250
784,51
784,220
784,8
784,221
784,219
784,36
784,118
784,371
784,240
784,109
784,148
784,209
784,259
784,1
784,4
784,355
784,190
784,359
784,288
784,289
784,336
784,47
784,324
784,24
784,218
784,217
784,239
784,146
784,86
784,189
784,245
784,9
784,380
784,214
784,213
784,46
784,302
784,228
784,222
784,344
509,7
509,13
509,33
509,256
509,42
509,330
509,130
509,147
509,37
509,158
509,165
509,169
509,175
509,171
509,215
509,216
509,229
509,233
509,87
509,253
509,257
509,153
509,296
509,309
509,352
509,360
509,365
509,370
509,384
509,398
509,221
509,252
509,348
509,250
509,339
509,118
509,258
509,259
509,71
509,4
509,355
509,322
509,336
509,141
509,302
509,228
522,2
522,3
522,160
522,15
522,22
522,25
522,26
522,32
522,33
522,256
522,34
522,37
522,60
522,72
522,78
522,148
522,81
522,85
522,234
522,112
522,124
522,105
522,107
522,113
522,114
522,344
522,120
522,126
522,284
522,133
522,134
522,319
522,101
522,147
522,53
522,150
522,152
522,166
522,177
522,63
522,123
522,182
522,125
522,195
522,196
522,206
522,207
522,290
522,216
522,225
522,326
522,229
522,232
522,233
522,87
522,253
522,257
522,261
522,10
522,266
522,279
522,282
522,335
522,202
522,293
522,296
522,297
522,298
522,299
522,301
522,314
522,330
522,337
522,338
522,343
522,70
522,352
522,353
522,238
522,354
522,360
522,364
522,368
522,372
522,310
522,379
522,384
522,391
522,396
522,398
522,117
522,180
522,251
522,11
522,259
522,94
522,244
522,144
522,285
522,24
522,23
522,306
522,307
522,56
522,367
522,239
522,50
522,115
522,351
522,222
522,327
522,325
522,395
1280,3
1280,160
1280,15
1280,21
1280,23
1280,22
1280,30
1280,25
1280,26
1280,28
1280,94
1280,29
1280,33
1280,256
1280,37
1280,38
1280,39
1280,42
1280,60
1280,62
1280,72
1280,76
1280,78
1280,148
1280,79
1280,81
1280,85
1280,234
1280,112
1280,124
1280,101
1280,107
1280,108
1280,113
1280,120
1280,121
1280,123
1280,126
1280,127
1280,284
1280,133
1280,134
1280,136
1280,319
1280,147
1280,53
1280,150
1280,152
1280,156
1280,157
1280,158
1280,162
1280,176
1280,177
1280,174
1280,175
1280,171
1280,182
1280,188
1280,191
1280,194
1280,198
1280,199
1280,202
1280,207
1280,215
1280,225
1280,35
1280,291
1280,326
1280,233
1280,243
1280,87
1280,253
1280,200
1280,266
1280,271
1280,369
1280,274
1280,356
1280,280
1280,293
1280,296
1280,297
1280,298
1280,299
1280,314
1280,328
1280,330
1280,334
1280,83
1280,333
1280,338
1280,340
1280,342
1280,345
1280,346
1280,138
1280,348
1280,353
1280,238
1280,337
1280,354
1280,358
1280,360
1280,361
1280,364
1280,365
1280,368
1280,372
1280,310
1280,374
1280,379
1280,382
1280,381
1280,391
1280,396
1280,398
1280,397
1280,117
1280,73
1280,180
1280,14
1280,251
1280,11
1280,305
1280,285
1280,181
1280,250
1280,51
1280,327
1280,255
1280,55
1280,145
1280,16
1280,172
1280,235
1280,240
1280,109
1280,209
1280,259
1280,211
1280,357
1280,247
1280,5
1280,139
1280,111
1280,341
1280,135
1280,336
1280,24
1280,306
1280,307
1280,197
1280,56
1280,84
1280,146
1280,154
1280,189
1280,245
1280,351
1280,195
1280,206
1280,222
1280,125
1280,344
1280,6
1280,395
131,15
131,18
131,173
131,25
131,29
131,33
131,256
131,34
131,37
131,38
131,59
131,212
131,81
131,85
131,234
131,112
131,101
131,113
131,126
131,284
131,133
131,319
131,147
131,152
131,156
131,177
131,196
131,198
131,206
131,290
131,233
131,243
131,200
131,266
131,274
131,356
131,279
131,296
131,297
131,299
131,313
131,312
131,314
131,337
131,338
131,346
131,138
131,350
131,195
131,353
131,238
131,360
131,310
131,377
131,396
131,285
131,51
131,259
131,135
131,24
131,23
131,306
131,307
131,48
131,207
131,222
131,344
1289,2
1289,3
1289,160
1289,18
1289,19
1289,21
1289,23
1289,22
1289,30
1289,28
1289,94
1289,29
1289,32
1289,33
1289,256
1289,37
1289,39
1289,42
1289,248
1289,59
1289,62
1289,77
1289,212
1289,78
1289,148
1289,80
1289,81
1289,85
1289,93
1289,234
1289,112
1289,124
1289,96
1289,100
1289,101
1289,105
1289,106
1289,107
1289,113
1289,120
1289,123
1289,126
1289,127
1289,129
1289,284
1289,133
1289,136
1289,286
1289,143
1289,147
1289,53
1289,150
1289,156
1289,158
1289,159
1289,163
1289,176
1289,177
1289,64
1289,49
1289,170
1289,175
1289,171
1289,182
1289,194
1289,196
1289,198
1289,199
1289,203
1289,205
1289,207
1289,210
1289,216
1289,225
1289,232
1289,233
1289,242
1289,87
1289,253
1289,200
1289,257
1289,264
1289,265
1289,266
1289,269
1289,273
1289,274
1289,356
1289,279
1289,293
1289,294
1289,297
1289,298
1289,299
1289,278
1289,301
1289,303
1289,308
1289,309
1289,314
1289,315
1289,325
1289,83
1289,338
1289,354
1289,360
1289,361
1289,364
1289,365
1289,368
1289,372
1289,310
1289,377
1289,376
1289,373
1289,379
1289,27
1289,391
1289,392
1289,396
1289,397
1289,117
1289,387
1289,14
1289,285
1289,181
1289,252
1289,348
1289,250
1289,145
1289,118
1289,241
1289,307
1289,371
1289,340
1289,240
1289,109
1289,209
1289,4
1289,357
1289,247
1289,5
1289,48
1289,135
1289,359
1289,288
1289,289
1289,336
1289,183
1289,393
1289,332
1289,73
1289,239
1289,217
1289,351
1289,195
1289,9
1289,214
1289,213
1289,46
1289,128
1289,45
1289,222
1289,331
1289,327
1289,344
1289,6
1289,395
475,3
475,160
475,22
475,33
475,256
475,37
475,42
475,248
475,59
475,212
475,80
475,81
475,85
475,107
475,113
475,123
475,147
475,158
475,177
475,182
475,199
475,216
475,326
475,242
475,257
475,265
475,266
475,273
475,293
475,294
475,297
475,325
475,329
475,330
475,338
475,253
475,372
475,377
475,27
475,236
475,36
475,16
475,241
475,259
475,179
475,214
475,213
475,302
475,228
475,222
1185,3
1185,160
1185,26
1185,28
1185,94
1185,29
1185,33
1185,256
1185,37
1185,42
1185,248
1185,72
1185,80
1185,100
1185,107
1185,113
1185,123
1185,126
1185,319
1185,101
1185,147
1185,53
1185,150
1185,158
1185,165
1185,177
1185,170
1185,182
1185,194
1185,198
1185,205
1185,210
1185,326
1185,242
1185,263
1185,265
1185,266
1185,271
1185,369
1185,273
1185,293
1185,297
1185,278
1185,309
1185,311
1185,378
1185,313
1185,312
1185,314
1185,325
1185,329
1185,338
1185,350
1185,195
1185,372
1185,376
1185,373
1185,396
1185,397
1185,89
1185,48
1185,255
1185,55
1185,241
1185,371
1185,340
1185,259
1185,183
1185,214
1185,213
1185,222
1185,327
63,2
63,3
63,160
63,23
63,33
63,256
63,248
63,80
63,81
63,107
63,113
63,123
63,126
63,319
63,101
63,147
63,37
63,150
63,158
63,177
63,169
63,175
63,171
63,195
63,198
63,290
63,210
63,215
63,257
63,266
63,273
63,293
63,299
63,314
63,352
63,353
63,238
63,337
63,137
63,379
63,396
63,117
63,220
63,371
63,340
63,240
63,109
63,148
63,209
63,1
63,222
1194,67
1194,152
1194,216
1194,225
1194,87
1194,253
1194,368
1194,258
216,17
216,293
553,7
553,20
553,22
553,25
553,26
553,29
553,32
553,33
553,256
553,34
553,37
553,38
553,39
553,40
553,42
553,248
553,59
553,62
553,69
553,72
553,76
553,77
553,212
553,80
553,85
553,90
553,234
553,112
553,124
553,101
553,104
553,108
553,126
553,131
553,284
553,133
553,134
553,136
553,286
553,319
553,143
553,53
553,157
553,158
553,163
553,166
553,176
553,64
553,66
553,168
553,170
553,175
553,171
553,182
553,186
553,187
553,193
553,195
553,198
553,199
553,207
553,290
553,210
553,216
553,272
553,230
553,233
553,242
553,243
553,246
553,263
553,260
553,261
553,10
553,265
553,266
553,269
553,273
553,274
553,356
553,275
553,281
553,293
553,296
553,297
553,298
553,308
553,309
553,314
553,316
553,325
553,330
553,334
553,83
553,340
553,345
553,348
553,252
553,70
553,353
553,113
553,238
553,337
553,354
553,360
553,361
553,362
553,368
553,137
553,310
553,376
553,373
553,379
553,382
553,381
553,27
553,396
553,398
553,397
553,117
553,73
553,61
553,349
553,99
553,251
553,11
553,305
553,322
553,285
553,68
553,250
553,365
553,220
553,184
553,237
553,55
553,219
553,103
553,118
553,253
553,241
553,307
553,371
553,211
553,244
553,5
553,135
553,336
553,323
553,116
553,24
553,23
553,2
553,321
553,56
553,239
553,217
553,146
553,214
553,213
553,46
553,12
553,380
553,328
132,2
132,3
132,160
132,23
132,22
132,28
132,94
132,29
132,33
132,256
132,37
132,42
132,248
132,270
132,62
132,72
132,212
132,80
132,81
132,85
132,96
132,100
132,101
132,107
132,113
132,120
132,123
132,126
132,319
132,142
132,147
132,53
132,161
132,158
132,177
132,64
132,65
132,186
132,187
132,194
132,195
132,198
132,199
132,203
132,205
132,206
132,207
132,210
132,326
132,233
132,242
132,264
132,265
132,266
132,273
132,279
132,293
132,294
132,303
132,309
132,314
132,338
132,348
132,352
132,354
132,360
132,137
132,372
132,377
132,27
132,396
132,397
132,399
132,117
132,73
132,285
132,89
132,48
132,341
132,55
132,36
132,118
132,172
132,241
132,371
132,340
132,240
132,109
132,148
132,209
132,4
132,336
132,47
132,201
132,52
132,214
132,213
132,298
132,302
132,228
132,222
132,344
296,2
296,3
296,160
296,33
296,256
296,37
296,42
296,248
296,212
296,80
296,81
296,124
296,102
296,107
296,113
296,120
296,123
296,132
296,286
296,319
296,101
296,150
296,156
296,157
296,158
296,159
296,177
296,64
296,169
296,203
296,207
296,257
296,266
296,273
296,293
296,314
296,253
296,368
296,379
296,27
296,396
296,117
296,118
296,241
296,371
296,340
296,94
296,1
296,179
296,183
296,214
296,213
296,222
1062,3
1062,160
1062,17
1062,20
1062,22
1062,28
1062,94
1062,29
1062,37
1062,248
1062,57
1062,59
1062,267
1062,212
1062,78
1062,148
1062,79
1062,80
1062,81
1062,234
1062,112
1062,96
1062,98
1062,107
1062,108
1062,113
1062,120
1062,123
1062,126
1062,127
1062,134
1062,319
1062,101
1062,143
1062,53
1062,157
1062,158
1062,163
1062,164
1062,176
1062,177
1062,64
1062,193
1062,194
1062,195
1062,198
1062,199
1062,206
1062,207
1062,290
1062,210
1062,216
1062,224
1062,233
1062,242
1062,260
1062,266
1062,273
1062,274
1062,356
1062,296
1062,299
1062,301
1062,330
1062,333
1062,338
1062,340
1062,345
1062,350
1062,353
1062,238
1062,337
1062,354
1062,364
1062,368
1062,310
1062,374
1062,377
1062,376
1062,373
1062,379
1062,27
1062,391
1062,392
1062,396
1062,397
1062,117
1062,375
1062,73
1062,14
1062,388
1062,155
1062,262
1062,236
1062,255
1062,72
1062,16
1062,241
1062,371
1062,240
1062,109
1062,209
1062,357
1062,247
1062,139
1062,48
1062,135
1062,197
1062,56
1062,84
1062,146
1062,201
1062,52
1062,214
1062,213
1062,222
1062,315
1062,344
1062,328
1062,395
1118,104
1118,314
1118,137
1118,118
1118,341
678,3
678,160
678,15
678,18
678,22
678,25
678,26
678,28
678,94
678,29
678,33
678,256
678,34
678,37
678,38
678,248
678,57
678,60
678,67
678,72
678,74
678,78
678,148
678,80
678,81
678,85
678,101
678,105
678,102
678,107
678,113
678,120
678,123
678,126
678,366
678,138
678,319
678,143
678,147
678,53
678,152
678,158
678,164
678,167
678,177
678,64
678,65
678,182
678,125
678,193
678,196
678,198
678,204
678,206
678,207
678,290
678,210
678,225
678,88
678,253
678,232
678,184
678,242
678,87
678,261
678,10
678,266
678,268
678,273
678,274
678,356
678,279
678,281
678,287
678,296
678,297
678,298
678,299
678,278
678,311
678,378
678,313
678,312
678,314
678,325
678,330
678,346
678,348
678,70
678,353
678,238
678,337
678,354
678,360
678,364
678,365
678,137
678,310
678,376
678,373
678,379
678,27
678,384
678,391
678,396
678,117
678,180
678,285
678,250
678,51
678,155
678,255
678,36
678,16
678,172
678,241
678,371
678,340
678,240
678,109
678,209
678,259
678,4
678,106
678,135
678,359
678,288
678,289
678,183
678,393
678,306
678,307
678,239
678,146
678,48
678,351
678,195
678,46
678,128
678,343
678,302
678,228
678,222
678,208
678,331
678,265
678,344
678,149
1180,3
1180,160
1180,7
1180,23
1180,22
1180,25
1180,26
1180,28
1180,94
1180,29
1180,32
1180,33
1180,256
1180,34
1180,37
1180,38
1180,40
1180,42
1180,248
1180,54
1180,57
1180,60
1180,59
1180,67
1180,72
1180,212
1180,79
1180,80
1180,81
1180,85
1180,91
1180,92
1180,43
1180,101
1180,107
1180,113
1180,120
1180,123
1180,126
1180,127
1180,129
1180,131
1180,284
1180,133
1180,134
1180,319
1180,143
1180,147
1180,53
1180,150
1180,152
1180,156
1180,157
1180,161
1180,158
1180,166
1180,177
1180,64
1180,66
1180,170
1180,193
1180,195
1180,196
1180,198
1180,199
1180,202
1180,204
1180,205
1180,207
1180,290
1180,210
1180,35
1180,291
1180,326
1180,88
1180,253
1180,294
1180,184
1180,242
1180,243
1180,87
1180,200
1180,153
1180,261
1180,10
1180,266
1180,273
1180,274
1180,356
1180,292
1180,293
1180,296
1180,299
1180,278
1180,301
1180,309
1180,314
1180,318
1180,383
1180,325
1180,329
1180,330
1180,338
1180,340
1180,342
1180,353
1180,238
1180,337
1180,354
1180,360
1180,364
1180,137
1180,372
1180,310
1180,377
1180,376
1180,373
1180,379
1180,382
1180,381
1180,27
1180,391
1180,395
1180,396
1180,117
1180,285
1180,181
1180,250
1180,255
1180,118
1180,172
1180,241
1180,371
1180,223
1180,240
1180,109
1180,148
1180,209
1180,259
1180,211
1180,1
1180,52
1180,48
1180,179
1180,106
1180,135
1180,336
1180,183
1180,100
1180,2
1180,218
1180,217
1180,332
1180,73
1180,56
1180,50
1180,146
1180,394
1180,351
1180,201
1180,214
1180,213
1180,46
1180,128
1180,222
1180,327
1180,344
1180,6
109,248
109,57
109,113
109,126
109,319
109,101
109,53
109,158
109,177
109,64
109,194
109,198
109,207
109,210
109,266
109,273
109,314
109,317
109,354
109,27
109,396
109,220
109,241
109,371
109,340
109,189
109,245
109,222
1333,2
1333,3
1333,160
1333,15
1333,18
1333,23
1333,22
1333,26
1333,28
1333,94
1333,29
1333,32
1333,33
1333,256
1333,34
1333,37
1333,40
1333,42
1333,248
1333,75
1333,54
1333,60
1333,270
1333,62
1333,267
1333,72
1333,212
1333,78
1333,148
1333,79
1333,80
1333,81
1333,85
1333,124
1333,96
1333,100
1333,101
1333,107
1333,113
1333,120
1333,123
1333,126
1333,284
1333,286
1333,319
1333,143
1333,147
1333,53
1333,152
1333,156
1333,161
1333,158
1333,177
1333,64
1333,170
1333,190
1333,195
1333,196
1333,198
1333,199
1333,202
1333,203
1333,205
1333,207
1333,210
1333,215
1333,216
1333,222
1333,326
1333,231
1333,233
1333,242
1333,87
1333,253
1333,257
1333,265
1333,266
1333,269
1333,273
1333,279
1333,282
1333,335
1333,291
1333,293
1333,294
1333,296
1333,298
1333,299
1333,308
1333,313
1333,312
1333,314
1333,325
1333,83
1333,337
1333,343
1333,348
1333,352
1333,353
1333,238
1333,354
1333,358
1333,360
1333,368
1333,137
1333,372
1333,310
1333,377
1333,376
1333,373
1333,379
1333,27
1333,391
1333,396
1333,398
1333,397
1333,117
1333,73
1333,14
1333,285
1333,68
1333,51
1333,220
1333,255
1333,55
1333,145
1333,241
1333,371
1333,340
1333,223
1333,240
1333,109
1333,209
1333,259
1333,1
1333,4
1333,48
1333,359
1333,288
1333,289
1333,324
1333,393
1333,38
1333,218
1333,217
1333,332
1333,258
1333,56
1333,351
1333,214
1333,213
1333,46
1333,128
1333,327
1333,344
170,18
170,21
170,25
170,32
170,33
170,256
170,37
170,38
170,42
170,248
170,57
170,59
170,72
170,212
170,79
170,80
170,85
170,234
170,112
170,101
170,107
170,108
170,113
170,120
170,123
170,126
170,134
170,286
170,319
170,143
170,147
170,150
170,158
170,177
170,64
170,198
170,199
170,202
170,207
170,210
170,224
170,116
170,242
170,200
170,264
170,265
170,266
170,273
170,274
170,356
170,280
170,293
170,294
170,296
170,299
170,301
170,314
170,330
170,338
170,253
170,354
170,364
170,368
170,137
170,310
170,376
170,373
170,379
170,27
170,391
170,396
170,117
170,14
170,305
170,285
170,236
170,145
170,227
170,241
170,371
170,340
170,240
170,109
170,148
170,209
170,259
170,94
170,1
170,4
170,244
170,144
170,71
170,135
170,183
170,393
170,321
170,56
170,50
170,394
170,395
170,214
170,213
170,46
170,128
170,302
170,228
170,222
170,331
170,289
170,12
170,344
170,6
730,31
730,32
730,37
730,77
730,79
730,113
730,114
730,344
730,319
730,101
730,143
730,147
730,177
730,64
730,163
730,198
730,207
730,210
730,231
730,293
730,295
730,296
730,314
730,353
730,238
730,337
730,354
730,137
730,27
730,117
730,305
730,144
730,393
730,227
730,158
730,56
730,146
730,347
730,6
730,395
24,3
24,160
24,7
24,18
24,19
24,21
24,23
24,22
24,25
24,26
24,28
24,94
24,29
24,33
24,256
24,34
24,37
24,38
24,42
24,248
24,57
24,59
24,267
24,72
24,76
24,212
24,78
24,148
24,81
24,93
24,234
24,112
24,124
24,100
24,105
24,106
24,107
24,108
24,113
24,120
24,123
24,126
24,130
24,131
24,133
24,134
24,136
24,286
24,319
24,101
24,53
24,150
24,156
24,157
24,158
24,159
24,166
24,176
24,177
24,65
24,168
24,170
24,175
24,171
24,182
24,191
24,194
24,198
24,199
24,202
24,206
24,207
24,290
24,210
24,216
24,272
24,326
24,230
24,88
24,253
24,233
24,243
24,246
24,249
24,263
24,261
24,10
24,266
24,274
24,356
24,275
24,281
24,293
24,296
24,297
24,299
24,301
24,303
24,309
24,311
24,378
24,314
24,315
24,316
24,330
24,83
24,337
24,333
24,350
24,195
24,353
24,238
24,354
24,358
24,360
24,361
24,364
24,368
24,310
24,374
24,377
24,379
24,382
24,381
24,391
24,396
24,398
24,397
24,117
24,73
24,14
24,305
24,285
24,252
24,348
24,250
24,89
24,48
24,8
24,221
24,236
24,304
24,45
24,103
24,322
24,36
24,16
24,118
24,241
24,307
24,371
24,340
24,240
24,109
24,209
24,259
24,254
24,211
24,357
24,247
24,5
24,135
24,323
24,2
24,321
24,197
24,239
24,146
24,86
24,85
24,201
24,52
24,222
24,344
24,6
24,395
1097,3
1097,160
1097,17
1097,21
1097,23
1097,22
1097,26
1097,29
1097,31
1097,32
1097,33
1097,256
1097,37
1097,40
1097,42
1097,248
1097,57
1097,60
1097,72
1097,77
1097,212
1097,78
1097,148
1097,81
1097,85
1097,100
1097,107
1097,113
1097,114
1097,344
1097,119
1097,291
1097,121
1097,123
1097,126
1097,127
1097,319
1097,101
1097,53
1097,176
1097,177
1097,63
1097,41
1097,64
1097,170
1097,194
1097,196
1097,198
1097,199
1097,202
1097,203
1097,204
1097,205
1097,207
1097,290
1097,225
1097,230
1097,232
1097,87
1097,253
1097,261
1097,10
1097,266
1097,274
1097,356
1097,280
1097,287
1097,293
1097,299
1097,303
1097,308
1097,314
1097,316
1097,318
1097,383
1097,328
1097,330
1097,83
1097,337
1097,340
1097,353
1097,238
1097,354
1097,360
1097,364
1097,368
1097,137
1097,374
1097,377
1097,376
1097,373
1097,379
1097,389
1097,390
1097,391
1097,396
1097,375
1097,73
1097,387
1097,349
1097,99
1097,14
1097,251
1097,11
1097,285
1097,181
1097,95
1097,220
1097,219
1097,304
1097,45
1097,36
1097,16
1097,240
1097,109
1097,209
1097,259
1097,254
1097,141
1097,24
1097,393
1097,2
1097,332
1097,56
1097,277
1097,278
1097,351
1097,195
1097,222
1097,208
848,3
848,160
848,26
848,37
848,41
848,248
848,60
848,72
848,107
848,113
848,126
848,319
848,101
848,147
848,158
848,177
848,64
848,193
848,198
848,326
848,261
848,10
848,266
848,273
848,299
848,314
848,340
848,353
848,238
848,337
848,360
848,379
848,391
848,396
848,285
848,36
848,241
848,371
848,135
848,56
848,222
848,344
806,23
806,32
806,60
806,113
806,319
806,101
806,152
806,64
806,207
806,210
806,242
806,303
806,253
806,354
806,137
806,379
806,27
806,399
806,220
806,371
806,340
806,24
806,56
389,3
389,160
389,25
389,26
389,29
389,32
389,33
389,256
389,37
389,41
389,42
389,72
389,107
389,113
389,126
389,284
389,319
389,101
389,177
389,63
389,65
389,199
389,216
389,261
389,10
389,266
389,293
389,296
389,299
389,70
389,350
389,195
389,353
389,238
389,337
389,377
389,389
389,390
389,387
389,285
389,250
389,8
389,221
389,184
389,237
389,56
389,86
389,85
389,222
669,3
669,160
669,18
669,23
669,22
669,26
669,28
669,94
669,29
669,33
669,256
669,37
669,42
669,248
669,59
669,67
669,72
669,80
669,81
669,100
669,106
669,107
669,113
669,123
669,126
669,127
669,284
669,132
669,147
669,150
669,161
669,158
669,177
669,41
669,64
669,191
669,193
669,194
669,198
669,199
669,202
669,204
669,215
669,233
669,261
669,10
669,266
669,269
669,273
669,274
669,356
669,293
669,297
669,299
669,278
669,314
669,330
669,364
669,376
669,373
669,391
669,395
669,396
669,397
669,387
669,68
669,220
669,184
669,237
669,255
669,55
669,219
669,304
669,45
669,241
669,240
669,109
669,148
669,209
669,259
669,211
669,135
669,183
669,56
669,154
669,351
669,195
669,102
669,222
669,2
669,206
669,27
669,36
669,16
669,371
669,340
669,1
669,47
669,189
669,245
611,13
611,20
611,21
611,22
611,32
611,33
611,256
611,38
611,248
611,57
611,212
611,78
611,148
611,79
611,80
611,234
611,112
611,96
611,97
611,98
611,107
611,113
611,121
611,126
611,127
611,284
611,132
611,134
611,161
611,319
611,101
611,140
611,143
611,147
611,37
611,53
611,156
611,158
611,167
611,64
611,65
611,49
611,205
611,207
611,290
611,326
611,231
611,233
611,58
611,242
611,246
611,249
611,264
611,265
611,266
611,273
611,283
611,296
611,299
611,333
611,253
611,348
611,354
611,358
611,364
611,368
611,372
611,310
611,374
611,376
611,373
611,27
611,391
611,398
611,397
611,117
611,375
611,14
611,251
611,11
611,68
611,252
611,172
611,241
611,259
611,211
611,1
611,135
611,183
611,151
611,154
611,116
611,393
611,272
611,128
611,258
611,331
611,315
611,344
587,23
587,113
587,319
587,101
587,53
587,177
587,198
587,266
587,273
587,220
1243,3
1243,160
1243,18
1243,37
1243,107
1243,319
1243,101
1243,158
1243,177
1243,314
1243,371
1243,340
721,37
721,42
721,60
721,72
721,212
721,85
721,90
721,96
721,106
721,107
721,108
721,113
721,114
721,344
721,126
721,127
721,134
721,319
721,101
721,53
721,177
721,63
721,66
721,170
721,188
721,198
721,199
721,205
721,207
721,266
721,293
721,299
721,300
721,314
721,316
721,83
721,253
721,350
721,195
721,353
721,238
721,337
721,354
721,361
721,374
721,377
721,396
721,73
721,387
721,61
721,240
721,109
721,148
721,209
721,14
721,200
721,56
441,26
441,101
441,87
441,253
441,361
1316,3
1316,160
1316,15
1316,17
1316,18
1316,21
1316,22
1316,30
1316,173
1316,26
1316,28
1316,94
1316,29
1316,32
1316,33
1316,256
1316,34
1316,37
1316,39
1316,40
1316,42
1316,248
1316,54
1316,69
1316,72
1316,74
1316,77
1316,212
1316,78
1316,148
1316,79
1316,80
1316,81
1316,85
1316,90
1316,93
1316,234
1316,112
1316,124
1316,97
1316,100
1316,105
1316,102
1316,104
1316,107
1316,108
1316,113
1316,120
1316,122
1316,123
1316,126
1316,127
1316,129
1316,130
1316,131
1316,284
1316,132
1316,133
1316,366
1316,134
1316,138
1316,286
1316,319
1316,101
1316,140
1316,143
1316,53
1316,150
1316,152
1316,157
1316,158
1316,159
1316,162
1316,164
1316,165
1316,176
1316,177
1316,63
1316,64
1316,66
1316,168
1316,170
1316,174
1316,182
1316,186
1316,191
1316,192
1316,193
1316,194
1316,196
1316,198
1316,199
1316,202
1316,203
1316,204
1316,205
1316,206
1316,207
1316,290
1316,210
1316,215
1316,216
1316,225
1316,226
1316,326
1316,88
1316,253
1316,233
1316,184
1316,242
1316,243
1316,249
1316,200
1316,263
1316,260
1316,261
1316,10
1316,266
1316,273
1316,275
1316,283
1316,287
1316,293
1316,296
1316,297
1316,298
1316,299
1316,278
1316,300
1316,301
1316,303
1316,308
1316,309
1316,313
1316,312
1316,314
1316,315
1316,317
1316,316
1316,318
1316,383
1316,330
1316,334
1316,83
1316,338
1316,340
1316,346
1316,348
1316,70
1316,350
1316,195
1316,353
1316,238
1316,337
1316,354
1316,360
1316,361
1316,364
1316,368
1316,137
1316,374
1316,377
1316,376
1316,373
1316,379
1316,27
1316,389
1316,390
1316,391
1316,396
1316,117
1316,375
1316,73
1316,180
1316,387
1316,14
1316,305
1316,285
1316,181
1316,252
1316,51
1316,89
1316,48
1316,365
1316,220
1316,327
1316,236
1316,55
1316,145
1316,219
1316,304
1316,45
1316,36
1316,16
1316,339
1316,118
1316,237
1316,241
1316,307
1316,371
1316,240
1316,109
1316,209
1316,259
1316,71
1316,5
1316,139
1316,179
1316,135
1316,359
1316,288
1316,289
1316,336
1316,141
1316,388
1316,323
1316,183
1316,47
1316,116
1316,24
1316,23
1316,393
1316,306
1316,2
1316,218
1316,217
1316,321
1316,56
1316,277
1316,239
1316,146
1316,394
1316,395
1316,86
1316,115
1316,201
1316,52
1316,214
1316,213
1316,46
1316,128
1316,222
1316,255
1316,178
1316,12
1316,344
1316,380
1316,6
956,15
956,22
956,26
956,33
956,256
956,34
956,37
956,42
956,85
956,105
956,113
956,133
956,319
956,101
956,53
956,177
956,63
956,196
956,206
956,207
956,225
956,326
956,232
956,233
956,279
956,298
956,360
956,384
956,180
956,259
956,24
956,23
956,199
956,327
956,325
331,3
331,160
331,23
331,26
331,33
331,256
331,37
331,42
331,248
331,57
331,59
331,212
331,78
331,148
331,81
331,85
331,107
331,113
331,120
331,123
331,126
331,284
331,138
331,319
331,101
331,143
331,150
331,158
331,176
331,177
331,195
331,198
331,199
331,216
331,242
331,266
331,273
331,293
331,296
331,301
331,314
331,330
331,338
331,252
331,70
331,350
331,353
331,238
331,337
331,354
331,377
331,376
331,373
331,382
331,381
331,27
331,396
331,398
331,117
331,375
331,285
331,348
331,8
331,221
331,36
331,16
331,118
331,371
331,340
331,43
331,357
331,247
331,135
331,116
331,393
331,146
331,394
331,395
331,86
331,214
331,213
331,222
331,344
331,6
1191,0
1191,3
1191,40
1191,72
1191,107
1191,126
1191,158
1191,177
1191,64
1191,65
1191,199
1191,206
1191,261
1191,10
1191,266
1191,273
1191,317
1191,354
1191,27
1191,389
1191,396
1191,388
1191,341
1191,241
1191,371
1191,340
1191,90
1191,295
1191,56
1191,189
1191,245
1191,328
1079,2
1079,3
1079,160
1079,21
1079,23
1079,22
1079,26
1079,28
1079,94
1079,33
1079,256
1079,37
1079,42
1079,248
1079,54
1079,69
1079,267
1079,72
1079,76
1079,212
1079,78
1079,148
1079,81
1079,82
1079,85
1079,124
1079,96
1079,100
1079,105
1079,102
1079,107
1079,113
1079,126
1079,127
1079,129
1079,134
1079,319
1079,101
1079,147
1079,53
1079,150
1079,152
1079,158
1079,177
1079,170
1079,175
1079,171
1079,194
1079,196
1079,198
1079,202
1079,204
1079,206
1079,207
1079,242
1079,265
1079,266
1079,273
1079,279
1079,293
1079,294
1079,301
1079,309
1079,311
1079,378
1079,313
1079,312
1079,314
1079,330
1079,253
1079,307
1079,353
1079,238
1079,337
1079,364
1079,368
1079,372
1079,310
1079,376
1079,373
1079,379
1079,27
1079,391
1079,396
1079,398
1079,397
1079,117
1079,285
1079,250
1079,151
1079,36
1079,241
1079,371
1079,340
1079,240
1079,109
1079,209
1079,259
1079,4
1079,111
1079,244
1079,5
1079,1
1079,217
1079,189
1079,245
1079,351
1079,195
1079,214
1079,213
1079,46
1079,128
1079,302
1079,228
1079,222
1079,331
1079,12
162,18
162,23
162,28
162,94
162,78
162,148
162,126
162,284
162,319
162,101
162,53
162,207
162,261
162,10
162,293
162,303
162,309
162,314
162,348
162,70
162,137
162,396
162,397
162,399
162,73
162,240
162,109
162,209
162,223
162,72
162,13
162,22
162,34
162,37
162,60
162,212
162,91
162,92
162,43
162,142
162,152
162,170
162,175
162,171
162,190
162,198
162,202
162,233
162,266
162,299
162,360
162,370
162,379
162,221
162,259
162,256
162,110
162,355
162,341
162,85
162,298
551,3
551,160
551,15
551,23
551,22
551,28
551,94
551,33
551,256
551,37
551,42
551,248
551,57
551,62
551,80
551,81
551,124
551,101
551,107
551,113
551,120
551,123
551,126
551,131
551,284
551,133
551,136
551,138
551,319
551,143
551,147
551,53
551,150
551,152
551,156
551,157
551,161
551,158
551,164
551,177
551,64
551,170
551,175
551,171
551,191
551,194
551,195
551,210
551,326
551,88
551,253
551,233
551,242
551,153
551,266
551,273
551,274
551,356
551,293
551,296
551,297
551,278
551,301
551,309
551,314
551,325
551,348
551,353
551,238
551,337
551,354
551,360
551,368
551,376
551,373
551,379
551,382
551,381
551,27
551,391
551,396
551,117
551,285
551,252
551,51
551,155
551,304
551,45
551,36
551,16
551,172
551,371
551,340
551,259
551,5
551,341
551,183
551,306
551,307
551,84
551,146
551,192
551,189
551,245
551,48
551,47
551,214
551,213
551,206
551,222
551,344
551,6
551,395
395,23
395,22
395,62
395,76
395,212
395,107
395,366
395,319
395,101
395,158
395,177
395,198
395,210
395,233
395,266
395,273
395,279
395,303
395,309
395,314
395,83
395,346
395,138
395,360
395,27
395,371
395,340
395,223
395,179
395,183
395,115
395,214
395,213
395,46
1179,2
1179,3
1179,160
1179,23
1179,22
1179,26
1179,28
1179,94
1179,29
1179,32
1179,33
1179,256
1179,37
1179,42
1179,248
1179,75
1179,57
1179,62
1179,67
1179,74
1179,78
1179,148
1179,80
1179,81
1179,102
1179,107
1179,108
1179,113
1179,120
1179,122
1179,123
1179,131
1179,133
1179,366
1179,136
1179,138
1179,161
1179,319
1179,101
1179,143
1179,147
1179,150
1179,152
1179,156
1179,157
1179,158
1179,164
1179,176
1179,177
1179,64
1179,182
1179,196
1179,198
1179,205
1179,207
1179,210
1179,225
1179,226
1179,233
1179,87
1179,253
1179,153
1179,266
1179,273
1179,274
1179,356
1179,279
1179,280
1179,296
1179,297
1179,299
1179,311
1179,378
1179,314
1179,338
1179,346
1179,348
1179,353
1179,238
1179,337
1179,379
1179,382
1179,381
1179,27
1179,391
1179,396
1179,117
1179,180
1179,387
1179,285
1179,181
1179,252
1179,184
1179,237
1179,236
1179,304
1179,45
1179,241
1179,371
1179,340
1179,259
1179,4
1179,111
1179,5
1179,1
1179,185
1179,183
1179,47
1179,393
1179,56
1179,367
1179,146
1179,394
1179,395
1179,351
1179,195
1179,214
1179,213
1179,46
1179,128
1179,302
1179,228
1179,222
1179,12
1179,344
110,3
110,160
110,22
110,26
110,28
110,94
110,29
110,37
110,60
110,212
110,81
110,85
110,107
110,113
110,120
110,123
110,126
110,138
110,319
110,101
110,143
110,53
110,158
110,177
110,182
110,194
110,196
110,198
110,204
110,206
110,207
110,210
110,216
110,233
110,266
110,279
110,293
110,297
110,314
110,330
110,338
110,346
110,350
110,195
110,360
110,376
110,373
110,379
110,396
110,180
110,89
110,48
110,304
110,45
110,36
110,16
110,371
110,340
110,259
110,256
110,341
110,183
110,86
110,46
110,222
110,327
110,325
527,3
527,160
527,21
527,23
527,28
527,94
527,29
527,32
527,33
527,256
527,37
527,39
527,42
527,248
527,75
527,67
527,72
527,78
527,148
527,79
527,81
527,124
527,96
527,107
527,113
527,120
527,123
527,126
527,129
527,134
527,136
527,147
527,53
527,150
527,152
527,161
527,177
527,175
527,171
527,188
527,190
527,198
527,202
527,203
527,204
527,35
527,291
527,229
527,88
527,253
527,294
527,200
527,261
527,10
527,266
527,274
527,356
527,282
527,335
527,281
527,293
527,296
527,299
527,301
527,311
527,378
527,314
527,318
527,383
527,330
527,83
527,333
527,338
527,345
527,348
527,353
527,238
527,337
527,354
527,358
527,364
527,368
527,310
527,376
527,373
527,389
527,390
527,391
527,395
527,396
527,117
527,14
527,251
527,11
527,262
527,255
527,55
527,145
527,241
527,240
527,109
527,209
527,259
527,71
527,357
527,247
527,139
527,111
527,103
527,100
527,250
527,332
527,73
527,56
527,154
527,189
527,245
527,351
527,195
527,222
527,363
527,344
527,6
418,3
418,160
418,7
418,18
418,21
418,22
418,25
418,26
418,28
418,94
418,29
418,32
418,33
418,256
418,34
418,37
418,38
418,39
418,40
418,41
418,42
418,59
418,62
418,78
418,148
418,79
418,81
418,90
418,124
418,105
418,107
418,108
418,113
418,114
418,344
418,120
418,123
418,126
418,129
418,131
418,284
418,134
418,136
418,286
418,319
418,101
418,147
418,53
418,150
418,152
418,156
418,158
418,162
418,164
418,176
418,177
418,168
418,188
418,190
418,191
418,194
418,198
418,199
418,202
418,207
418,210
418,216
418,35
418,291
418,229
418,233
418,58
418,246
418,87
418,253
418,200
418,263
418,261
418,10
418,266
418,273
418,274
418,356
418,282
418,335
418,292
418,293
418,296
418,299
418,301
418,311
418,378
418,314
418,318
418,383
418,330
418,83
418,337
418,333
418,338
418,340
418,345
418,348
418,350
418,195
418,353
418,238
418,354
418,358
418,361
418,364
418,365
418,368
418,310
418,376
418,373
418,379
418,382
418,381
418,389
418,390
418,391
418,392
418,396
418,398
418,397
418,117
418,73
418,387
418,61
418,349
418,99
418,14
418,251
418,11
418,305
418,285
418,250
418,8
418,221
418,262
418,236
418,55
418,145
418,304
418,45
418,339
418,118
418,371
418,4
418,240
418,109
418,209
418,259
418,254
418,71
418,211
418,1
418,357
418,247
418,5
418,139
418,135
418,116
418,2
418,321
418,197
418,56
418,277
418,278
418,239
418,50
418,84
418,146
418,149
418,86
418,85
418,154
418,343
418,222
418,255
418,363
418,6
418,395
932,3
932,160
932,18
932,22
932,26
932,28
932,94
932,29
932,32
932,33
932,256
932,34
932,37
932,38
932,42
932,248
932,44
932,103
932,57
932,72
932,76
932,212
932,78
932,148
932,79
932,80
932,81
932,85
932,234
932,112
932,124
932,96
932,97
932,100
932,107
932,113
932,120
932,123
932,126
932,284
932,132
932,134
932,136
932,319
932,101
932,143
932,147
932,53
932,156
932,157
932,161
932,158
932,159
932,163
932,177
932,63
932,64
932,192
932,193
932,196
932,198
932,199
932,202
932,203
932,204
932,207
932,210
932,216
932,35
932,291
932,233
932,58
932,242
932,153
932,265
932,266
932,269
932,273
932,274
932,356
932,293
932,296
932,297
932,299
932,301
932,309
932,314
932,315
932,317
932,338
932,340
932,342
932,253
932,70
932,350
932,195
932,352
932,353
932,238
932,337
932,358
932,372
932,377
932,376
932,373
932,379
932,382
932,381
932,27
932,385
932,386
932,391
932,392
932,396
932,397
932,399
932,117
932,73
932,349
932,99
932,14
932,305
932,285
932,51
932,55
932,219
932,322
932,36
932,241
932,371
932,235
932,240
932,109
932,209
932,259
932,254
932,1
932,71
932,135
932,336
932,323
932,239
932,86
932,154
932,9
932,214
932,213
932,46
932,128
932,222
932,331
932,289
932,12
932,344
807,3
807,160
807,23
807,26
807,32
807,37
807,39
807,67
807,267
807,72
807,107
807,113
807,120
807,123
807,126
807,284
807,366
807,319
807,101
807,147
807,152
807,158
807,177
807,198
807,199
807,202
807,266
807,274
807,356
807,296
807,314
807,83
807,350
807,195
807,353
807,238
807,337
807,354
807,358
807,368
807,379
807,27
807,391
807,396
807,399
807,117
807,255
807,259
807,256
807,110
807,109
807,24
807,393
807,258
807,56
807,189
807,245
807,222
807,344
1098,23
1098,22
1098,26
1098,33
1098,256
1098,42
1098,212
1098,80
1098,81
1098,106
1098,107
1098,113
1098,284
1098,319
1098,101
1098,143
1098,147
1098,37
1098,158
1098,177
1098,64
1098,65
1098,66
1098,182
1098,191
1098,193
1098,194
1098,199
1098,204
1098,210
1098,233
1098,261
1098,10
1098,265
1098,266
1098,273
1098,308
1098,314
1098,317
1098,338
1098,346
1098,138
1098,70
1098,360
1098,372
1098,379
1098,398
1098,180
1098,285
1098,181
1098,262
1098,241
1098,259
1098,211
1098,179
1098,183
1098,151
1098,46
1290,15
1290,20
1290,32
1290,41
1290,212
1290,121
1290,133
1290,319
1290,101
1290,53
1290,167
1290,64
1290,205
1290,207
1290,290
1290,225
1290,226
1290,264
1290,273
1290,295
1290,83
1290,368
1290,390
1290,117
1290,14
1290,135
1290,306
1290,307
1290,222
152,3
152,160
152,17
152,18
152,22
152,25
152,28
152,94
152,29
152,32
152,33
152,256
152,34
152,37
152,39
152,42
152,75
152,59
152,62
152,270
152,69
152,72
152,76
152,212
152,78
152,148
152,79
152,80
152,81
152,85
152,93
152,234
152,112
152,124
152,96
152,101
152,105
152,104
152,107
152,113
152,120
152,123
152,126
152,127
152,129
152,130
152,284
152,132
152,133
152,134
152,136
152,319
152,143
152,147
152,53
152,150
152,157
152,158
152,162
152,166
152,177
152,64
152,66
152,49
152,170
152,174
152,175
152,171
152,186
152,187
152,191
152,192
152,193
152,190
152,194
152,196
152,198
152,199
152,202
152,203
152,205
152,206
152,216
152,225
152,226
152,35
152,291
152,230
152,88
152,253
152,231
152,233
152,58
152,243
152,200
152,266
152,269
152,273
152,274
152,356
152,276
152,278
152,279
152,281
152,283
152,293
152,295
152,296
152,297
152,299
152,300
152,301
152,308
152,309
152,311
152,378
152,314
152,317
152,318
152,383
152,330
152,334
152,338
152,340
152,342
152,348
152,70
152,350
152,195
152,353
152,238
152,337
152,354
152,358
152,360
152,364
152,137
152,374
152,377
152,376
152,373
152,27
152,391
152,392
152,396
152,398
152,397
152,117
152,375
152,73
152,180
152,310
152,349
152,99
152,14
152,251
152,11
152,322
152,285
152,68
152,252
152,250
152,89
152,48
152,151
152,327
152,184
152,237
152,236
152,298
152,55
152,145
152,304
152,45
152,36
152,16
152,118
152,241
152,307
152,371
152,240
152,109
152,209
152,259
152,211
152,357
152,247
152,103
152,135
152,336
152,116
152,324
152,2
152,321
152,277
152,239
152,146
152,86
152,154
152,9
152,201
152,52
152,46
152,128
152,222
152,255
152,344
43,3
43,160
43,13
43,26
43,29
43,42
43,248
43,212
43,80
43,81
43,100
43,107
43,113
43,123
43,131
43,143
43,147
43,37
43,158
43,176
43,177
43,182
43,195
43,216
43,224
43,225
43,265
43,266
43,273
43,280
43,299
43,314
43,364
43,368
43,379
43,391
43,396
43,398
43,397
43,117
43,180
43,14
43,250
43,304
43,45
43,371
43,340
43,5
43,320
43,183
43,393
43,146
43,214
43,213
43,128
43,222
43,344
546,23
546,22
546,30
546,25
546,26
546,28
546,94
546,31
546,32
546,33
546,256
546,34
546,37
546,248
546,75
546,270
546,67
546,72
546,77
546,78
546,148
546,79
546,93
546,100
546,107
546,108
546,113
546,126
546,284
546,133
546,319
546,101
546,147
546,53
546,152
546,158
546,159
546,176
546,177
546,63
546,65
546,182
546,186
546,198
546,199
546,207
546,230
546,231
546,232
546,233
546,153
546,261
546,10
546,266
546,271
546,369
546,274
546,356
546,279
546,287
546,292
546,293
546,298
546,278
546,309
546,314
546,315
546,317
546,325
546,83
546,337
546,346
546,138
546,70
546,354
546,360
546,362
546,364
546,368
546,137
546,379
546,384
546,385
546,386
546,391
546,392
546,396
546,399
546,73
546,349
546,99
546,14
546,251
546,11
546,305
546,258
546,36
546,16
546,241
546,240
546,109
546,209
546,259
546,320
546,341
546,336
546,393
546,332
546,121
546,56
546,239
546,351
546,195
546,187
546,328
546,327
546,344
1146,53
1146,233
1146,336
1146,73
659,33
659,34
659,42
659,248
659,75
659,57
659,267
659,76
659,80
659,108
659,120
659,129
659,143
659,147
659,158
659,163
659,64
659,65
659,49
659,188
659,205
659,210
659,112
659,35
659,291
659,184
659,242
659,273
659,297
659,316
659,340
659,345
659,352
659,137
659,376
659,373
659,382
659,381
659,27
659,385
659,386
659,390
659,399
659,221
659,73
659,305
659,250
659,51
659,89
659,48
659,151
659,220
659,236
659,145
659,241
659,371
659,235
659,4
659,254
659,359
659,288
659,289
659,183
659,324
659,146
659,86
659,351
659,201
659,52
659,46
659,331
659,265
164,2
164,3
164,160
164,23
164,22
164,173
164,25
164,26
164,28
164,94
164,29
164,31
164,32
164,33
164,256
164,34
164,37
164,39
164,41
164,42
164,248
164,44
164,103
164,75
164,54
164,57
164,60
164,59
164,270
164,62
164,67
164,69
164,72
164,74
164,76
164,77
164,212
164,78
164,148
164,79
164,80
164,81
164,82
164,85
164,93
164,234
164,112
164,124
164,96
164,97
164,101
164,106
164,107
164,108
164,113
164,119
164,291
164,120
164,121
164,123
164,126
164,130
164,284
164,132
164,366
164,134
164,138
164,286
164,319
164,142
164,143
164,147
164,53
164,150
164,152
164,156
164,157
164,161
164,158
164,159
164,166
164,176
164,177
164,63
164,64
164,65
164,66
164,168
164,49
164,169
164,170
164,174
164,175
164,171
164,182
164,186
164,187
164,188
164,191
164,192
164,194
164,195
164,196
164,198
164,199
164,202
164,203
164,205
164,206
164,207
164,290
164,210
164,215
164,216
164,224
164,272
164,326
164,231
164,232
164,233
164,184
164,242
164,243
164,87
164,253
164,263
164,257
164,153
164,261
164,10
164,265
164,266
164,269
164,273
164,275
164,279
164,282
164,335
164,287
164,293
164,294
164,295
164,296
164,297
164,298
164,299
164,278
164,300
164,303
164,308
164,309
164,313
164,312
164,314
164,315
164,317
164,316
164,318
164,383
164,325
164,328
164,329
164,334
164,83
164,337
164,338
164,340
164,342
164,345
164,346
164,348
164,353
164,238
164,354
164,358
164,360
164,361
164,364
164,368
164,370
164,137
164,372
164,310
164,374
164,377
164,376
164,373
164,379
164,27
164,384
164,390
164,391
164,392
164,396
164,398
164,397
164,399
164,375
164,73
164,180
164,14
164,305
164,285
164,252
164,95
164,250
164,365
164,220
164,262
164,255
164,55
164,145
164,219
164,118
164,227
164,241
164,307
164,371
164,223
164,240
164,109
164,209
164,259
164,254
164,211
164,1
164,4
164,111
164,355
164,276
164,144
164,185
164,71
164,135
164,336
164,183
164,151
164,116
164,324
164,393
164,332
164,43
164,56
164,277
164,239
164,146
164,40
164,339
164,154
164,9
164,201
164,52
164,21
164,214
164,213
164,46
164,128
164,343
164,222
164,208
164,331
164,178
164,125
164,327
164,289
164,380
164,395
164,6
852,2
852,3
852,160
852,21
852,22
852,28
852,94
852,33
852,256
852,37
852,39
852,42
852,248
852,72
852,77
852,212
852,78
852,148
852,80
852,81
852,85
852,96
852,100
852,107
852,113
852,119
852,291
852,120
852,126
852,284
852,134
852,143
852,147
852,53
852,158
852,177
852,64
852,49
852,191
852,194
852,202
852,203
852,204
852,205
852,207
852,231
852,233
852,242
852,200
852,153
852,266
852,269
852,273
852,275
852,279
852,283
852,293
852,294
852,299
852,278
852,300
852,308
852,309
852,329
852,83
852,338
852,345
852,348
852,360
852,368
852,238
852,376
852,373
852,27
852,396
852,399
852,61
852,285
852,255
852,36
852,241
852,259
852,111
852,276
852,48
852,336
852,183
852,335
852,47
852,393
852,332
852,73
852,367
852,277
852,84
852,99
852,154
852,201
852,52
852,214
852,213
852,46
852,222
852,247
852,344
1061,3
1061,160
1061,15
1061,23
1061,22
1061,173
1061,29
1061,33
1061,256
1061,42
1061,60
1061,72
1061,81
1061,85
1061,107
1061,126
1061,134
1061,319
1061,101
1061,53
1061,158
1061,177
1061,49
1061,191
1061,194
1061,198
1061,199
1061,203
1061,207
1061,266
1061,273
1061,293
1061,301
1061,330
1061,360
1061,379
1061,396
1061,285
1061,220
1061,55
1061,219
1061,16
1061,336
1061,302
1061,228
1061,328
357,212
357,142
357,53
357,63
357,207
357,266
357,303
357,396
357,399
357,24
357,23
357,379
606,3
606,160
606,22
606,26
606,28
606,94
606,29
606,33
606,256
606,34
606,37
606,42
606,57
606,72
606,212
606,80
606,81
606,85
606,100
606,107
606,113
606,126
606,319
606,101
606,147
606,53
606,158
606,177
606,175
606,171
606,182
606,198
606,210
606,215
606,216
606,233
606,257
606,266
606,273
606,293
606,294
606,299
606,301
606,314
606,350
606,195
606,377
606,379
606,27
606,385
606,386
606,391
606,396
606,180
606,285
606,155
606,220
606,8
606,221
606,55
606,219
606,241
606,371
606,340
606,259
606,123
606,179
606,183
606,47
606,86
606,189
606,245
606,214
606,213
606,222
606,380
1053,3
1053,160
1053,18
1053,22
1053,28
1053,94
1053,32
1053,33
1053,256
1053,37
1053,40
1053,69
1053,212
1053,79
1053,81
1053,85
1053,96
1053,107
1053,120
1053,123
1053,284
1053,319
1053,101
1053,142
1053,53
1053,177
1053,66
1053,233
1053,200
1053,266
1053,268
1053,279
1053,293
1053,314
1053,348
1053,350
1053,195
1053,360
1053,396
1053,397
1053,180
1053,252
1053,240
1053,109
1053,148
1053,209
1053,341
1053,336
1053,218
1053,217
1053,327
1053,325
685,3
685,160
685,15
685,18
685,22
685,26
685,28
685,94
685,29
685,37
685,39
685,42
685,44
685,103
685,72
685,265
685,330
685,78
685,148
685,81
685,85
685,124
685,98
685,100
685,107
685,108
685,113
685,121
685,123
685,126
685,284
685,319
685,101
685,140
685,147
685,150
685,152
685,159
685,176
685,177
685,188
685,125
685,198
685,199
685,207
685,290
685,112
685,294
685,233
685,87
685,253
685,260
685,261
685,10
685,266
685,274
685,356
685,280
685,282
685,335
685,202
685,293
685,296
685,299
685,278
685,303
685,314
685,83
685,257
685,333
685,353
685,238
685,337
685,360
685,368
685,372
685,310
685,374
685,377
685,396
685,398
685,397
685,117
685,375
685,14
685,51
685,172
685,240
685,109
685,209
685,254
685,110
685,244
685,139
685,315
685,393
685,154
685,189
685,245
685,351
685,195
685,343
685,222
685,344
525,3
525,160
525,22
525,107
525,142
525,53
525,158
525,182
525,233
525,242
525,266
525,269
525,273
525,293
525,298
525,299
525,303
525,314
525,352
525,360
525,376
525,373
525,396
525,371
525,340
525,183
525,324
525,137
525,115
525,12
1084,3
1084,160
1084,13
1084,28
1084,94
1084,29
1084,37
1084,248
1084,212
1084,80
1084,82
1084,98
1084,100
1084,107
1084,113
1084,319
1084,101
1084,147
1084,157
1084,158
1084,176
1084,177
1084,188
1084,195
1084,202
1084,204
1084,216
1084,224
1084,231
1084,242
1084,87
1084,253
1084,266
1084,273
1084,274
1084,356
1084,299
1084,314
1084,315
1084,83
1084,338
1084,368
1084,372
1084,27
1084,396
1084,117
1084,241
1084,371
1084,340
1084,111
1084,1
1084,189
1084,245
1084,21
1084,214
1084,213
1084,343
1084,222
1084,251
165,2
165,3
165,160
165,23
165,22
165,25
165,26
165,28
165,94
165,29
165,33
165,256
165,37
165,38
165,40
165,42
165,248
165,54
165,60
165,59
165,72
165,212
165,79
165,81
165,82
165,85
165,91
165,92
165,43
165,96
165,101
165,107
165,113
165,123
165,126
165,127
165,130
165,131
165,284
165,133
165,134
165,138
165,319
165,143
165,147
165,53
165,150
165,152
165,157
165,161
165,158
165,166
165,177
165,63
165,64
165,65
165,170
165,174
165,175
165,171
165,182
165,194
165,198
165,202
165,204
165,205
165,206
165,207
165,290
165,210
165,112
165,216
165,224
165,225
165,231
165,233
165,242
165,87
165,253
165,257
165,261
165,10
165,264
165,265
165,266
165,273
165,279
165,280
165,293
165,294
165,296
165,299
165,309
165,314
165,317
165,325
165,73
165,338
165,342
165,346
165,70
165,353
165,238
165,337
165,354
165,358
165,360
165,364
165,368
165,137
165,372
165,310
165,377
165,376
165,373
165,379
165,27
165,390
165,391
165,396
165,398
165,397
165,399
165,117
165,180
165,387
165,251
165,11
165,305
165,285
165,181
165,252
165,348
165,236
165,339
165,118
165,237
165,172
165,241
165,371
165,340
165,254
165,4
165,111
165,109
165,144
165,323
165,183
165,151
165,47
165,393
165,56
165,217
165,351
165,195
165,214
165,213
165,46
165,45
165,222
165,328
165,327
165,344
165,149
16,22
16,77
16,78
16,148
16,81
16,107
16,126
16,319
16,101
16,53
16,176
16,178
16,198
16,203
16,326
16,231
16,233
16,266
16,299
16,308
16,314
16,354
16,364
16,137
16,396
16,285
16,270
361,3
361,160
361,248
361,57
361,234
361,112
361,107
361,138
361,319
361,101
361,143
361,158
361,177
361,198
361,210
361,58
361,266
361,273
361,379
361,396
361,398
361,397
361,251
361,11
361,250
361,241
361,371
361,340
361,151
528,18
528,37
528,41
528,42
528,248
528,59
528,212
528,80
528,85
528,100
528,107
528,113
528,126
528,131
528,143
528,147
528,157
528,158
528,177
528,63
528,64
528,199
528,207
528,216
528,233
528,242
528,273
528,296
528,299
528,309
528,314
528,338
528,70
528,27
528,397
528,250
528,155
528,236
528,145
528,36
528,16
528,237
528,371
528,340
528,179
528,393
528,56
528,187
528,214
528,213
528,46
1046,3
1046,160
1046,15
1046,18
1046,19
1046,173
1046,25
1046,26
1046,32
1046,33
1046,256
1046,42
1046,72
1046,81
1046,85
1046,105
1046,107
1046,113
1046,123
1046,126
1046,284
1046,319
1046,101
1046,147
1046,37
1046,150
1046,159
1046,177
1046,182
1046,196
1046,290
1046,326
1046,266
1046,274
1046,356
1046,296
1046,297
1046,299
1046,301
1046,314
1046,325
1046,70
1046,353
1046,238
1046,337
1046,354
1046,360
1046,377
1046,385
1046,386
1046,391
1046,392
1046,396
1046,117
1046,51
1046,236
1046,307
1046,240
1046,109
1046,148
1046,209
1046,259
1046,135
1046,24
1046,23
1046,351
1046,195
1046,222
1046,344
1296,3
1296,160
1296,21
1296,23
1296,25
1296,26
1296,29
1296,33
1296,256
1296,37
1296,42
1296,248
1296,57
1296,67
1296,267
1296,72
1296,212
1296,79
1296,80
1296,124
1296,107
1296,113
1296,123
1296,126
1296,134
1296,286
1296,161
1296,319
1296,101
1296,143
1296,152
1296,156
1296,158
1296,163
1296,177
1296,64
1296,168
1296,170
1296,175
1296,171
1296,195
1296,198
1296,202
1296,207
1296,290
1296,210
1296,216
1296,242
1296,87
1296,253
1296,200
1296,261
1296,10
1296,264
1296,266
1296,273
1296,293
1296,296
1296,299
1296,301
1296,314
1296,330
1296,334
1296,83
1296,338
1296,350
1296,353
1296,238
1296,337
1296,354
1296,364
1296,137
1296,376
1296,373
1296,27
1296,391
1296,395
1296,396
1296,117
1296,387
1296,61
1296,305
1296,89
1296,48
1296,8
1296,221
1296,262
1296,236
1296,145
1296,36
1296,16
1296,227
1296,307
1296,371
1296,340
1296,240
1296,109
1296,148
1296,209
1296,259
1296,4
1296,144
1296,179
1296,183
1296,324
1296,393
1296,217
1296,146
1296,394
1296,189
1296,245
1296,214
1296,213
1296,128
1296,343
1296,222
1296,344
1296,149
1296,6
1166,3
1166,160
1166,25
1166,26
1166,33
1166,256
1166,37
1166,42
1166,248
1166,54
1166,57
1166,59
1166,67
1166,267
1166,72
1166,212
1166,79
1166,80
1166,81
1166,85
1166,124
1166,105
1166,107
1166,113
1166,123
1166,126
1166,284
1166,134
1166,286
1166,319
1166,101
1166,143
1166,147
1166,152
1166,156
1166,157
1166,161
1166,158
1166,177
1166,64
1166,170
1166,175
1166,171
1166,195
1166,198
1166,199
1166,202
1166,207
1166,290
1166,210
1166,216
1166,242
1166,246
1166,249
1166,261
1166,10
1166,264
1166,265
1166,266
1166,273
1166,293
1166,294
1166,296
1166,299
1166,301
1166,314
1166,330
1166,334
1166,83
1166,253
1166,346
1166,138
1166,70
1166,350
1166,352
1166,353
1166,238
1166,337
1166,354
1166,364
1166,372
1166,377
1166,376
1166,373
1166,379
1166,27
1166,391
1166,396
1166,117
1166,387
1166,285
1166,250
1166,236
1166,145
1166,371
1166,340
1166,259
1166,1
1166,4
1166,21
1166,109
1166,323
1166,393
1166,227
1166,146
1166,189
1166,245
1166,214
1166,213
1166,128
1166,222
1166,258
1166,178
1166,93
1166,327
1166,325
1166,344
1166,380
442,3
442,160
442,23
442,26
442,37
442,39
442,248
442,212
442,81
442,85
442,100
442,107
442,108
442,113
442,119
442,291
442,133
442,319
442,101
442,143
442,147
442,156
442,158
442,177
442,198
442,199
442,206
442,242
442,266
442,273
442,283
442,368
442,377
442,27
442,391
442,396
442,285
442,241
442,371
442,340
442,244
442,393
442,154
442,214
442,213
442,128
442,222
442,344
442,395
924,3
924,160
924,13
924,15
924,18
924,20
924,23
924,22
924,26
924,28
924,94
924,29
924,33
924,256
924,37
924,40
924,41
924,42
924,248
924,57
924,59
924,69
924,267
924,72
924,212
924,78
924,148
924,79
924,80
924,81
924,85
924,91
924,92
924,43
924,234
924,112
924,124
924,100
924,106
924,107
924,113
924,119
924,291
924,120
924,121
924,123
924,126
924,127
924,129
924,131
924,284
924,132
924,134
924,319
924,101
924,140
924,143
924,147
924,53
924,150
924,152
924,157
924,158
924,163
924,165
924,167
924,177
924,63
924,64
924,194
924,198
924,199
924,202
924,204
924,207
924,290
924,210
924,216
924,225
924,230
924,231
924,233
924,58
924,242
924,246
924,200
924,257
924,264
924,265
924,266
924,273
924,274
924,356
924,279
924,280
924,293
924,294
924,296
924,297
924,299
924,309
924,314
924,316
924,329
924,330
924,83
924,333
924,338
924,253
924,70
924,352
924,353
924,238
924,337
924,354
924,358
924,360
924,364
924,368
924,137
924,372
924,310
924,374
924,377
924,376
924,373
924,379
924,27
924,389
924,390
924,391
924,392
924,396
924,398
924,397
924,399
924,117
924,375
924,73
924,387
924,349
924,99
924,14
924,305
924,285
924,95
924,151
924,155
924,220
924,255
924,36
924,16
924,339
924,118
924,227
924,241
924,371
924,340
924,240
924,109
924,209
924,259
924,254
924,211
924,1
924,4
924,111
924,71
924,179
924,135
924,183
924,116
924,324
924,393
924,197
924,56
924,367
924,50
924,84
924,146
924,154
924,9
924,214
924,213
924,46
924,128
924,343
924,302
924,228
924,222
924,258
924,219
924,208
924,125
924,344
884,3
884,160
884,15
884,18
884,20
884,59
884,270
884,212
884,79
884,90
884,96
884,105
884,107
884,134
884,143
884,156
884,157
884,159
884,177
884,175
884,171
884,204
884,232
884,233
884,243
884,274
884,356
884,314
884,328
884,83
884,336
884,358
884,360
884,180
884,305
884,68
884,181
884,145
884,118
884,371
884,340
884,320
884,321
884,197
884,14
884,46
884,344
281,3
281,160
281,18
281,22
281,28
281,94
281,29
281,33
281,256
281,37
281,42
281,248
281,54
281,62
281,69
281,76
281,212
281,80
281,82
281,85
281,96
281,107
281,113
281,126
281,284
281,366
281,134
281,319
281,101
281,147
281,53
281,152
281,158
281,159
281,177
281,64
281,168
281,169
281,170
281,175
281,171
281,186
281,187
281,191
281,195
281,198
281,199
281,207
281,210
281,216
281,224
281,225
281,326
281,231
281,233
281,242
281,153
281,266
281,268
281,269
281,273
281,279
281,293
281,294
281,297
281,298
281,299
281,278
281,300
281,308
281,309
281,314
281,317
281,325
281,338
281,346
281,138
281,348
281,354
281,360
281,368
281,137
281,372
281,376
281,373
281,27
281,392
281,396
281,397
281,73
281,14
281,285
281,252
281,89
281,48
281,184
281,237
281,55
281,36
281,16
281,118
281,241
281,371
281,340
281,259
281,4
281,320
281,185
281,341
281,336
281,183
281,47
281,321
281,246
281,201
281,52
281,214
281,213
281,46
281,128
281,328
281,178
281,93
281,148
281,344
281,149
143,23
143,26
143,126
143,207
143,314
143,379
143,198
1288,3
1288,160
1288,17
1288,18
1288,20
1288,23
1288,22
1288,25
1288,26
1288,28
1288,94
1288,29
1288,31
1288,32
1288,33
1288,256
1288,37
1288,40
1288,42
1288,75
1288,60
1288,59
1288,62
1288,270
1288,69
1288,72
1288,212
1288,78
1288,148
1288,79
1288,81
1288,85
1288,91
1288,92
1288,43
1288,124
1288,96
1288,101
1288,105
1288,104
1288,106
1288,107
1288,113
1288,120
1288,122
1288,123
1288,126
1288,127
1288,129
1288,130
1288,131
1288,133
1288,366
1288,134
1288,136
1288,138
1288,286
1288,319
1288,147
1288,53
1288,150
1288,156
1288,157
1288,161
1288,159
1288,165
1288,166
1288,177
1288,41
1288,66
1288,168
1288,169
1288,170
1288,175
1288,171
1288,182
1288,186
1288,187
1288,193
1288,194
1288,196
1288,198
1288,199
1288,202
1288,203
1288,205
1288,207
1288,272
1288,326
1288,229
1288,232
1288,233
1288,243
1288,246
1288,200
1288,153
1288,261
1288,10
1288,266
1288,269
1288,274
1288,356
1288,275
1288,292
1288,293
1288,296
1288,297
1288,298
1288,299
1288,278
1288,301
1288,308
1288,309
1288,314
1288,315
1288,317
1288,316
1288,328
1288,330
1288,83
1288,338
1288,342
1288,346
1288,348
1288,353
1288,238
1288,337
1288,354
1288,360
1288,361
1288,362
1288,364
1288,368
1288,372
1288,310
1288,374
1288,377
1288,379
1288,389
1288,391
1288,392
1288,396
1288,398
1288,397
1288,117
1288,73
1288,285
1288,68
1288,181
1288,250
1288,258
1288,51
1288,89
1288,48
1288,151
1288,262
1288,145
1288,304
1288,45
1288,36
1288,16
1288,118
1288,240
1288,109
1288,209
1288,259
1288,254
1288,211
1288,320
1288,2
1288,100
1288,307
1288,358
1288,135
1288,336
1288,393
1288,218
1288,217
1288,321
1288,56
1288,277
1288,239
1288,146
1288,189
1288,245
1288,351
1288,195
1288,9
1288,201
1288,52
1288,222
1288,208
1288,344
1288,380
1288,6
1288,395
931,3
931,160
931,23
931,26
931,28
931,94
931,33
931,256
931,37
931,42
931,60
931,212
931,80
931,81
931,105
931,113
931,123
931,126
931,129
931,130
931,366
931,138
931,286
931,319
931,101
931,150
931,161
931,158
931,64
931,66
931,182
931,194
931,195
931,198
931,199
931,202
931,205
931,207
931,290
931,210
931,326
931,242
931,261
931,10
931,266
931,273
931,287
931,297
931,301
931,314
931,316
931,325
931,328
931,337
931,346
931,352
931,354
931,360
931,370
931,376
931,373
931,379
931,27
931,396
931,117
931,14
931,285
931,51
931,220
931,219
931,36
931,16
931,241
931,371
931,340
931,48
931,24
931,56
931,214
931,213
931,46
931,128
931,222
1185,22
1185,193
1185,215
1185,276
1185,299
1185,360
1185,379
1185,322
1185,103
1185,16
1185,172
1185,4
1185,5
1185,321
1185,367
1185,277
1185,46
1185,302
1185,228
1185,344
829,3
829,160
829,22
829,28
829,94
829,37
829,212
829,107
829,120
829,319
829,101
829,53
829,158
829,177
829,64
829,195
829,216
829,265
829,273
829,309
829,396
829,397
829,172
829,241
829,371
829,340
829,56
829,367
829,351
829,214
829,213
829,46
829,128
829,344
1285,23
1285,26
1285,29
1285,33
1285,256
1285,42
1285,248
1285,270
1285,69
1285,212
1285,80
1285,82
1285,100
1285,107
1285,113
1285,319
1285,101
1285,147
1285,37
1285,157
1285,158
1285,177
1285,169
1285,175
1285,171
1285,187
1285,198
1285,210
1285,242
1285,261
1285,10
1285,264
1285,265
1285,266
1285,273
1285,293
1285,309
1285,314
1285,70
1285,352
1285,372
1285,377
1285,379
1285,392
1285,220
1285,219
1285,371
1285,340
1285,259
1285,336
1285,214
1285,213
1285,302
1285,228
1285,289
1071,18
1071,21
1071,29
1071,37
1071,248
1071,77
1071,212
1071,78
1071,148
1071,81
1071,124
1071,108
1071,113
1071,119
1071,291
1071,123
1071,126
1071,127
1071,319
1071,101
1071,143
1071,147
1071,158
1071,176
1071,170
1071,195
1071,216
1071,233
1071,266
1071,273
1071,279
1071,283
1071,299
1071,315
1071,253
1071,353
1071,238
1071,337
1071,360
1071,368
1071,376
1071,373
1071,391
1071,398
1071,117
1071,375
1071,285
1071,339
1071,241
1071,240
1071,109
1071,209
1071,211
1071,110
1071,111
1071,244
1071,139
1071,183
1071,393
1071,272
1071,84
1071,154
1071,214
1071,213
1071,236
1071,344
1071,395
526,270
526,113
526,120
526,158
526,177
526,198
526,210
526,266
526,273
526,293
526,299
526,391
526,117
526,219
526,241
526,211
526,128
1060,3
1060,160
1060,17
1060,18
1060,20
1060,21
1060,22
1060,25
1060,28
1060,94
1060,29
1060,31
1060,33
1060,256
1060,34
1060,37
1060,38
1060,39
1060,42
1060,248
1060,267
1060,72
1060,76
1060,212
1060,78
1060,148
1060,79
1060,80
1060,81
1060,85
1060,93
1060,234
1060,112
1060,124
1060,97
1060,98
1060,100
1060,101
1060,105
1060,107
1060,108
1060,113
1060,119
1060,291
1060,120
1060,121
1060,122
1060,123
1060,126
1060,127
1060,130
1060,131
1060,134
1060,286
1060,319
1060,143
1060,53
1060,150
1060,157
1060,158
1060,159
1060,162
1060,163
1060,167
1060,176
1060,177
1060,64
1060,65
1060,168
1060,170
1060,175
1060,171
1060,198
1060,199
1060,202
1060,203
1060,207
1060,290
1060,210
1060,216
1060,225
1060,35
1060,272
1060,326
1060,230
1060,88
1060,253
1060,233
1060,242
1060,243
1060,200
1060,257
1060,261
1060,10
1060,266
1060,269
1060,273
1060,275
1060,276
1060,278
1060,281
1060,299
1060,303
1060,308
1060,311
1060,378
1060,314
1060,315
1060,318
1060,383
1060,330
1060,334
1060,83
1060,342
1060,348
1060,70
1060,350
1060,195
1060,353
1060,238
1060,337
1060,361
1060,368
1060,372
1060,374
1060,376
1060,373
1060,379
1060,382
1060,381
1060,27
1060,389
1060,390
1060,391
1060,396
1060,397
1060,117
1060,375
1060,73
1060,310
1060,349
1060,99
1060,14
1060,251
1060,11
1060,305
1060,285
1060,252
1060,250
1060,365
1060,8
1060,221
1060,236
1060,145
1060,103
1060,322
1060,241
1060,307
1060,371
1060,340
1060,223
1060,240
1060,109
1060,209
1060,5
1060,135
1060,141
1060,388
1060,197
1060,277
1060,50
1060,84
1060,146
1060,86
1060,154
1060,115
1060,214
1060,213
1060,46
1060,128
1060,222
1060,255
1060,12
1060,344
1060,380
1147,3
1147,160
1147,18
1147,22
1147,30
1147,26
1147,28
1147,94
1147,33
1147,256
1147,37
1147,42
1147,248
1147,57
1147,72
1147,212
1147,80
1147,81
1147,82
1147,85
1147,124
1147,96
1147,100
1147,104
1147,107
1147,113
1147,120
1147,123
1147,126
1147,130
1147,131
1147,319
1147,101
1147,143
1147,147
1147,53
1147,152
1147,157
1147,161
1147,158
1147,166
1147,177
1147,64
1147,175
1147,171
1147,198
1147,202
1147,207
1147,210
1147,216
1147,224
1147,232
1147,242
1147,261
1147,10
1147,264
1147,265
1147,266
1147,269
1147,273
1147,293
1147,294
1147,296
1147,298
1147,299
1147,278
1147,303
1147,314
1147,316
1147,318
1147,383
1147,257
1147,253
1147,348
1147,354
1147,360
1147,362
1147,137
1147,372
1147,376
1147,373
1147,379
1147,27
1147,391
1147,396
1147,398
1147,397
1147,285
1147,95
1147,250
1147,220
1147,255
1147,55
1147,118
1147,227
1147,241
1147,307
1147,371
1147,340
1147,240
1147,109
1147,148
1147,209
1147,259
1147,254
1147,5
1147,1
1147,323
1147,183
1147,50
1147,217
1147,146
1147,394
1147,395
1147,274
1147,9
1147,214
1147,213
1147,46
1147,128
1147,222
1147,312
1147,331
1147,149
1147,380
1254,3
1254,160
1254,25
1254,29
1254,33
1254,256
1254,34
1254,37
1254,38
1254,42
1254,248
1254,54
1254,59
1254,72
1254,212
1254,79
1254,80
1254,81
1254,85
1254,100
1254,102
1254,104
1254,107
1254,113
1254,120
1254,123
1254,126
1254,127
1254,284
1254,319
1254,101
1254,143
1254,147
1254,158
1254,177
1254,64
1254,186
1254,193
1254,198
1254,199
1254,207
1254,210
1254,215
1254,216
1254,116
1254,242
1254,249
1254,257
1254,260
1254,264
1254,266
1254,273
1254,293
1254,296
1254,301
1254,314
1254,330
1254,334
1254,338
1254,354
1254,364
1254,137
1254,374
1254,377
1254,376
1254,373
1254,27
1254,391
1254,117
1254,305
1254,68
1254,8
1254,221
1254,145
1254,339
1254,227
1254,371
1254,340
1254,240
1254,109
1254,148
1254,209
1254,259
1254,355
1254,144
1254,393
1254,56
1254,50
1254,214
1254,213
1254,128
1254,125
1254,289
1254,395
1254,6
53,0
53,3
53,160
53,23
53,25
53,26
53,29
53,33
53,256
53,34
53,37
53,42
53,248
53,54
53,57
53,59
53,267
53,72
53,76
53,78
53,148
53,79
53,101
53,107
53,108
53,113
53,120
53,122
53,123
53,126
53,129
53,134
53,319
53,143
53,147
53,53
53,156
53,157
53,161
53,158
53,177
53,64
53,193
53,194
53,195
53,198
53,199
53,202
53,210
53,230
53,229
53,58
53,200
53,263
53,261
53,10
53,266
53,273
53,274
53,356
53,280
53,283
53,292
53,293
53,294
53,296
53,299
53,301
53,314
53,330
53,334
53,83
53,333
53,338
53,353
53,238
53,337
53,354
53,364
53,368
53,137
53,385
53,386
53,389
53,390
53,391
53,396
53,117
53,73
53,14
53,262
53,255
53,145
53,307
53,371
53,340
53,240
53,109
53,209
53,259
53,1
53,4
53,139
53,247
53,111
53,144
53,358
53,116
53,393
53,277
53,278
53,84
53,351
53,128
53,222
53,344
53,395
435,3
435,160
435,23
435,40
435,41
435,72
435,212
435,123
435,126
435,134
435,319
435,101
435,53
435,159
435,177
435,63
435,65
435,66
435,168
435,169
435,170
435,175
435,171
435,198
435,199
435,207
435,261
435,10
435,266
435,293
435,303
435,309
435,337
435,70
435,360
435,361
435,379
435,389
435,390
435,221
435,220
435,64
435,49
435,210
435,273
435,278
435,27
435,371
435,340
435,46
435,327
435,325
514,22
514,78
514,148
514,81
514,107
514,113
514,123
514,284
514,319
514,101
514,53
514,177
514,169
514,175
514,171
514,205
514,207
514,184
514,266
514,293
514,314
514,318
514,383
514,360
514,377
514,396
514,375
514,103
514,222
514,3
514,160
514,23
514,26
514,29
514,40
514,42
514,44
514,75
514,72
514,212
514,82
514,85
514,126
514,134
514,147
514,37
514,152
514,156
514,158
514,63
514,65
514,170
514,174
514,191
514,198
514,210
514,294
514,242
514,273
514,353
514,238
514,337
514,362
514,27
514,390
514,391
514,285
514,181
514,36
514,16
514,172
514,241
514,371
514,340
514,179
514,183
514,189
514,245
514,115
514,214
514,213
514,46
514,10
514,344
460,2
460,3
460,160
460,18
460,22
460,25
460,26
460,28
460,94
460,29
460,32
460,33
460,256
460,37
460,40
460,248
460,57
460,60
460,59
460,270
460,69
460,267
460,72
460,212
460,78
460,148
460,79
460,80
460,81
460,82
460,85
460,91
460,92
460,43
460,101
460,106
460,107
460,113
460,120
460,123
460,126
460,130
460,131
460,284
460,366
460,134
460,319
460,143
460,147
460,150
460,152
460,294
460,156
460,157
460,161
460,158
460,159
460,165
460,176
460,177
460,63
460,64
460,66
460,170
460,175
460,171
460,182
460,186
460,187
460,194
460,196
460,198
460,199
460,202
460,290
460,210
460,225
460,229
460,242
460,243
460,87
460,253
460,153
460,261
460,10
460,266
460,269
460,271
460,369
460,273
460,281
460,296
460,297
460,301
460,309
460,313
460,312
460,314
460,325
460,337
460,257
460,338
460,340
460,342
460,346
460,138
460,70
460,307
460,360
460,364
460,368
460,137
460,372
460,377
460,376
460,373
460,379
460,27
460,396
460,398
460,221
460,117
460,180
460,14
460,285
460,68
460,252
460,348
460,293
460,51
460,365
460,155
460,255
460,304
460,45
460,36
460,16
460,241
460,371
460,244
460,185
460,358
460,183
460,24
460,23
460,393
460,381
460,277
460,278
460,50
460,394
460,395
460,1
460,48
460,214
460,213
460,46
460,128
460,222
460,327
460,52
460,344
460,380
813,38
813,319
813,53
813,163
813,174
813,210
813,216
813,242
813,264
813,265
813,68
196,2
196,3
196,160
196,23
196,22
196,26
196,28
196,94
196,29
196,32
196,33
196,256
196,37
196,40
196,42
196,248
196,75
196,54
196,60
196,270
196,72
196,74
196,212
196,78
196,148
196,80
196,81
196,85
196,124
196,102
196,107
196,113
196,120
196,123
196,126
196,284
196,133
196,134
196,138
196,319
196,101
196,143
196,147
196,53
196,150
196,152
196,156
196,158
196,177
196,63
196,64
196,66
196,170
196,182
196,191
196,192
196,194
196,195
196,198
196,199
196,202
196,203
196,205
196,206
196,207
196,210
196,225
196,326
196,230
196,184
196,242
196,261
196,10
196,264
196,266
196,269
196,273
196,279
196,293
196,294
196,296
196,297
196,299
196,300
196,303
196,308
196,309
196,314
196,317
196,325
196,83
196,350
196,352
196,354
196,360
196,361
196,368
196,137
196,377
196,376
196,373
196,379
196,27
196,384
196,396
196,399
196,117
196,73
196,180
196,61
196,285
196,181
196,51
196,155
196,255
196,55
196,219
196,304
196,45
196,36
196,16
196,227
196,172
196,241
196,371
196,340
196,240
196,109
196,209
196,259
196,4
196,110
196,355
196,320
196,1
196,185
196,48
196,71
196,341
196,336
196,183
196,47
196,393
196,321
196,56
196,50
196,217
196,146
196,149
196,189
196,245
196,351
196,214
196,213
196,46
196,179
196,302
196,228
196,312
196,222
196,328
196,327
196,52
196,344
547,3
547,160
547,18
547,19
547,22
547,26
547,28
547,94
547,32
547,37
547,40
547,212
547,79
547,81
547,85
547,91
547,92
547,43
547,96
547,101
547,105
547,107
547,126
547,366
547,134
547,138
547,319
547,143
547,147
547,53
547,158
547,64
547,170
547,174
547,175
547,171
547,182
547,198
547,205
547,207
547,242
547,243
547,266
547,273
547,293
547,297
547,308
547,309
547,313
547,312
547,314
547,337
547,346
547,348
547,360
547,361
547,370
547,376
547,373
547,379
547,27
547,396
547,397
547,117
547,180
547,322
547,285
547,252
547,145
547,103
547,36
547,16
547,118
547,241
547,371
547,340
547,223
547,355
547,183
547,116
547,115
547,9
547,214
547,213
547,46
547,240
547,328
1275,2
1275,3
1275,160
1275,18
1275,23
1275,26
1275,29
1275,42
1275,248
1275,54
1275,57
1275,212
1275,234
1275,112
1275,100
1275,113
1275,123
1275,138
1275,319
1275,101
1275,143
1275,150
1275,158
1275,177
1275,64
1275,198
1275,210
1275,88
1275,253
1275,58
1275,246
1275,261
1275,10
1275,266
1275,269
1275,273
1275,274
1275,356
1275,314
1275,316
1275,337
1275,70
1275,361
1275,379
1275,382
1275,381
1275,27
1275,396
1275,398
1275,397
1275,285
1275,95
1275,250
1275,241
1275,371
1275,340
1275,1
1275,355
1275,199
1275,183
1275,151
1275,50
1275,394
1275,395
1275,214
1275,213
1275,222
1275,383
1275,380
726,173
726,25
726,28
726,94
726,29
726,32
726,67
726,78
726,148
726,81
726,98
726,107
726,113
726,126
726,284
726,319
726,101
726,158
726,176
726,49
726,188
726,290
726,294
726,233
726,87
726,253
726,266
726,296
726,278
726,333
726,353
726,238
726,337
726,360
726,376
726,373
726,396
726,398
726,14
726,147
726,254
726,110
726,315
726,121
726,197
726,344
726,222
347,3
347,160
347,23
347,26
347,28
347,94
347,248
347,57
347,59
347,212
347,80
347,85
347,107
347,113
347,122
347,123
347,126
347,284
347,134
347,319
347,101
347,147
347,37
347,53
347,158
347,176
347,177
347,64
347,182
347,198
347,224
347,121
347,266
347,273
347,292
347,296
347,301
347,314
347,83
347,354
347,137
347,372
347,377
347,379
347,392
347,396
347,117
347,14
347,251
347,11
347,259
347,256
347,211
347,140
347,179
347,183
347,47
347,321
347,197
347,214
347,213
347,222
347,331
347,265
347,344
352,18
352,26
352,29
352,37
352,248
352,54
352,57
352,80
352,81
352,234
352,112
352,107
352,113
352,120
352,366
352,134
352,138
352,319
352,101
352,140
352,143
352,147
352,158
352,159
352,176
352,177
352,64
352,195
352,198
352,199
352,206
352,290
352,210
352,224
352,242
352,260
352,261
352,10
352,266
352,273
352,274
352,356
352,296
352,299
352,313
352,312
352,83
352,346
352,353
352,238
352,337
352,354
352,364
352,368
352,376
352,373
352,27
352,391
352,396
352,398
352,397
352,117
352,375
352,73
352,262
352,236
352,241
352,307
352,371
352,340
352,223
352,94
352,111
352,5
352,135
352,393
352,50
352,189
352,245
352,128
352,222
352,258
352,344
1011,2
1011,3
1011,160
1011,7
1011,13
1011,17
1011,18
1011,19
1011,20
1011,21
1011,22
1011,25
1011,26
1011,28
1011,94
1011,29
1011,31
1011,32
1011,33
1011,256
1011,34
1011,37
1011,38
1011,39
1011,40
1011,41
1011,42
1011,248
1011,75
1011,54
1011,57
1011,59
1011,62
1011,270
1011,67
1011,69
1011,273
1011,267
1011,72
1011,76
1011,77
1011,212
1011,78
1011,148
1011,79
1011,80
1011,81
1011,85
1011,90
1011,91
1011,92
1011,43
1011,93
1011,234
1011,112
1011,124
1011,96
1011,97
1011,98
1011,100
1011,105
1011,106
1011,107
1011,108
1011,113
1011,119
1011,291
1011,120
1011,121
1011,122
1011,126
1011,127
1011,129
1011,130
1011,131
1011,284
1011,133
1011,134
1011,136
1011,286
1011,319
1011,101
1011,140
1011,143
1011,147
1011,53
1011,150
1011,152
1011,156
1011,157
1011,161
1011,158
1011,159
1011,162
1011,163
1011,164
1011,165
1011,166
1011,167
1011,176
1011,177
1011,63
1011,64
1011,65
1011,66
1011,168
1011,170
1011,174
1011,175
1011,171
1011,182
1011,186
1011,187
1011,188
1011,190
1011,191
1011,192
1011,193
1011,194
1011,195
1011,196
1011,198
1011,199
1011,202
1011,203
1011,204
1011,205
1011,206
1011,207
1011,290
1011,210
1011,216
1011,224
1011,225
1011,226
1011,35
1011,272
1011,326
1011,230
1011,229
1011,317
1011,88
1011,253
1011,231
1011,232
1011,233
1011,58
1011,242
1011,243
1011,246
1011,249
1011,87
1011,200
1011,263
1011,153
1011,260
1011,261
1011,10
1011,264
1011,265
1011,266
1011,269
1011,274
1011,356
1011,275
1011,276
1011,278
1011,279
1011,51
1011,281
1011,283
1011,287
1011,292
1011,293
1011,294
1011,295
1011,296
1011,297
1011,298
1011,299
1011,300
1011,301
1011,303
1011,308
1011,309
1011,311
1011,378
1011,314
1011,315
1011,316
1011,318
1011,383
1011,325
1011,329
1011,330
1011,334
1011,83
1011,337
1011,333
1011,338
1011,340
1011,342
1011,345
1011,346
1011,138
1011,348
1011,252
1011,70
1011,350
1011,353
1011,238
1011,354
1011,358
1011,360
1011,361
1011,362
1011,364
1011,365
1011,368
1011,310
1011,374
1011,377
1011,376
1011,373
1011,379
1011,382
1011,381
1011,27
1011,384
1011,389
1011,390
1011,391
1011,392
1011,396
1011,398
1011,397
1011,117
1011,375
1011,73
1011,387
1011,61
1011,349
1011,99
1011,14
1011,251
1011,11
1011,305
1011,322
1011,285
1011,68
1011,250
1011,258
1011,89
1011,48
1011,151
1011,388
1011,155
1011,220
1011,8
1011,221
1011,262
1011,327
1011,236
1011,255
1011,341
1011,55
1011,145
1011,219
1011,304
1011,45
1011,103
1011,36
1011,16
1011,339
1011,118
1011,227
1011,241
1011,307
1011,371
1011,240
1011,109
1011,209
1011,259
1011,254
1011,71
1011,211
1011,110
1011,111
1011,357
1011,247
1011,244
1011,5
1011,139
1011,144
1011,135
1011,336
1011,141
1011,323
1011,116
1011,24
1011,23
1011,393
1011,321
1011,197
1011,56
1011,277
1011,239
1011,84
1011,146
1011,394
1011,395
1011,86
1011,154
1011,189
1011,245
1011,201
1011,52
1011,214
1011,213
1011,46
1011,128
1011,343
1011,302
1011,228
1011,222
1011,328
1011,12
1011,344
1011,380
1011,6
158,29
158,34
158,37
158,38
158,59
158,72
158,265
158,330
158,212
158,80
158,91
158,92
158,43
158,100
158,108
158,113
158,123
158,126
158,319
158,101
158,143
158,158
158,177
158,193
158,199
158,215
158,242
158,266
158,273
158,274
158,356
158,296
158,301
158,314
158,334
158,338
158,137
158,372
158,27
158,391
158,117
158,61
158,305
158,285
158,68
158,236
158,145
158,339
158,118
158,227
158,371
158,340
158,144
158,116
158,393
158,394
158,395
158,86
158,85
158,347
158,293
158,222
158,344
1250,2
1250,3
1250,160
1250,15
1250,18
1250,25
1250,29
1250,32
1250,37
1250,59
1250,72
1250,81
1250,85
1250,234
1250,112
1250,107
1250,113
1250,114
1250,344
1250,123
1250,126
1250,284
1250,366
1250,134
1250,319
1250,101
1250,147
1250,53
1250,152
1250,156
1250,166
1250,176
1250,177
1250,65
1250,182
1250,196
1250,203
1250,206
1250,207
1250,225
1250,87
1250,253
1250,261
1250,10
1250,266
1250,294
1250,296
1250,297
1250,298
1250,299
1250,301
1250,314
1250,325
1250,346
1250,138
1250,70
1250,350
1250,195
1250,353
1250,238
1250,337
1250,354
1250,360
1250,372
1250,390
1250,391
1250,396
1250,117
1250,51
1250,89
1250,48
1250,262
1250,36
1250,240
1250,109
1250,148
1250,209
1250,259
1250,256
1250,179
1250,135
1250,56
1250,222
1250,327
1102,13
1102,22
1102,28
1102,94
1102,29
1102,39
1102,42
1102,248
1102,54
1102,57
1102,59
1102,212
1102,81
1102,82
1102,107
1102,108
1102,113
1102,123
1102,127
1102,134
1102,319
1102,101
1102,143
1102,147
1102,37
1102,158
1102,177
1102,64
1102,170
1102,198
1102,210
1102,216
1102,233
1102,242
1102,265
1102,266
1102,273
1102,279
1102,281
1102,283
1102,309
1102,311
1102,378
1102,314
1102,330
1102,83
1102,338
1102,360
1102,368
1102,310
1102,374
1102,376
1102,373
1102,391
1102,396
1102,397
1102,14
1102,241
1102,371
1102,340
1102,211
1102,4
1102,111
1102,183
1102,393
1102,272
1102,239
1102,84
1102,154
1102,9
1102,214
1102,213
1102,46
1102,128
1102,222
1102,344
1099,3
1099,160
1099,21
1099,26
1099,32
1099,33
1099,256
1099,37
1099,248
1099,57
1099,59
1099,212
1099,78
1099,148
1099,81
1099,100
1099,106
1099,107
1099,113
1099,123
1099,319
1099,101
1099,150
1099,157
1099,167
1099,177
1099,49
1099,170
1099,182
1099,198
1099,216
1099,225
1099,326
1099,200
1099,263
1099,266
1099,273
1099,280
1099,293
1099,297
1099,299
1099,278
1099,301
1099,313
1099,312
1099,314
1099,329
1099,330
1099,338
1099,360
1099,377
1099,379
1099,180
1099,8
1099,221
1099,255
1099,259
1099,244
1099,179
1099,183
1099,86
1099,85
1099,115
1099,343
1099,222
444,3
444,160
444,13
444,15
444,17
444,18
444,23
444,22
444,26
444,28
444,94
444,33
444,256
444,37
444,42
444,60
444,62
444,72
444,212
444,78
444,148
444,79
444,81
444,85
444,91
444,92
444,43
444,124
444,101
444,107
444,113
444,120
444,122
444,123
444,126
444,127
444,129
444,366
444,134
444,136
444,138
444,286
444,319
444,147
444,53
444,150
444,152
444,156
444,157
444,159
444,165
444,167
444,176
444,177
444,170
444,182
444,188
444,191
444,195
444,198
444,199
444,202
444,206
444,225
444,35
444,291
444,232
444,233
444,243
444,87
444,253
444,200
444,153
444,266
444,271
444,369
444,274
444,356
444,292
444,293
444,297
444,298
444,299
444,301
444,311
444,378
444,314
444,330
444,334
444,337
444,338
444,346
444,348
444,252
444,354
444,358
444,360
444,364
444,365
444,368
444,310
444,379
444,382
444,381
444,391
444,396
444,398
444,397
444,117
444,180
444,14
444,285
444,181
444,250
444,89
444,48
444,151
444,255
444,304
444,45
444,36
444,16
444,240
444,109
444,209
444,259
444,211
444,4
444,320
444,239
444,100
444,34
444,135
444,393
444,306
444,307
444,2
444,321
444,332
444,73
444,146
444,38
444,189
444,245
444,351
444,201
444,52
444,214
444,213
444,343
444,222
444,12
444,344
444,6
444,395
896,3
896,160
896,18
896,26
896,33
896,256
896,34
896,37
896,42
896,248
896,59
896,72
896,85
896,107
896,113
896,123
896,319
896,101
896,147
896,157
896,177
896,170
896,193
896,194
896,326
896,266
896,293
896,301
896,314
896,329
896,330
896,338
896,354
896,372
896,377
896,379
896,391
896,396
896,285
896,55
896,241
896,259
896,48
896,218
896,217
896,367
896,146
896,221
896,201
896,52
896,47
896,222
517,3
517,160
517,26
517,28
517,94
517,80
517,106
517,107
517,113
517,319
517,101
517,147
517,37
517,53
517,150
517,156
517,161
517,158
517,177
517,64
517,175
517,171
517,193
517,194
517,198
517,210
517,215
517,272
517,261
517,10
517,266
517,273
517,279
517,314
517,329
517,346
517,138
517,376
517,373
517,396
517,36
517,16
517,241
517,371
517,340
517,259
517,256
988,3
988,160
988,21
988,33
988,256
988,37
988,42
988,78
988,148
988,81
988,107
988,113
988,123
988,319
988,101
988,147
988,177
988,182
988,198
988,202
988,216
988,225
988,326
988,263
988,265
988,266
988,294
988,314
988,329
988,253
988,379
988,180
988,223
988,240
988,109
988,209
988,259
988,1
988,244
988,135
988,222
22,22
22,32
22,248
22,72
22,212
22,80
22,81
22,82
22,85
22,107
22,123
22,126
22,284
22,319
22,101
22,147
22,37
22,53
22,158
22,64
22,65
22,170
22,193
22,194
22,199
22,205
22,242
22,261
22,10
22,265
22,281
22,372
22,310
22,377
22,376
22,373
22,27
22,396
22,262
22,304
22,45
22,36
22,16
22,371
22,340
22,259
22,256
22,109
22,185
22,71
22,151
22,189
22,245
22,214
22,213
22,222
22,309
649,26
649,37
649,40
649,80
649,81
649,107
649,108
649,113
649,126
649,133
649,319
649,101
649,143
649,147
649,158
649,177
649,64
649,207
649,242
649,87
649,253
649,266
649,273
649,296
649,314
649,353
649,238
649,337
649,137
649,379
649,27
649,391
649,89
649,48
649,388
649,241
649,371
649,340
649,240
649,109
649,148
649,209
649,393
649,56
649,201
649,52
649,46
649,128
649,395
471,2
471,3
471,160
471,18
471,23
471,22
471,25
471,26
471,28
471,94
471,29
471,33
471,256
471,34
471,37
471,40
471,248
471,44
471,103
471,57
471,59
471,72
471,212
471,80
471,81
471,82
471,85
471,93
471,234
471,112
471,96
471,101
471,106
471,107
471,113
471,123
471,126
471,130
471,131
471,284
471,132
471,133
471,366
471,134
471,319
471,143
471,147
471,53
471,150
471,152
471,156
471,161
471,158
471,167
471,177
471,64
471,168
471,170
471,182
471,187
471,193
471,194
471,195
471,198
471,199
471,202
471,205
471,207
471,210
471,224
471,225
471,231
471,232
471,233
471,184
471,58
471,242
471,257
471,261
471,10
471,266
471,273
471,274
471,356
471,279
471,293
471,296
471,297
471,298
471,299
471,300
471,313
471,312
471,314
471,318
471,383
471,325
471,329
471,337
471,253
471,346
471,138
471,70
471,354
471,358
471,360
471,364
471,368
471,369
471,137
471,372
471,310
471,376
471,373
471,379
471,27
471,391
471,396
471,398
471,397
471,117
471,180
471,14
471,322
471,252
471,348
471,250
471,51
471,89
471,48
471,236
471,255
471,304
471,45
471,339
471,237
471,172
471,241
471,371
471,340
471,259
471,254
471,211
471,109
471,320
471,144
471,71
471,341
471,135
471,183
471,393
471,306
471,307
471,218
471,217
471,272
471,321
471,258
471,154
471,189
471,245
471,120
471,214
471,213
471,46
471,128
471,222
471,1
471,378
471,247
471,148
471,166
471,344
989,3
989,160
989,18
989,22
989,28
989,94
989,29
989,32
989,33
989,256
989,34
989,37
989,42
989,248
989,57
989,59
989,62
989,69
989,267
989,72
989,212
989,79
989,80
989,81
989,85
989,107
989,113
989,123
989,126
989,284
989,133
989,286
989,143
989,147
989,53
989,158
989,177
989,64
989,65
989,66
989,49
989,170
989,187
989,191
989,198
989,203
989,206
989,207
989,210
989,231
989,233
989,242
989,266
989,269
989,273
989,279
989,287
989,294
989,295
989,298
989,299
989,300
989,308
989,309
989,313
989,312
989,314
989,342
989,348
989,354
989,360
989,137
989,376
989,373
989,27
989,391
989,396
989,397
989,117
989,73
989,51
989,155
989,255
989,55
989,36
989,16
989,339
989,241
989,371
989,340
989,48
989,323
989,183
989,116
989,56
989,201
989,52
989,214
989,213
989,46
989,128
989,343
989,45
989,222
989,258
989,331
989,265
989,344
996,22
996,29
996,33
996,256
996,37
996,40
996,42
996,248
996,57
996,59
996,212
996,78
996,148
996,80
996,81
996,85
996,96
996,107
996,113
996,126
996,134
996,319
996,101
996,147
996,53
996,158
996,177
996,64
996,66
996,191
996,192
996,194
996,195
996,196
996,198
996,203
996,205
996,206
996,233
996,242
996,257
996,265
996,266
996,273
996,279
996,293
996,294
996,298
996,278
996,309
996,314
996,316
996,325
996,253
996,360
996,368
996,372
996,377
996,376
996,373
996,27
996,391
996,396
996,398
996,397
996,375
996,73
996,285
996,95
996,255
996,55
996,16
996,118
996,241
996,371
996,340
996,223
996,94
996,48
996,336
996,183
996,277
996,99
996,214
996,213
996,46
996,128
996,222
1105,3
1105,160
1105,38
1105,81
1105,96
1105,107
1105,177
1105,198
1105,266
1105,274
1105,356
1105,396
1105,399
1105,222
870,113
870,126
870,159
870,177
870,64
870,175
870,171
870,207
870,242
870,273
870,83
870,337
870,360
870,27
870,71
870,72
870,56
870,46
406,248
406,57
406,100
406,138
406,158
406,175
406,171
406,58
406,261
406,10
406,266
406,273
406,70
406,362
406,27
406,251
406,11
406,250
406,371
406,340
998,2
998,3
998,160
998,15
998,17
998,18
998,21
998,22
998,30
998,28
998,94
998,29
998,32
998,33
998,256
998,37
998,39
998,40
998,41
998,42
998,248
998,75
998,57
998,270
998,62
998,67
998,69
998,72
998,74
998,212
998,78
998,148
998,79
998,80
998,81
998,85
998,234
998,112
998,124
998,96
998,97
998,101
998,107
998,108
998,113
998,120
998,123
998,126
998,127
998,129
998,130
998,284
998,132
998,133
998,134
998,136
998,286
998,319
998,143
998,147
998,53
998,150
998,152
998,156
998,157
998,161
998,158
998,159
998,162
998,164
998,177
998,64
998,65
998,49
998,169
998,170
998,175
998,171
998,182
998,186
998,188
998,191
998,192
998,193
998,194
998,196
998,198
998,199
998,202
998,203
998,205
998,206
998,207
998,290
998,210
998,215
998,225
998,272
998,326
998,233
998,58
998,242
998,243
998,87
998,253
998,257
998,261
998,10
998,264
998,266
998,271
998,369
998,273
998,276
998,278
998,279
998,280
998,51
998,281
998,293
998,294
998,295
998,297
998,298
998,299
998,300
998,301
998,309
998,314
998,315
998,316
998,318
998,383
998,325
998,330
998,334
998,83
998,338
998,340
998,345
998,346
998,138
998,348
998,70
998,353
998,238
998,337
998,354
998,358
998,360
998,361
998,364
998,365
998,368
998,370
998,137
998,372
998,310
998,377
998,376
998,373
998,379
998,27
998,384
998,390
998,391
998,396
998,398
998,397
998,221
998,117
998,73
998,180
998,349
998,99
998,251
998,11
998,305
998,285
998,181
998,252
998,95
998,250
998,258
998,151
998,388
998,155
998,327
998,184
998,237
998,236
998,255
998,55
998,145
998,304
998,45
998,36
998,16
998,118
998,172
998,241
998,371
998,223
998,240
998,109
998,209
998,259
998,254
998,211
998,4
998,244
998,320
998,247
998,111
998,144
998,48
998,179
998,336
998,183
998,269
998,47
998,116
998,141
998,393
998,218
998,217
998,321
998,197
998,14
998,332
998,56
998,277
998,239
998,146
998,154
998,189
998,245
998,115
998,351
998,195
998,201
998,52
998,214
998,213
998,46
998,343
998,222
998,208
998,331
998,265
998,178
998,93
998,125
998,344
998,380
1000,3
1000,160
1000,22
1000,28
1000,94
1000,37
1000,42
1000,270
1000,81
1000,85
1000,96
1000,107
1000,126
1000,284
1000,366
1000,134
1000,319
1000,101
1000,147
1000,53
1000,205
1000,233
1000,266
1000,279
1000,294
1000,298
1000,314
1000,354
1000,360
1000,372
1000,396
1000,236
1000,336
1000,302
1000,228
907,57
907,270
907,67
907,80
907,195
907,253
907,27
907,95
907,371
907,340
907,189
907,245
1183,2
1183,3
1183,160
1183,7
1183,23
1183,22
1183,26
1183,28
1183,94
1183,29
1183,33
1183,256
1183,37
1183,42
1183,248
1183,59
1183,62
1183,69
1183,72
1183,212
1183,79
1183,80
1183,81
1183,85
1183,91
1183,92
1183,43
1183,124
1183,96
1183,100
1183,101
1183,106
1183,107
1183,113
1183,120
1183,126
1183,130
1183,284
1183,134
1183,319
1183,142
1183,143
1183,147
1183,53
1183,156
1183,158
1183,159
1183,162
1183,177
1183,64
1183,186
1183,187
1183,193
1183,194
1183,198
1183,199
1183,203
1183,205
1183,210
1183,216
1183,229
1183,233
1183,242
1183,153
1183,266
1183,273
1183,279
1183,293
1183,300
1183,301
1183,308
1183,309
1183,314
1183,316
1183,325
1183,329
1183,330
1183,83
1183,338
1183,346
1183,138
1183,348
1183,352
1183,360
1183,361
1183,137
1183,372
1183,377
1183,376
1183,373
1183,27
1183,392
1183,396
1183,397
1183,73
1183,322
1183,285
1183,68
1183,95
1183,89
1183,48
1183,151
1183,304
1183,45
1183,36
1183,16
1183,118
1183,172
1183,241
1183,371
1183,340
1183,223
1183,259
1183,336
1183,323
1183,149
1183,321
1183,146
1183,9
1183,47
1183,214
1183,213
1183,46
1183,222
1183,12
1183,344
1183,105
1183,127
1183,131
1183,164
1183,170
1183,310
1183,252
1183,103
105,2
105,3
105,160
105,18
105,20
105,21
105,26
105,28
105,94
105,29
105,33
105,256
105,37
105,41
105,42
105,248
105,57
105,69
105,72
105,74
105,76
105,212
105,78
105,148
105,80
105,81
105,85
105,234
105,112
105,96
105,100
105,106
105,107
105,113
105,120
105,123
105,126
105,130
105,131
105,284
105,133
105,138
105,286
105,319
105,101
105,143
105,147
105,53
105,150
105,156
105,157
105,158
105,166
105,167
105,176
105,177
105,63
105,64
105,170
105,182
105,188
105,191
105,193
105,194
105,198
105,199
105,202
105,204
105,210
105,215
105,225
105,272
105,242
105,263
105,264
105,266
105,271
105,369
105,273
105,274
105,356
105,279
105,287
105,293
105,294
105,295
105,296
105,297
105,278
105,311
105,378
105,313
105,312
105,314
105,315
105,318
105,383
105,325
105,83
105,346
105,350
105,195
105,353
105,238
105,337
105,364
105,310
105,377
105,376
105,373
105,379
105,27
105,396
105,398
105,397
105,399
105,117
105,61
105,14
105,251
105,11
105,285
105,252
105,348
105,151
105,184
105,237
105,55
105,103
105,322
105,36
105,16
105,118
105,172
105,241
105,371
105,340
105,240
105,109
105,209
105,259
105,254
105,211
105,110
105,135
105,183
105,47
105,306
105,307
105,321
105,197
105,86
105,154
105,115
105,343
105,222
105,255
105,331
105,265
105,289
105,344
925,3
925,160
925,19
925,28
925,94
925,29
925,33
925,256
925,37
925,81
925,90
925,102
925,107
925,2
925,113
925,123
925,319
925,101
925,147
925,53
925,150
925,165
925,177
925,188
925,194
925,196
925,198
925,199
925,207
925,293
925,295
925,299
925,83
925,354
925,364
925,117
925,375
925,220
925,262
925,36
925,109
925,139
925,144
925,141
925,126
925,56
925,189
925,245
925,222
925,344
925,18
925,23
925,22
925,32
925,248
925,212
925,80
925,120
925,121
925,134
925,143
925,156
925,158
925,64
925,191
925,203
925,205
925,210
925,230
925,242
925,266
925,273
925,294
925,314
925,337
925,333
925,338
925,340
925,137
925,376
925,373
925,27
925,396
925,73
925,151
925,388
925,241
925,371
925,259
925,4
925,179
925,183
925,24
925,217
925,128
925,149
925,328
433,3
433,160
433,17
433,22
433,25
433,26
433,33
433,256
433,37
433,40
433,42
433,248
433,59
433,67
433,72
433,212
433,80
433,81
433,85
433,234
433,112
433,96
433,100
433,106
433,107
433,113
433,123
433,126
433,132
433,133
433,319
433,101
433,147
433,53
433,150
433,152
433,161
433,158
433,167
433,177
433,64
433,170
433,191
433,193
433,194
433,195
433,196
433,202
433,205
433,206
433,207
433,290
433,317
433,58
433,242
433,257
433,261
433,10
433,266
433,273
433,293
433,278
433,301
433,309
433,313
433,312
433,314
433,253
433,353
433,238
433,337
433,364
433,372
433,377
433,376
433,373
433,27
433,390
433,396
433,387
433,285
433,51
433,89
433,48
433,155
433,327
433,36
433,16
433,241
433,371
433,340
433,240
433,109
433,148
433,209
433,259
433,183
433,218
433,217
433,201
433,52
433,214
433,213
433,46
433,222
433,325
433,380
465,3
465,160
465,18
465,21
465,23
465,22
465,26
465,33
465,256
465,34
465,37
465,42
465,248
465,54
465,57
465,270
465,267
465,72
465,212
465,78
465,148
465,80
465,81
465,85
465,107
465,113
465,123
465,126
465,133
465,138
465,319
465,101
465,147
465,53
465,150
465,152
465,156
465,161
465,158
465,177
465,182
465,198
465,199
465,210
465,215
465,216
465,225
465,184
465,242
465,87
465,253
465,263
465,265
465,266
465,273
465,293
465,294
465,296
465,297
465,299
465,278
465,301
465,314
465,329
465,338
465,360
465,137
465,372
465,379
465,27
465,384
465,392
465,396
465,117
465,180
465,285
465,155
465,236
465,255
465,304
465,45
465,36
465,16
465,241
465,371
465,340
465,223
465,240
465,109
465,209
465,259
465,94
465,244
465,135
465,183
465,306
465,307
465,367
465,189
465,245
465,115
465,214
465,213
465,46
465,222
440,2
440,3
440,160
440,13
440,23
440,22
440,28
440,94
440,29
440,32
440,33
440,256
440,37
440,38
440,40
440,248
440,57
440,62
440,69
440,72
440,76
440,212
440,78
440,148
440,80
440,81
440,82
440,85
440,124
440,96
440,97
440,101
440,102
440,107
440,113
440,120
440,121
440,123
440,126
440,127
440,284
440,133
440,134
440,286
440,319
440,142
440,143
440,147
440,53
440,150
440,152
440,156
440,158
440,159
440,166
440,176
440,177
440,63
440,64
440,65
440,169
440,170
440,174
440,175
440,171
440,186
440,188
440,198
440,199
440,202
440,204
440,207
440,210
440,225
440,294
440,184
440,242
440,243
440,87
440,253
440,153
440,264
440,265
440,266
440,268
440,273
440,274
440,356
440,279
440,287
440,293
440,297
440,299
440,300
440,301
440,303
440,308
440,309
440,313
440,312
440,314
440,316
440,330
440,83
440,336
440,257
440,348
440,70
440,350
440,195
440,352
440,353
440,238
440,337
440,354
440,358
440,360
440,361
440,368
440,137
440,372
440,310
440,377
440,376
440,373
440,379
440,382
440,381
440,27
440,384
440,390
440,391
440,392
440,396
440,397
440,399
440,117
440,60
440,375
440,73
440,349
440,99
440,14
440,252
440,365
440,255
440,219
440,304
440,45
440,36
440,16
440,172
440,241
440,371
440,340
440,240
440,109
440,209
440,4
440,110
440,320
440,341
440,106
440,183
440,24
440,149
440,56
440,50
440,84
440,146
440,154
440,189
440,245
440,48
440,214
440,213
440,46
440,47
440,222
440,208
440,331
440,125
440,326
440,344
856,34
856,102
856,106
856,113
856,116
856,143
856,158
856,177
856,198
856,199
856,210
856,266
856,273
856,314
856,338
856,27
856,396
856,117
856,305
856,68
856,145
856,227
856,371
856,340
856,144
856,393
856,50
94,2
94,3
94,160
94,18
94,23
94,22
94,26
94,28
94,94
94,29
94,33
94,256
94,37
94,42
94,248
94,57
94,62
94,67
94,212
94,78
94,148
94,79
94,80
94,81
94,85
94,124
94,96
94,106
94,107
94,113
94,119
94,291
94,120
94,123
94,126
94,127
94,284
94,366
94,136
94,319
94,101
94,143
94,147
94,53
94,150
94,152
94,156
94,161
94,158
94,165
94,177
94,64
94,169
94,186
94,188
94,194
94,195
94,198
94,199
94,202
94,205
94,206
94,207
94,210
94,231
94,242
94,87
94,253
94,257
94,261
94,10
94,266
94,269
94,273
94,279
94,293
94,296
94,278
94,301
94,309
94,311
94,378
94,313
94,312
94,314
94,316
94,328
94,333
94,346
94,138
94,348
94,353
94,238
94,337
94,354
94,358
94,360
94,364
94,368
94,372
94,310
94,377
94,376
94,373
94,379
94,27
94,396
94,398
94,397
94,399
94,117
94,95
94,51
94,255
94,304
94,45
94,36
94,16
94,172
94,241
94,307
94,371
94,340
94,170
94,240
94,109
94,209
94,259
94,4
94,110
94,139
94,1
94,71
94,72
94,47
94,306
94,332
94,73
94,56
94,154
94,189
94,245
94,48
94,351
94,214
94,213
94,46
94,128
94,302
94,228
94,222
94,327
94,325
94,289
94,344
94,176
94,299
94,83
94,361
94,137
94,50
94,99
300,22
300,40
300,248
300,62
300,212
300,78
300,148
300,81
300,96
300,107
300,53
300,158
300,177
300,64
300,65
300,170
300,194
300,199
300,204
300,205
300,206
300,207
300,290
300,242
300,266
300,273
300,293
300,303
300,309
300,311
300,378
300,314
300,358
300,137
300,310
300,377
300,376
300,373
300,27
300,396
300,117
300,285
300,241
300,371
300,340
300,336
300,214
300,213
300,46
300,302
300,228
300,222
408,234
408,112
408,167
408,135
408,26
408,248
408,57
408,270
408,113
408,319
408,101
408,65
408,198
408,210
408,58
408,269
408,314
408,379
408,355
408,190
428,3
428,160
428,18
428,248
428,107
428,113
428,123
428,319
428,101
428,147
428,37
428,53
428,158
428,165
428,177
428,170
428,182
428,194
428,210
428,233
428,266
428,273
428,279
428,297
428,325
428,372
428,396
428,180
428,285
428,241
428,371
428,340
428,4
428,183
428,212
428,24
428,23
428,367
428,48
428,46
428,222
428,344
274,40
274,126
274,177
274,198
274,207
274,326
274,261
274,10
274,266
274,396
274,208
274,354
1132,3
1132,160
1132,23
1132,26
1132,40
1132,248
1132,212
1132,78
1132,148
1132,80
1132,81
1132,85
1132,91
1132,92
1132,43
1132,97
1132,100
1132,105
1132,113
1132,120
1132,123
1132,138
1132,319
1132,101
1132,143
1132,147
1132,37
1132,161
1132,158
1132,163
1132,176
1132,177
1132,64
1132,196
1132,198
1132,199
1132,210
1132,216
1132,184
1132,242
1132,266
1132,273
1132,296
1132,301
1132,314
1132,354
1132,377
1132,376
1132,373
1132,379
1132,27
1132,396
1132,117
1132,375
1132,285
1132,236
1132,255
1132,118
1132,241
1132,371
1132,340
1132,94
1132,4
1132,127
1132,183
1132,116
1132,393
1132,115
1132,214
1132,213
1132,208
1132,125
1132,327
1132,325
1132,344
126,54
126,319
126,101
126,143
126,158
126,64
126,198
126,210
126,88
126,253
126,242
126,273
126,296
126,314
126,316
126,334
126,379
126,27
126,117
126,285
126,95
126,145
126,36
126,16
126,371
126,340
126,116
126,393
126,189
126,245
126,344
126,395
102,23
102,26
102,29
102,248
102,44
102,103
102,81
102,113
102,126
102,319
102,101
102,147
102,37
102,158
102,177
102,198
102,207
102,210
102,215
102,266
102,273
102,333
102,354
102,368
102,370
102,398
102,399
102,117
102,14
102,16
102,241
102,211
102,222
102,344
102,15
102,20
102,22
102,33
102,256
102,57
102,80
102,124
102,100
102,106
102,119
102,291
102,120
102,121
102,123
102,140
102,143
102,167
102,64
102,49
102,194
102,199
102,206
102,290
102,224
102,233
102,242
102,279
102,294
102,315
102,316
102,329
102,83
102,253
102,352
102,353
102,238
102,337
102,360
102,27
102,396
102,285
102,252
102,348
102,237
102,240
102,1
102,183
102,24
102,341
264,3
264,160
264,22
264,26
264,28
264,94
264,32
264,33
264,256
264,37
264,54
264,270
264,72
264,212
264,81
264,85
264,96
264,100
264,107
264,113
264,123
264,126
264,319
264,101
264,147
264,53
264,158
264,159
264,177
264,65
264,192
264,198
264,199
264,203
264,207
264,210
264,87
264,253
264,266
264,273
264,294
264,299
264,314
264,83
264,362
264,372
264,379
264,396
264,387
264,285
264,241
264,371
264,340
264,259
537,3
537,160
537,23
537,26
537,29
537,32
537,33
537,256
537,37
537,42
537,60
537,77
537,79
537,80
537,85
537,90
537,107
537,108
537,113
537,120
537,126
537,129
537,138
537,319
537,101
537,143
537,147
537,53
537,177
537,63
537,195
537,198
537,199
537,207
537,326
537,230
537,266
537,273
537,293
537,295
537,299
537,303
537,314
537,317
537,330
537,83
537,73
537,337
537,333
537,345
537,350
537,353
537,238
537,354
537,358
537,361
537,368
537,374
537,379
537,396
537,117
537,310
537,61
537,14
537,322
537,95
537,250
537,220
537,72
537,145
537,71
537,1
537,144
537,24
537,149
537,227
537,56
537,146
537,394
537,395
537,128
537,178
537,93
537,327
537,325
537,344
1310,2
1310,3
1310,160
1310,7
1310,18
1310,22
1310,28
1310,94
1310,29
1310,33
1310,256
1310,37
1310,42
1310,248
1310,44
1310,103
1310,57
1310,60
1310,59
1310,270
1310,62
1310,67
1310,267
1310,72
1310,212
1310,78
1310,148
1310,80
1310,81
1310,85
1310,91
1310,92
1310,43
1310,124
1310,96
1310,105
1310,107
1310,113
1310,120
1310,123
1310,126
1310,127
1310,129
1310,284
1310,132
1310,134
1310,136
1310,286
1310,319
1310,101
1310,142
1310,143
1310,147
1310,53
1310,150
1310,152
1310,156
1310,158
1310,166
1310,177
1310,64
1310,168
1310,49
1310,170
1310,174
1310,188
1310,190
1310,194
1310,195
1310,198
1310,199
1310,202
1310,204
1310,206
1310,207
1310,290
1310,210
1310,215
1310,231
1310,233
1310,242
1310,243
1310,257
1310,261
1310,10
1310,265
1310,266
1310,269
1310,273
1310,275
1310,279
1310,281
1310,293
1310,294
1310,296
1310,297
1310,298
1310,299
1310,278
1310,303
1310,309
1310,314
1310,317
1310,316
1310,318
1310,383
1310,325
1310,83
1310,253
1310,348
1310,353
1310,238
1310,337
1310,354
1310,360
1310,361
1310,364
1310,368
1310,137
1310,372
1310,310
1310,377
1310,376
1310,373
1310,379
1310,27
1310,384
1310,391
1310,396
1310,398
1310,397
1310,117
1310,73
1310,14
1310,285
1310,252
1310,95
1310,220
1310,262
1310,255
1310,55
1310,219
1310,36
1310,16
1310,118
1310,241
1310,371
1310,340
1310,240
1310,109
1310,209
1310,259
1310,1
1310,4
1310,110
1310,276
1310,341
1310,336
1310,183
1310,116
1310,393
1310,367
1310,277
1310,217
1310,394
1310,395
1310,99
1310,339
1310,189
1310,245
1310,214
1310,213
1310,46
1310,128
1310,343
1310,302
1310,228
1310,222
1310,258
1310,208
1310,125
1310,12
718,2
718,3
718,160
718,28
718,94
718,29
718,37
718,248
718,80
718,85
718,107
718,113
718,120
718,123
718,126
718,284
718,136
718,319
718,101
718,147
718,150
718,156
718,161
718,158
718,177
718,195
718,198
718,216
718,231
718,242
718,87
718,253
718,266
718,273
718,293
718,296
718,352
718,353
718,238
718,337
718,354
718,368
718,137
718,310
718,377
718,396
718,398
718,117
718,285
718,36
718,16
718,241
718,371
718,340
718,240
718,109
718,148
718,209
718,259
718,256
718,1
718,71
718,72
718,81
718,323
718,302
718,228
771,44
771,103
771,212
771,113
771,131
771,284
771,319
771,101
771,143
771,147
771,37
771,177
771,198
771,266
771,293
771,314
771,342
771,352
771,370
771,137
771,379
771,61
771,145
771,104
771,307
771,109
771,299
771,144
771,341
771,322
771,146
771,347
896,15
896,23
896,22
896,30
896,173
896,25
896,28
896,94
896,29
896,32
896,212
896,80
896,81
896,131
896,284
896,133
896,366
896,53
896,158
896,165
896,166
896,191
896,195
896,196
896,205
896,206
896,207
896,290
896,216
896,225
896,226
896,231
896,233
896,242
896,265
896,271
896,369
896,273
896,279
896,294
896,296
896,297
896,309
896,325
896,343
896,253
896,353
896,238
896,337
896,360
896,376
896,373
896,27
896,384
896,392
896,14
896,51
896,155
896,298
896,36
896,16
896,307
896,371
896,340
896,235
896,240
896,109
896,148
896,209
896,179
896,106
896,135
896,393
896,214
896,213
896,46
896,128
896,302
896,228
896,331
938,23
938,26
938,34
938,59
938,72
938,79
938,82
938,104
938,106
938,107
938,113
938,123
938,177
938,199
938,260
938,266
938,308
938,70
938,377
938,391
938,396
938,375
938,68
938,145
938,144
938,24
938,393
938,394
938,395
938,178
938,93
1120,2
1120,3
1120,160
1120,28
1120,94
1120,33
1120,256
1120,42
1120,54
1120,59
1120,72
1120,212
1120,81
1120,85
1120,107
1120,123
1120,126
1120,319
1120,101
1120,147
1120,37
1120,53
1120,150
1120,158
1120,177
1120,192
1120,199
1120,207
1120,242
1120,265
1120,266
1120,273
1120,293
1120,294
1120,314
1120,340
1120,362
1120,372
1120,27
1120,396
1120,86
1120,214
1120,213
1120,208
808,3
808,160
808,72
808,113
808,120
808,319
808,101
808,152
808,177
808,175
808,171
808,198
808,199
808,266
808,293
808,296
808,309
808,314
808,379
808,396
808,109
808,336
808,189
808,245
295,2
295,3
295,160
295,37
295,42
295,44
295,103
295,212
295,80
295,81
295,124
295,107
295,123
295,319
295,101
295,147
295,150
295,158
295,177
295,198
295,199
295,204
295,216
295,261
295,10
295,265
295,266
295,273
295,293
295,297
295,301
295,330
295,83
295,338
295,372
295,396
295,8
295,221
295,259
295,256
295,106
295,56
295,367
295,86
295,85
295,115
1328,15
1328,18
1328,19
1328,23
1328,22
1328,30
1328,28
1328,94
1328,29
1328,33
1328,256
1328,37
1328,42
1328,59
1328,72
1328,212
1328,78
1328,148
1328,81
1328,85
1328,124
1328,107
1328,113
1328,120
1328,123
1328,126
1328,127
1328,284
1328,134
1328,136
1328,319
1328,101
1328,147
1328,53
1328,150
1328,167
1328,177
1328,125
1328,190
1328,215
1328,216
1328,233
1328,184
1328,263
1328,257
1328,266
1328,274
1328,356
1328,279
1328,293
1328,298
1328,299
1328,301
1328,303
1328,311
1328,378
1328,314
1328,329
1328,330
1328,83
1328,338
1328,253
1328,350
1328,195
1328,353
1328,238
1328,337
1328,360
1328,368
1328,310
1328,379
1328,385
1328,386
1328,391
1328,392
1328,396
1328,73
1328,251
1328,11
1328,305
1328,252
1328,348
1328,236
1328,36
1328,241
1328,240
1328,109
1328,209
1328,259
1328,254
1328,1
1328,323
1328,277
1328,278
1328,239
1328,115
1328,160
1328,351
1328,9
1328,343
1328,222
1328,178
1328,93
1328,344
1225,2
1225,3
1225,160
1225,22
1225,28
1225,94
1225,37
1225,248
1225,54
1225,59
1225,212
1225,80
1225,81
1225,85
1225,96
1225,100
1225,106
1225,107
1225,113
1225,123
1225,126
1225,366
1225,134
1225,319
1225,101
1225,147
1225,53
1225,150
1225,157
1225,161
1225,158
1225,177
1225,49
1225,175
1225,171
1225,182
1225,186
1225,187
1225,191
1225,193
1225,194
1225,198
1225,210
1225,215
1225,225
1225,326
1225,242
1225,87
1225,253
1225,266
1225,269
1225,273
1225,279
1225,293
1225,297
1225,278
1225,309
1225,314
1225,325
1225,329
1225,346
1225,138
1225,360
1225,137
1225,376
1225,373
1225,379
1225,396
1225,397
1225,180
1225,155
1225,236
1225,36
1225,16
1225,241
1225,371
1225,340
1225,240
1225,109
1225,148
1225,209
1225,259
1225,256
1225,4
1225,185
1225,179
1225,183
1225,47
1225,321
1225,332
1225,73
1225,367
1225,217
1225,214
1225,213
1225,46
1225,343
1225,222
1225,327
1225,344
87,3
87,160
87,23
87,22
87,26
87,40
87,42
87,248
87,75
87,60
87,62
87,72
87,74
87,212
87,78
87,148
87,80
87,81
87,85
87,96
87,100
87,107
87,113
87,123
87,126
87,319
87,101
87,143
87,53
87,152
87,158
87,177
87,64
87,192
87,194
87,196
87,198
87,199
87,204
87,205
87,207
87,210
87,232
87,233
87,242
87,266
87,273
87,279
87,303
87,308
87,309
87,314
87,83
87,70
87,360
87,137
87,377
87,376
87,373
87,379
87,27
87,396
87,285
87,95
87,51
87,388
87,155
87,220
87,236
87,145
87,36
87,16
87,241
87,371
87,340
87,4
87,48
87,179
87,336
87,183
87,47
87,393
87,321
87,332
87,73
87,394
87,395
87,189
87,245
87,351
87,195
87,214
87,213
87,46
87,45
87,222
992,28
992,94
992,81
992,107
992,192
992,203
992,205
992,266
992,268
992,370
992,396
992,59
992,115
671,59
671,177
671,192
671,207
671,330
1297,2
1297,3
1297,160
1297,13
1297,21
1297,22
1297,25
1297,26
1297,28
1297,94
1297,29
1297,32
1297,33
1297,256
1297,34
1297,37
1297,38
1297,40
1297,42
1297,248
1297,57
1297,59
1297,72
1297,212
1297,79
1297,80
1297,81
1297,85
1297,93
1297,234
1297,112
1297,124
1297,98
1297,100
1297,101
1297,106
1297,107
1297,113
1297,119
1297,291
1297,120
1297,123
1297,126
1297,131
1297,284
1297,132
1297,134
1297,136
1297,138
1297,286
1297,319
1297,143
1297,147
1297,53
1297,150
1297,156
1297,161
1297,158
1297,159
1297,162
1297,165
1297,176
1297,177
1297,64
1297,168
1297,125
1297,194
1297,195
1297,196
1297,198
1297,199
1297,202
1297,204
1297,205
1297,207
1297,210
1297,224
1297,326
1297,231
1297,232
1297,242
1297,246
1297,87
1297,253
1297,200
1297,257
1297,153
1297,260
1297,261
1297,10
1297,265
1297,266
1297,273
1297,280
1297,281
1297,283
1297,293
1297,296
1297,311
1297,378
1297,314
1297,315
1297,316
1297,334
1297,83
1297,333
1297,338
1297,343
1297,346
1297,70
1297,353
1297,238
1297,337
1297,354
1297,358
1297,360
1297,362
1297,364
1297,368
1297,137
1297,310
1297,376
1297,373
1297,379
1297,27
1297,391
1297,392
1297,396
1297,398
1297,117
1297,375
1297,73
1297,14
1297,251
1297,11
1297,305
1297,285
1297,252
1297,348
1297,250
1297,388
1297,8
1297,221
1297,236
1297,145
1297,118
1297,227
1297,241
1297,307
1297,371
1297,340
1297,240
1297,109
1297,148
1297,209
1297,259
1297,211
1297,4
1297,110
1297,111
1297,357
1297,247
1297,140
1297,355
1297,5
1297,139
1297,144
1297,1
1297,71
1297,135
1297,183
1297,116
1297,393
1297,272
1297,56
1297,239
1297,50
1297,84
1297,217
1297,394
1297,395
1297,228
1297,189
1297,245
1297,9
1297,214
1297,213
1297,46
1297,128
1297,302
1297,222
1297,331
1297,344
654,3
654,160
654,18
654,30
654,25
654,28
654,94
654,33
654,256
654,37
654,42
654,72
654,78
654,148
654,81
654,85
654,234
654,112
654,107
654,113
654,123
654,126
654,127
654,319
654,101
654,150
654,159
654,177
654,196
654,206
654,290
654,225
654,87
654,253
654,264
654,266
654,274
654,356
654,279
654,293
654,296
654,299
654,311
654,378
654,314
654,358
654,364
654,368
654,310
654,391
654,396
654,147
654,135
654,394
654,395
654,222
654,344
439,3
439,160
439,18
439,173
439,28
439,94
439,29
439,32
439,33
439,256
439,37
439,42
439,248
439,44
439,103
439,67
439,69
439,72
439,76
439,212
439,79
439,80
439,81
439,85
439,124
439,96
439,100
439,107
439,113
439,123
439,126
439,284
439,366
439,134
439,319
439,101
439,143
439,147
439,53
439,150
439,156
439,158
439,159
439,177
439,168
439,175
439,171
439,182
439,205
439,215
439,116
439,326
439,184
439,242
439,243
439,263
439,257
439,261
439,10
439,266
439,273
439,279
439,293
439,297
439,309
439,313
439,312
439,314
439,325
439,329
439,340
439,346
439,138
439,348
439,70
439,353
439,238
439,337
439,360
439,137
439,376
439,373
439,396
439,397
439,180
439,95
439,55
439,16
439,118
439,241
439,371
439,223
439,259
439,355
439,185
439,341
439,322
439,336
439,183
439,332
439,73
439,277
439,278
439,115
439,9
439,214
439,213
439,222
439,208
439,327
442,2
442,18
442,21
442,22
442,32
442,41
442,75
442,72
442,78
442,148
442,80
442,96
442,114
442,123
442,126
442,284
442,132
442,134
442,138
442,53
442,152
442,162
442,64
442,175
442,171
442,195
442,207
442,290
442,210
442,224
442,231
442,233
442,184
442,243
442,274
442,356
442,276
442,278
442,294
442,295
442,296
442,297
442,299
442,300
442,314
442,315
442,318
442,383
442,345
442,346
442,352
442,353
442,238
442,337
442,360
442,364
442,137
442,376
442,373
442,379
442,397
442,117
442,73
442,61
442,14
442,251
442,11
442,250
442,298
442,255
442,219
442,118
442,172
442,240
442,109
442,209
442,259
442,256
442,94
442,1
442,111
442,183
442,324
442,56
442,367
442,239
442,50
442,84
442,46
442,343
442,150
442,178
442,93
1104,126
1104,319
1104,101
1104,53
1104,199
1104,266
1104,314
1104,83
1104,354
1104,396
1104,399
1104,73
1007,120
1007,319
1007,101
1007,177
1007,198
1007,260
1007,314
1007,379
1007,144
1007,393
1007,394
1007,395
461,2
461,3
461,160
461,21
461,22
461,173
461,25
461,26
461,28
461,94
461,29
461,40
461,248
461,44
461,103
461,57
461,60
461,78
461,148
461,79
461,80
461,81
461,106
461,107
461,133
461,366
461,138
461,319
461,101
461,143
461,147
461,37
461,53
461,150
461,156
461,161
461,158
461,167
461,177
461,64
461,168
461,49
461,182
461,193
461,194
461,195
461,198
461,199
461,202
461,210
461,215
461,326
461,242
461,261
461,10
461,266
461,273
461,274
461,356
461,280
461,297
461,299
461,278
461,325
461,329
461,83
461,346
461,348
461,353
461,113
461,238
461,337
461,360
461,368
461,376
461,373
461,27
461,391
461,396
461,117
461,180
461,118
461,172
461,241
461,371
461,340
461,240
461,109
461,209
461,110
461,111
461,293
461,5
461,183
461,212
461,393
461,46
461,128
461,343
461,222
461,344
532,3
532,160
532,17
532,23
532,22
532,26
532,29
532,32
532,37
532,40
532,42
532,248
532,44
532,103
532,60
532,72
532,212
532,79
532,80
532,81
532,85
532,90
532,107
532,113
532,120
532,123
532,126
532,129
532,319
532,101
532,142
532,143
532,53
532,152
532,158
532,165
532,177
532,63
532,64
532,170
532,191
532,190
532,194
532,196
532,198
532,199
532,202
532,203
532,204
532,206
532,207
532,210
532,215
532,230
532,232
532,233
532,242
532,200
532,265
532,266
532,273
532,293
532,296
532,299
532,313
532,312
532,314
532,317
532,316
532,330
532,333
532,253
532,350
532,195
532,352
532,353
532,238
532,337
532,354
532,358
532,364
532,368
532,137
532,310
532,374
532,377
532,376
532,373
532,379
532,27
532,396
532,399
532,117
532,73
532,387
532,61
532,349
532,99
532,285
532,181
532,388
532,155
532,220
532,262
532,219
532,304
532,45
532,36
532,16
532,172
532,241
532,371
532,340
532,240
532,109
532,148
532,209
532,259
532,256
532,320
532,47
532,24
532,149
532,56
532,146
532,86
532,214
532,213
532,46
532,328
532,6
532,395
532,33
532,38
532,59
532,78
532,82
532,102
532,104
532,130
532,147
532,65
532,66
532,169
532,192
532,88
532,294
532,303
532,325
532,385
532,386
532,95
532,250
532,51
532,89
532,48
532,365
532,236
532,145
532,1
532,179
532,141
532,321
532,50
532,128
532,178
532,93
532,344
61,3
61,160
61,81
61,126
61,152
61,177
61,264
61,265
61,296
61,338
61,285
61,151
61,22
61,25
61,26
61,28
61,94
61,33
61,256
61,37
61,248
61,57
61,59
61,72
61,212
61,82
61,85
61,107
61,113
61,284
61,134
61,319
61,101
61,147
61,53
61,156
61,158
61,64
61,65
61,49
61,175
61,171
61,182
61,198
61,205
61,207
61,210
61,216
61,242
61,87
61,253
61,266
61,273
61,281
61,301
61,308
61,309
61,314
61,317
61,330
61,342
61,353
61,238
61,337
61,354
61,372
61,377
61,376
61,373
61,27
61,396
61,399
61,180
61,250
61,36
61,237
61,172
61,241
61,259
61,4
61,109
61,185
61,71
61,183
61,367
61,214
61,213
61,46
61,343
61,222
61,380
661,3
661,160
661,15
661,18
661,19
661,20
661,21
661,23
661,22
661,30
661,173
661,25
661,26
661,29
661,33
661,256
661,34
661,37
661,38
661,39
661,40
661,42
661,248
661,59
661,62
661,69
661,267
661,76
661,212
661,78
661,148
661,79
661,81
661,91
661,92
661,43
661,93
661,234
661,112
661,124
661,96
661,97
661,98
661,105
661,104
661,106
661,107
661,108
661,119
661,291
661,120
661,121
661,122
661,123
661,126
661,127
661,129
661,130
661,131
661,284
661,133
661,366
661,134
661,136
661,138
661,286
661,319
661,101
661,140
661,53
661,150
661,156
661,157
661,162
661,163
661,164
661,166
661,176
661,177
661,41
661,66
661,168
661,169
661,170
661,174
661,182
661,186
661,187
661,188
661,190
661,191
661,192
661,193
661,194
661,196
661,198
661,199
661,202
661,203
661,204
661,205
661,206
661,207
661,290
661,216
661,225
661,35
661,272
661,326
661,230
661,232
661,233
661,58
661,243
661,246
661,249
661,200
661,263
661,260
661,261
661,10
661,266
661,274
661,356
661,275
661,276
661,278
661,281
661,283
661,287
661,292
661,295
661,298
661,299
661,301
661,303
661,309
661,311
661,378
661,314
661,315
661,317
661,316
661,318
661,383
661,330
661,334
661,83
661,73
661,333
661,338
661,342
661,348
661,252
661,70
661,350
661,195
661,353
661,113
661,238
661,337
661,354
661,358
661,360
661,361
661,362
661,364
661,368
661,370
661,310
661,374
661,377
661,379
661,382
661,381
661,385
661,386
661,389
661,390
661,391
661,396
661,398
661,397
661,221
661,117
661,375
661,349
661,99
661,14
661,251
661,11
661,305
661,285
661,68
661,181
661,250
661,258
661,51
661,365
661,388
661,262
661,236
661,145
661,304
661,45
661,103
661,322
661,36
661,16
661,339
661,118
661,253
661,240
661,109
661,209
661,259
661,211
661,94
661,357
661,247
661,5
661,139
661,135
661,336
661,323
661,393
661,306
661,307
661,321
661,197
661,56
661,367
661,277
661,239
661,84
661,146
661,86
661,85
661,154
661,351
661,265
661,222
661,255
661,208
661,12
661,344
661,380
661,6
661,395
404,3
404,160
404,23
404,26
404,37
404,101
404,102
404,107
404,120
404,123
404,131
404,319
404,147
404,158
404,64
404,65
404,66
404,205
404,210
404,242
404,266
404,273
404,309
404,314
404,137
404,27
404,384
404,396
404,237
404,307
404,371
404,340
404,223
404,320
404,48
404,183
404,56
404,12
1054,33
1054,256
1054,100
1054,107
1054,113
1054,120
1054,147
1054,37
1054,177
1054,216
1054,266
1054,372
1054,259
1054,357
1054,247
1054,24
1054,23
1054,222
1054,344
673,3
673,160
673,18
673,23
673,22
673,28
673,94
673,33
673,256
673,37
673,42
673,248
673,270
673,212
673,80
673,81
673,85
673,96
673,101
673,107
673,123
673,126
673,134
673,319
673,147
673,158
673,177
673,64
673,65
673,49
673,191
673,198
673,210
673,326
673,233
673,242
673,266
673,273
673,279
673,294
673,296
673,278
673,309
673,314
673,348
673,27
673,396
673,16
673,118
673,172
673,241
673,371
673,340
673,223
673,259
673,185
673,183
673,47
673,189
673,245
673,214
673,213
673,46
673,222
885,2
885,3
885,160
885,18
885,20
885,29
885,42
885,248
885,57
885,59
885,212
885,80
885,81
885,85
885,91
885,92
885,43
885,234
885,112
885,100
885,107
885,113
885,122
885,127
885,131
885,284
885,319
885,101
885,143
885,147
885,37
885,53
885,158
885,177
885,186
885,198
885,202
885,210
885,224
885,58
885,246
885,249
885,266
885,269
885,273
885,294
885,278
885,301
885,314
885,330
885,338
885,253
885,372
885,310
885,377
885,376
885,373
885,379
885,382
885,381
885,27
885,396
885,398
885,251
885,11
885,250
885,241
885,371
885,340
885,240
885,109
885,148
885,209
885,211
885,218
885,217
885,50
885,394
885,395
885,189
885,245
885,9
885,214
885,213
322,3
322,160
322,23
322,22
322,25
322,26
322,33
322,256
322,37
322,42
322,54
322,60
322,59
322,72
322,212
322,80
322,81
322,82
322,85
322,124
322,107
322,113
322,123
322,126
322,130
322,134
322,286
322,319
322,101
322,147
322,150
322,156
322,161
322,158
322,159
322,166
322,177
322,64
322,65
322,66
322,169
322,170
322,174
322,175
322,171
322,191
322,198
322,199
322,207
322,210
322,216
322,242
322,257
322,261
322,10
322,265
322,266
322,273
322,291
322,294
322,296
322,309
322,314
322,338
322,353
322,238
322,337
322,360
322,362
322,372
322,377
322,376
322,373
322,379
322,27
322,396
322,285
322,181
322,236
322,36
322,16
322,172
322,241
322,371
322,340
322,1
322,4
322,71
322,179
322,323
322,183
322,47
322,367
322,214
322,213
322,46
332,2
332,3
332,160
332,18
332,22
332,25
332,26
332,28
332,94
332,29
332,33
332,256
332,34
332,37
332,248
332,57
332,72
332,74
332,78
332,148
332,80
332,81
332,85
332,234
332,112
332,101
332,102
332,106
332,107
332,113
332,120
332,123
332,126
332,127
332,131
332,132
332,133
332,366
332,134
332,136
332,138
332,319
332,143
332,147
332,53
332,150
332,152
332,156
332,161
332,158
332,166
332,167
332,177
332,64
332,168
332,170
332,175
332,171
332,182
332,186
332,188
332,191
332,193
332,194
332,195
332,196
332,198
332,199
332,202
332,203
332,204
332,206
332,210
332,215
332,224
332,225
332,326
332,231
332,233
332,242
332,261
332,10
332,265
332,266
332,269
332,273
332,279
332,280
332,281
332,293
332,294
332,296
332,297
332,298
332,299
332,278
332,311
332,378
332,313
332,312
332,314
332,325
332,329
332,83
332,253
332,346
332,348
332,70
332,353
332,238
332,337
332,354
332,360
332,137
332,310
332,376
332,373
332,379
332,27
332,391
332,396
332,398
332,397
332,117
332,73
332,180
332,14
332,251
332,11
332,285
332,155
332,236
332,255
332,36
332,16
332,118
332,241
332,371
332,340
332,240
332,109
332,209
332,259
332,211
332,1
332,110
332,111
332,244
332,5
332,185
332,48
332,179
332,135
332,336
332,323
332,183
332,47
332,116
332,272
332,321
332,332
332,56
332,394
332,395
332,115
332,201
332,52
332,214
332,213
332,46
332,128
332,343
332,45
332,222
332,258
332,328
332,331
332,327
332,12
332,344
332,149
720,3
720,160
720,15
720,20
720,22
720,25
720,26
720,29
720,32
720,41
720,42
720,248
720,57
720,67
720,267
720,212
720,80
720,124
720,106
720,107
720,113
720,119
720,291
720,121
720,122
720,123
720,126
720,127
720,133
720,319
720,101
720,140
720,143
720,147
720,37
720,150
720,156
720,158
720,64
720,194
720,195
720,199
720,207
720,290
720,216
720,231
720,233
720,58
720,265
720,266
720,273
720,279
720,280
720,314
720,315
720,316
720,325
720,329
720,83
720,333
720,253
720,70
720,353
720,238
720,337
720,354
720,368
720,377
720,376
720,373
720,27
720,391
720,396
720,398
720,117
720,14
720,95
720,89
720,48
720,16
720,241
720,371
720,340
720,240
720,259
720,256
720,211
720,94
720,4
720,5
720,1
720,135
720,183
720,393
720,56
720,50
720,154
720,189
720,245
720,214
720,213
720,46
720,128
720,343
720,222
720,258
720,344
719,69
719,104
50,3
50,160
50,23
50,22
50,26
50,33
50,256
50,37
50,42
50,59
50,267
50,80
50,81
50,85
50,107
50,113
50,123
50,284
50,366
50,134
50,319
50,101
50,147
50,161
50,158
50,166
50,177
50,64
50,182
50,196
50,198
50,207
50,210
50,216
50,225
50,272
50,326
50,184
50,242
50,265
50,266
50,273
50,294
50,296
50,314
50,329
50,330
50,83
50,257
50,253
50,346
50,138
50,352
50,238
50,137
50,372
50,52
50,377
50,376
50,373
50,379
50,27
50,391
50,180
50,285
50,181
50,51
50,89
50,48
50,172
50,371
50,340
50,106
50,183
50,86
50,302
50,228
50,222
50,327
50,325
50,199
1129,7
1129,18
1129,20
1129,22
1129,25
1129,28
1129,94
1129,34
1129,38
1129,39
1129,248
1129,57
1129,62
1129,69
1129,74
1129,76
1129,212
1129,78
1129,148
1129,79
1129,81
1129,82
1129,93
1129,96
1129,102
1129,104
1129,107
1129,113
1129,123
1129,127
1129,129
1129,284
1129,132
1129,133
1129,134
1129,136
1129,319
1129,101
1129,143
1129,147
1129,37
1129,53
1129,152
1129,157
1129,158
1129,159
1129,162
1129,166
1129,177
1129,64
1129,65
1129,66
1129,169
1129,170
1129,174
1129,175
1129,171
1129,182
1129,186
1129,187
1129,188
1129,125
1129,191
1129,193
1129,194
1129,196
1129,198
1129,203
1129,204
1129,207
1129,290
1129,210
1129,225
1129,116
1129,233
1129,58
1129,242
1129,246
1129,249
1129,87
1129,253
1129,257
1129,153
1129,261
1129,10
1129,264
1129,266
1129,269
1129,271
1129,369
1129,273
1129,274
1129,356
1129,291
1129,292
1129,293
1129,295
1129,298
1129,300
1129,308
1129,313
1129,312
1129,316
1129,330
1129,338
1129,340
1129,342
1129,348
1129,307
1129,354
1129,360
1129,364
1129,365
1129,368
1129,310
1129,376
1129,373
1129,379
1129,27
1129,390
1129,391
1129,392
1129,396
1129,397
1129,399
1129,117
1129,180
1129,14
1129,305
1129,322
1129,285
1129,59
1129,250
1129,388
1129,255
1129,341
1129,36
1129,16
1129,118
1129,227
1129,172
1129,241
1129,371
1129,240
1129,109
1129,209
1129,254
1129,211
1129,4
1129,111
1129,357
1129,247
1129,244
1129,144
1129,52
1129,48
1129,71
1129,72
1129,179
1129,245
1129,190
1129,141
1129,183
1129,151
1129,47
1129,381
1129,56
1129,50
1129,215
1129,394
1129,395
1129,214
1129,213
1129,46
1129,128
1129,343
1129,236
1129,222
1129,258
1129,1
1129,328
1129,327
1129,325
1129,344
1129,149
1129,380
1238,23
1238,28
1238,94
1238,37
1238,57
1238,80
1238,81
1238,96
1238,107
1238,113
1238,120
1238,130
1238,53
1238,158
1238,159
1238,177
1238,64
1238,194
1238,196
1238,198
1238,204
1238,290
1238,210
1238,242
1238,266
1238,273
1238,311
1238,378
1238,314
1238,316
1238,329
1238,70
1238,353
1238,238
1238,337
1238,358
1238,310
1238,376
1238,373
1238,27
1238,389
1238,117
1238,95
1238,36
1238,16
1238,241
1238,371
1238,340
1238,240
1238,109
1238,148
1238,209
1238,48
1238,47
1238,201
1238,52
1238,46
1238,206
1238,328
1238,327
1238,325
1238,380
1135,3
1135,160
1135,18
1135,23
1135,22
1135,26
1135,28
1135,94
1135,32
1135,33
1135,256
1135,37
1135,248
1135,54
1135,57
1135,270
1135,212
1135,80
1135,81
1135,85
1135,124
1135,96
1135,105
1135,107
1135,120
1135,123
1135,126
1135,131
1135,132
1135,366
1135,134
1135,138
1135,319
1135,101
1135,147
1135,53
1135,152
1135,156
1135,161
1135,158
1135,164
1135,167
1135,177
1135,64
1135,65
1135,66
1135,169
1135,175
1135,171
1135,125
1135,198
1135,199
1135,203
1135,205
1135,206
1135,210
1135,225
1135,326
1135,233
1135,242
1135,261
1135,10
1135,266
1135,269
1135,273
1135,279
1135,293
1135,294
1135,297
1135,308
1135,309
1135,313
1135,312
1135,314
1135,325
1135,329
1135,253
1135,346
1135,348
1135,353
1135,113
1135,238
1135,337
1135,360
1135,364
1135,137
1135,376
1135,373
1135,379
1135,27
1135,396
1135,397
1135,117
1135,180
1135,181
1135,252
1135,369
1135,262
1135,36
1135,16
1135,118
1135,172
1135,241
1135,371
1135,340
1135,223
1135,259
1135,1
1135,4
1135,341
1135,135
1135,183
1135,47
1135,277
1135,278
1135,50
1135,217
1135,115
1135,214
1135,213
1135,46
1135,128
1135,331
1135,265
1135,288
1135,251
299,29
299,31
299,33
299,256
299,37
299,38
299,248
299,60
299,72
299,80
299,85
299,107
299,113
299,120
299,126
299,134
299,319
299,101
299,147
299,53
299,150
299,158
299,177
299,174
299,198
299,210
299,242
299,266
299,273
299,287
299,299
299,313
299,312
299,83
299,333
299,358
299,364
299,376
299,373
299,379
299,391
299,396
299,399
299,51
299,89
299,48
299,241
299,94
299,119
299,71
299,359
299,288
299,289
299,62
299,128
299,302
299,228
299,125
299,1
299,344
677,2
677,3
677,160
677,7
677,15
677,18
677,20
677,22
677,173
677,25
677,26
677,28
677,94
677,29
677,32
677,33
677,256
677,34
677,166
677,37
677,38
677,39
677,40
677,42
677,248
677,75
677,57
677,59
677,270
677,62
677,69
677,267
677,72
677,74
677,76
677,212
677,78
677,148
677,79
677,80
677,81
677,82
677,85
677,91
677,92
677,43
677,93
677,124
677,96
677,100
677,102
677,106
677,107
677,108
677,113
677,119
677,291
677,120
677,123
677,126
677,127
677,129
677,130
677,131
677,284
677,132
677,366
677,134
677,319
677,101
677,143
677,147
677,53
677,150
677,152
677,294
677,156
677,157
677,161
677,158
677,159
677,167
677,176
677,177
677,63
677,64
677,65
677,66
677,169
677,170
677,175
677,171
677,186
677,125
677,191
677,193
677,194
677,195
677,198
677,199
677,202
677,203
677,204
677,205
677,206
677,207
677,210
677,215
677,216
677,326
677,231
677,233
677,184
677,242
677,243
677,249
677,87
677,253
677,257
677,153
677,261
677,10
677,264
677,265
677,266
677,269
677,273
677,274
677,356
677,279
677,293
677,296
677,297
677,298
677,299
677,278
677,300
677,301
677,308
677,309
677,314
677,317
677,316
677,325
677,329
677,330
677,338
677,345
677,346
677,138
677,348
677,70
677,350
677,353
677,238
677,337
677,354
677,360
677,361
677,362
677,364
677,368
677,137
677,372
677,374
677,377
677,376
677,373
677,379
677,27
677,391
677,396
677,398
677,397
677,399
677,117
677,375
677,73
677,180
677,310
677,61
677,14
677,251
677,11
677,322
677,285
677,68
677,252
677,95
677,250
677,388
677,262
677,236
677,255
677,55
677,36
677,16
677,339
677,118
677,172
677,241
677,307
677,371
677,340
677,223
677,240
677,109
677,209
677,259
677,1
677,4
677,5
677,320
677,276
677,144
677,185
677,48
677,135
677,336
677,323
677,183
677,47
677,116
677,393
677,332
677,258
677,56
677,277
677,239
677,217
677,146
677,394
677,395
677,99
677,154
677,351
677,201
677,52
677,214
677,213
677,46
677,128
677,343
677,222
677,182
677,328
677,331
677,178
677,289
677,12
677,344
674,3
674,160
674,18
674,21
674,22
674,26
674,28
674,94
674,34
674,42
674,248
674,54
674,57
674,59
674,69
674,267
674,72
674,212
674,81
674,85
674,124
674,106
674,120
674,284
674,132
674,286
674,143
674,147
674,37
674,53
674,150
674,152
674,156
674,158
674,177
674,64
674,65
674,169
674,175
674,171
674,182
674,195
674,210
674,215
674,225
674,35
674,291
674,116
674,184
674,58
674,242
674,249
674,153
674,269
674,273
674,281
674,293
674,294
674,296
674,303
674,314
674,316
674,253
674,354
674,360
674,361
674,362
674,137
674,373
674,310
674,374
674,377
674,376
674,379
674,382
674,381
674,27
674,398
674,117
674,61
674,285
674,252
674,348
674,95
674,250
674,155
674,36
674,16
674,118
674,241
674,307
674,371
674,340
674,254
674,211
674,4
674,244
674,5
674,1
674,71
674,183
674,321
674,367
674,394
674,395
674,189
674,245
674,214
674,213
674,46
674,128
674,256
674,149
674,380
1064,25
1064,40
1064,41
1064,72
1064,113
1064,120
1064,126
1064,152
1064,177
1064,266
1064,387
1064,1
1064,71
1064,149
1064,2
1064,3
1064,160
1064,23
1064,26
1064,29
1064,33
1064,256
1064,37
1064,38
1064,248
1064,80
1064,85
1064,107
1064,319
1064,101
1064,143
1064,158
1064,63
1064,64
1064,195
1064,198
1064,199
1064,202
1064,207
1064,210
1064,242
1064,257
1064,261
1064,10
1064,273
1064,293
1064,294
1064,295
1064,296
1064,299
1064,83
1064,70
1064,353
1064,238
1064,337
1064,354
1064,364
1064,368
1064,137
1064,379
1064,27
1064,385
1064,386
1064,396
1064,399
1064,60
1064,262
1064,145
1064,219
1064,371
1064,340
1064,240
1064,109
1064,148
1064,209
1064,259
1064,393
1064,141
1064,56
1064,99
1064,128
1064,222
1064,327
1064,325
1064,344
664,13
664,15
664,22
664,26
664,37
664,39
664,40
664,41
664,248
664,273
664,72
664,78
664,148
664,80
664,81
664,82
664,100
664,107
664,108
664,113
664,119
664,291
664,123
664,133
664,366
664,319
664,101
664,143
664,147
664,53
664,150
664,158
664,176
664,177
664,64
664,49
664,182
664,195
664,198
664,202
664,210
664,224
664,266
664,279
664,283
664,296
664,299
664,313
664,312
664,314
664,315
664,253
664,346
664,138
664,353
664,238
664,337
664,364
664,368
664,137
664,379
664,391
664,396
664,117
664,14
664,251
664,11
664,236
664,219
664,371
664,340
664,111
664,244
664,109
664,139
664,183
664,393
664,56
664,84
664,154
664,46
664,128
664,222
664,344
545,3
545,160
545,42
545,72
545,79
545,80
545,85
545,113
545,120
545,126
545,284
545,319
545,101
545,147
545,37
545,152
545,158
545,177
545,64
545,195
545,198
545,202
545,207
545,210
545,242
545,266
545,273
545,295
545,296
545,299
545,314
545,330
545,337
545,333
545,354
545,368
545,379
545,27
545,391
545,396
545,117
545,73
545,14
545,220
545,219
545,371
545,340
545,240
545,109
545,148
545,209
545,24
545,23
545,321
545,50
545,146
545,149
518,2
518,3
518,160
518,23
518,22
518,29
518,248
518,62
518,67
518,212
518,79
518,80
518,81
518,85
518,113
518,119
518,291
518,120
518,123
518,126
518,127
518,284
518,366
518,136
518,319
518,101
518,143
518,147
518,37
518,150
518,152
518,161
518,158
518,165
518,177
518,64
518,188
518,195
518,198
518,202
518,206
518,210
518,231
518,242
518,273
518,296
518,314
518,253
518,346
518,138
518,348
518,361
518,364
518,137
518,310
518,376
518,373
518,379
518,27
518,397
518,399
518,117
518,255
518,36
518,16
518,241
518,307
518,371
518,340
518,170
518,240
518,109
518,148
518,209
518,94
518,4
518,110
518,139
518,1
518,71
518,72
518,56
518,50
518,154
518,189
518,245
518,214
518,213
518,46
518,128
518,45
518,222
518,378
518,289
518,344
305,2
305,26
305,130
305,163
305,177
305,66
305,175
305,171
305,198
305,199
305,261
305,10
305,266
305,297
305,300
305,83
305,137
305,379
305,391
305,398
305,221
305,255
305,16
305,240
305,109
305,148
305,209
305,211
305,106
305,151
305,263
305,351
305,195
2,194
2,207
2,284
2,319
2,101
2,198
2,314
1269,15
1269,23
1269,30
1269,173
1269,26
1269,28
1269,94
1269,33
1269,256
1269,39
1269,248
1269,80
1269,85
1269,100
1269,105
1269,107
1269,113
1269,126
1269,133
1269,366
1269,138
1269,319
1269,101
1269,143
1269,53
1269,158
1269,164
1269,176
1269,177
1269,196
1269,198
1269,204
1269,206
1269,210
1269,226
1269,233
1269,242
1269,266
1269,271
1269,369
1269,273
1269,276
1269,278
1269,279
1269,297
1269,309
1269,318
1269,383
1269,325
1269,83
1269,346
1269,348
1269,360
1269,364
1269,376
1269,373
1269,391
1269,396
1269,298
1269,241
1269,371
1269,340
1269,259
1269,179
1269,183
1269,306
1269,307
1269,214
1269,213
1269,46
1269,327
210,23
210,26
210,29
210,37
210,38
210,42
210,72
210,85
210,107
210,113
210,114
210,344
210,122
210,126
210,134
210,319
210,101
210,53
210,152
210,177
210,168
210,188
210,198
210,199
210,88
210,253
210,231
210,266
210,274
210,356
210,293
210,296
210,299
210,317
210,73
210,353
210,238
210,337
210,354
210,364
210,372
210,377
210,391
210,396
210,399
210,145
210,219
210,235
210,259
210,256
210,254
210,71
210,4
210,24
210,393
210,189
210,245
210,351
210,195
210,343
210,358
846,72
846,126
846,198
846,299
846,145
846,144
846,227
216,65
216,199
216,327
221,3
221,160
221,15
221,23
221,30
221,173
221,28
221,94
221,33
221,256
221,37
221,38
221,62
221,74
221,76
221,81
221,107
221,113
221,120
221,123
221,133
221,366
221,136
221,138
221,319
221,101
221,53
221,150
221,158
221,177
221,170
221,175
221,171
221,194
221,198
221,207
221,326
221,233
221,200
221,153
221,266
221,274
221,356
221,279
221,293
221,298
221,313
221,312
221,314
221,330
221,83
221,338
221,346
221,348
221,350
221,195
221,358
221,360
221,379
221,382
221,381
221,396
221,117
221,285
221,181
221,51
221,89
221,48
221,236
221,304
221,45
221,36
221,16
221,172
221,223
221,259
221,211
221,5
221,47
221,24
221,197
221,14
221,146
221,206
221,222
221,344
221,156
221,310
221,397
221,252
539,3
539,160
539,19
539,21
539,23
539,28
539,94
539,29
539,32
539,33
539,256
539,37
539,38
539,42
539,248
539,60
539,267
539,72
539,78
539,148
539,79
539,81
539,85
539,124
539,107
539,108
539,113
539,120
539,122
539,123
539,126
539,127
539,129
539,130
539,284
539,134
539,136
539,138
539,319
539,101
539,143
539,147
539,53
539,150
539,152
539,158
539,176
539,177
539,64
539,170
539,174
539,175
539,171
539,186
539,192
539,194
539,195
539,198
539,199
539,202
539,203
539,204
539,206
539,207
539,210
539,216
539,230
539,88
539,253
539,58
539,242
539,243
539,249
539,200
539,264
539,266
539,273
539,274
539,356
539,282
539,335
539,287
539,293
539,295
539,296
539,299
539,301
539,309
539,314
539,330
539,83
539,333
539,338
539,353
539,238
539,337
539,354
539,358
539,360
539,361
539,364
539,365
539,368
539,137
539,377
539,376
539,373
539,379
539,27
539,385
539,386
539,391
539,396
539,117
539,73
539,61
539,14
539,285
539,258
539,89
539,48
539,220
539,8
539,221
539,145
539,16
539,118
539,172
539,241
539,371
539,340
539,240
539,109
539,209
539,259
539,211
539,110
539,71
539,141
539,393
539,146
539,351
539,128
539,343
539,222
539,255
539,331
539,265
539,125
539,344
539,149
539,380
258,26
258,33
258,256
258,42
258,60
258,59
258,62
258,72
258,212
258,79
258,82
258,85
258,106
258,113
258,120
258,123
258,126
258,129
258,134
258,319
258,101
258,147
258,37
258,157
258,158
258,177
258,175
258,171
258,125
258,199
258,210
258,216
258,242
258,264
258,265
258,266
258,294
258,296
258,301
258,309
258,330
258,338
258,352
258,370
258,372
258,377
258,379
258,398
258,399
258,117
258,68
258,155
258,16
258,71
258,146
258,214
258,213
258,302
258,228
258,331
258,289
1094,3
1094,160
1094,26
1094,29
1094,37
1094,40
1094,42
1094,248
1094,212
1094,80
1094,81
1094,100
1094,107
1094,113
1094,120
1094,123
1094,132
1094,319
1094,101
1094,147
1094,156
1094,161
1094,158
1094,167
1094,177
1094,64
1094,198
1094,210
1094,216
1094,326
1094,242
1094,266
1094,273
1094,274
1094,356
1094,296
1094,309
1094,330
1094,338
1094,253
1094,368
1094,377
1094,379
1094,391
1094,396
1094,397
1094,155
1094,241
1094,371
1094,340
1094,240
1094,109
1094,148
1094,209
1094,259
1094,256
1094,94
1094,183
1094,214
1094,213
1094,222
577,75
577,53
577,232
577,303
577,360
577,326
484,2
484,3
484,160
484,23
484,22
484,173
484,28
484,94
484,29
484,31
484,32
484,33
484,256
484,40
484,42
484,248
484,75
484,54
484,270
484,74
484,78
484,148
484,80
484,81
484,85
484,90
484,97
484,107
484,113
484,120
484,123
484,126
484,132
484,133
484,366
484,134
484,138
484,319
484,101
484,147
484,37
484,53
484,152
484,158
484,177
484,63
484,64
484,170
484,182
484,191
484,194
484,195
484,196
484,198
484,199
484,203
484,204
484,205
484,206
484,207
484,210
484,225
484,326
484,233
484,184
484,242
484,153
484,261
484,10
484,266
484,273
484,279
484,287
484,296
484,298
484,303
484,309
484,314
484,316
484,325
484,83
484,337
484,346
484,354
484,360
484,361
484,368
484,137
484,376
484,373
484,379
484,27
484,396
484,180
484,285
484,181
484,95
484,51
484,155
484,220
484,237
484,236
484,341
484,219
484,36
484,16
484,241
484,371
484,340
484,4
484,48
484,336
484,183
484,151
484,47
484,24
484,332
484,73
484,56
484,214
484,213
484,46
484,45
484,222
484,327
484,344
484,212
484,188
484,215
484,367
733,3
733,160
733,15
733,18
733,22
733,173
733,25
733,28
733,94
733,37
733,248
733,75
733,57
733,60
733,59
733,270
733,76
733,212
733,79
733,80
733,81
733,85
733,93
733,100
733,101
733,105
733,106
733,107
733,2
733,113
733,131
733,284
733,133
733,366
733,319
733,143
733,147
733,53
733,150
733,158
733,163
733,176
733,177
733,64
733,174
733,186
733,187
733,191
733,198
733,290
733,215
733,216
733,225
733,226
733,326
733,229
733,301
733,233
733,242
733,261
733,10
733,264
733,265
733,266
733,269
733,273
733,276
733,278
733,279
733,287
733,292
733,293
733,297
733,298
733,299
733,309
733,311
733,378
733,313
733,312
733,314
733,318
733,383
733,325
733,329
733,330
733,334
733,83
733,338
733,346
733,138
733,348
733,70
733,353
733,238
733,337
733,368
733,370
733,137
733,372
733,376
733,373
733,27
733,384
733,396
733,180
733,68
733,155
733,262
733,36
733,16
733,241
733,371
733,340
733,259
733,256
733,4
733,109
733,185
733,323
733,183
733,367
733,239
733,217
733,9
733,21
733,214
733,213
733,46
733,128
733,343
733,45
733,29
733,222
733,328
1130,78
1130,200
1130,333
1130,358
1130,255
1130,328
864,2
864,3
864,160
864,18
864,21
864,22
864,25
864,28
864,94
864,29
864,32
864,33
864,256
864,34
864,37
864,40
864,41
864,42
864,248
864,44
864,103
864,57
864,59
864,62
864,267
864,72
864,74
864,212
864,78
864,148
864,79
864,80
864,81
864,82
864,85
864,90
864,96
864,101
864,106
864,107
864,108
864,113
864,120
864,123
864,126
864,127
864,129
864,130
864,131
864,284
864,132
864,133
864,134
864,138
864,319
864,143
864,147
864,53
864,150
864,152
864,156
864,157
864,161
864,158
864,159
864,162
864,166
864,167
864,177
864,64
864,65
864,168
864,169
864,170
864,175
864,171
864,182
864,186
864,191
864,192
864,193
864,190
864,194
864,195
864,196
864,198
864,199
864,202
864,203
864,204
864,205
864,206
864,207
864,210
864,216
864,225
864,231
864,232
864,233
864,58
864,242
864,243
864,246
864,257
864,261
864,10
864,265
864,266
864,269
864,273
864,279
864,281
864,293
864,294
864,296
864,297
864,298
864,299
864,278
864,300
864,301
864,308
864,309
864,314
864,317
864,325
864,330
864,342
864,253
864,348
864,353
864,238
864,337
864,354
864,360
864,362
864,364
864,368
864,137
864,372
864,310
864,374
864,377
864,376
864,373
864,379
864,27
864,391
864,396
864,398
864,397
864,399
864,117
864,73
864,305
864,285
864,181
864,252
864,250
864,51
864,89
864,48
864,388
864,155
864,255
864,55
864,145
864,304
864,45
864,36
864,16
864,339
864,118
864,172
864,241
864,371
864,340
864,223
864,240
864,109
864,209
864,259
864,211
864,1
864,4
864,110
864,111
864,144
864,185
864,71
864,341
864,135
864,336
864,323
864,183
864,151
864,47
864,116
864,141
864,393
864,306
864,307
864,56
864,50
864,217
864,146
864,201
864,52
864,214
864,213
864,46
864,128
864,302
864,228
864,222
864,258
864,178
864,93
864,125
864,289
864,149
864,395
1125,3
1125,160
1125,37
1125,248
1125,57
1125,234
1125,112
1125,107
1125,113
1125,319
1125,101
1125,158
1125,177
1125,64
1125,207
1125,290
1125,210
1125,225
1125,242
1125,264
1125,265
1125,266
1125,273
1125,296
1125,314
1125,318
1125,383
1125,338
1125,353
1125,238
1125,337
1125,354
1125,379
1125,27
1125,117
1125,181
1125,236
1125,371
1125,340
1125,135
1125,183
1125,222
1125,331
1229,28
1229,94
1229,32
1229,33
1229,256
1229,72
1229,80
1229,107
1229,113
1229,319
1229,101
1229,158
1229,177
1229,64
1229,174
1229,182
1229,266
1229,273
1229,70
1229,396
1229,181
1229,36
1229,16
1229,259
1229,179
1229,183
1229,367
1031,15
1031,18
1031,30
1031,33
1031,256
1031,105
1031,114
1031,344
1031,120
1031,284
1031,319
1031,101
1031,53
1031,177
1031,175
1031,171
1031,182
1031,225
1031,326
1031,233
1031,266
1031,276
1031,278
1031,299
1031,314
1031,342
1031,360
1031,379
1031,384
1031,391
1031,396
1031,180
1031,237
1031,223
1031,123
1031,259
1031,239
1031,12
14,18
14,22
14,28
14,94
14,33
14,256
14,57
14,62
14,74
14,298
14,107
14,284
14,319
14,101
14,53
14,158
14,198
14,210
14,233
14,266
14,269
14,297
14,348
14,360
14,370
14,396
14,252
14,184
14,237
14,241
14,371
14,340
14,185
14,336
14,183
14,201
14,52
14,46
765,15
765,18
765,30
765,33
765,256
765,114
765,344
765,284
765,319
765,101
765,177
765,182
765,225
765,233
765,266
765,276
765,278
765,299
765,314
765,360
765,379
765,391
765,396
765,123
765,259
765,239
765,53
765,12
15,28
15,94
15,298
15,191
15,225
15,266
15,348
15,360
15,396
15,398
15,151
15,201
15,52
453,3
453,160
453,28
453,94
453,100
453,107
453,108
453,113
453,114
453,344
453,319
453,101
453,167
453,177
453,182
453,198
453,204
453,290
453,225
453,266
453,276
453,278
453,315
453,318
453,383
453,333
453,348
453,360
453,396
453,397
453,14
453,158
453,123
453,120
453,135
453,393
453,306
453,307
1080,3
1080,160
1080,29
1080,248
1080,100
1080,107
1080,113
1080,319
1080,101
1080,147
1080,37
1080,158
1080,177
1080,210
1080,215
1080,266
1080,273
1080,376
1080,373
1080,396
1080,117
1080,89
1080,48
1080,36
1080,16
1080,172
1080,241
1080,371
1080,340
1080,94
1080,1
1080,5
1080,185
1080,183
1080,212
1080,47
1080,272
1080,367
1080,46
1080,343
1080,222
1080,327
1080,325
1080,344
321,22
321,166
321,62
321,212
321,107
321,120
321,131
321,132
321,133
321,366
321,138
321,319
321,101
321,143
321,147
321,37
321,158
321,191
321,205
321,326
321,266
321,273
321,314
321,340
321,346
321,353
321,113
321,238
321,337
321,360
321,52
321,376
321,373
321,379
321,396
321,285
321,241
321,371
321,48
321,323
321,183
321,201
321,214
321,213
321,46
524,31
524,85
524,158
524,177
524,207
524,242
524,266
524,273
524,299
524,314
524,27
524,396
524,371
524,340
524,347
524,293
524,390
524,180
524,363
1036,2
1036,3
1036,160
1036,28
1036,94
1036,42
1036,248
1036,57
1036,212
1036,80
1036,107
1036,113
1036,123
1036,147
1036,37
1036,53
1036,150
1036,158
1036,177
1036,64
1036,216
1036,242
1036,265
1036,266
1036,273
1036,296
1036,311
1036,378
1036,338
1036,368
1036,310
1036,377
1036,376
1036,373
1036,396
1036,241
1036,371
1036,340
1036,240
1036,109
1036,148
1036,209
1036,4
1036,323
1036,214
1036,213
979,3
979,160
979,23
979,26
979,33
979,256
979,38
979,42
979,54
979,57
979,59
979,270
979,212
979,81
979,85
979,105
979,107
979,122
979,126
979,129
979,134
979,319
979,101
979,143
979,53
979,152
979,157
979,158
979,177
979,186
979,198
979,210
979,216
979,242
979,264
979,265
979,266
979,273
979,79
979,292
979,301
979,309
979,314
979,330
979,338
979,352
979,372
979,379
979,392
979,396
979,399
979,339
979,4
979,144
979,359
979,288
979,289
979,217
979,146
979,9
979,214
979,213
979,128
979,331
979,307
979,284
979,293
979,299
979,137
979,241
979,371
979,340
979,341
333,2
333,3
333,160
333,18
333,21
333,22
333,25
333,28
333,94
333,29
333,32
333,33
333,256
333,37
333,38
333,40
333,248
333,75
333,57
333,60
333,270
333,67
333,72
333,74
333,76
333,212
333,78
333,148
333,79
333,80
333,81
333,82
333,85
333,298
333,234
333,112
333,124
333,101
333,107
333,113
333,120
333,123
333,126
333,130
333,131
333,284
333,134
333,138
333,286
333,319
333,143
333,147
333,53
333,152
333,156
333,158
333,159
333,167
333,177
333,64
333,65
333,66
333,169
333,170
333,174
333,175
333,171
333,182
333,195
333,198
333,199
333,203
333,205
333,207
333,210
333,215
333,317
333,242
333,257
333,261
333,10
333,266
333,269
333,273
333,279
333,293
333,296
333,297
333,278
333,300
333,308
333,309
333,313
333,312
333,314
333,316
333,325
333,329
333,83
333,342
333,253
333,348
333,70
333,353
333,238
333,337
333,354
333,360
333,361
333,362
333,364
333,368
333,137
333,372
333,310
333,376
333,373
333,379
333,27
333,390
333,391
333,395
333,396
333,398
333,397
333,73
333,387
333,322
333,285
333,95
333,89
333,48
333,151
333,365
333,255
333,36
333,16
333,118
333,241
333,307
333,371
333,340
333,223
333,240
333,109
333,209
333,259
333,11
333,320
333,341
333,336
333,183
333,47
333,116
333,393
333,306
333,321
333,277
333,146
333,394
333,339
333,201
333,52
333,214
333,213
333,46
333,128
333,222
333,258
333,208
333,344
333,380
449,3
449,160
449,18
449,23
449,38
449,248
449,57
449,80
449,100
449,107
449,113
449,123
449,284
449,138
449,319
449,101
449,143
449,150
449,158
449,177
449,66
449,198
449,210
449,88
449,253
449,58
449,261
449,10
449,266
449,269
449,273
449,314
449,316
449,337
449,70
449,379
449,27
449,396
449,398
449,95
449,250
449,371
449,340
449,183
449,50
449,222
449,2
449,383
449,380
449,6
449,395
510,23
510,26
510,29
510,32
510,33
510,256
510,40
510,248
510,60
510,62
510,212
510,80
510,82
510,126
510,132
510,163
510,177
510,64
510,125
510,194
510,198
510,210
510,224
510,242
510,87
510,253
510,273
510,296
510,309
510,354
510,368
510,68
510,241
510,371
510,340
510,141
510,197
510,14
510,102
510,214
510,213
510,343
1295,3
1295,160
1295,18
1295,29
1295,32
1295,33
1295,256
1295,37
1295,40
1295,248
1295,60
1295,59
1295,69
1295,72
1295,76
1295,212
1295,79
1295,81
1295,85
1295,91
1295,92
1295,43
1295,124
1295,96
1295,100
1295,101
1295,107
1295,113
1295,120
1295,123
1295,126
1295,127
1295,284
1295,132
1295,134
1295,138
1295,319
1295,143
1295,147
1295,53
1295,156
1295,157
1295,158
1295,159
1295,163
1295,177
1295,63
1295,64
1295,65
1295,170
1295,174
1295,175
1295,171
1295,192
1295,194
1295,199
1295,203
1295,204
1295,205
1295,206
1295,216
1295,229
1295,231
1295,242
1295,153
1295,265
1295,266
1295,269
1295,273
1295,279
1295,293
1295,297
1295,299
1295,309
1295,313
1295,312
1295,314
1295,325
1295,83
1295,338
1295,340
1295,342
1295,253
1295,346
1295,348
1295,360
1295,368
1295,369
1295,238
1295,372
1295,310
1295,377
1295,376
1295,373
1295,27
1295,396
1295,397
1295,117
1295,387
1295,103
1295,68
1295,89
1295,48
1295,16
1295,118
1295,172
1295,241
1295,307
1295,371
1295,223
1295,94
1295,336
1295,183
1295,47
1295,116
1295,393
1295,272
1295,56
1295,99
1295,9
1295,214
1295,213
1295,222
1295,328
1295,208
1295,395
1178,3
1178,160
1178,23
1178,22
1178,25
1178,29
1178,33
1178,256
1178,37
1178,40
1178,42
1178,248
1178,78
1178,148
1178,80
1178,81
1178,93
1178,107
1178,113
1178,120
1178,123
1178,126
1178,127
1178,319
1178,101
1178,143
1178,147
1178,53
1178,150
1178,152
1178,158
1178,177
1178,64
1178,66
1178,170
1178,182
1178,188
1178,194
1178,195
1178,196
1178,198
1178,199
1178,204
1178,205
1178,207
1178,210
1178,326
1178,233
1178,242
1178,87
1178,253
1178,153
1178,264
1178,266
1178,273
1178,287
1178,293
1178,296
1178,299
1178,303
1178,314
1178,325
1178,360
1178,364
1178,368
1178,137
1178,310
1178,377
1178,376
1178,373
1178,379
1178,27
1178,396
1178,117
1178,73
1178,14
1178,285
1178,250
1178,51
1178,388
1178,36
1178,16
1178,241
1178,371
1178,340
1178,240
1178,109
1178,209
1178,259
1178,94
1178,144
1178,48
1178,183
1178,393
1178,332
1178,56
1178,146
1178,214
1178,213
1178,46
1178,128
1178,302
1178,228
1178,222
1178,327
1178,12
1178,344
302,3
302,160
302,7
302,18
302,19
302,20
302,21
302,22
302,25
302,26
302,28
302,94
302,29
302,32
302,33
302,256
302,34
302,37
302,38
302,39
302,40
302,42
302,248
302,59
302,62
302,67
302,69
302,267
302,72
302,76
302,77
302,212
302,78
302,148
302,79
302,80
302,81
302,85
302,90
302,91
302,92
302,43
302,93
302,234
302,112
302,124
302,101
302,104
302,107
302,108
302,113
302,120
302,122
302,123
302,126
302,127
302,129
302,130
302,131
302,284
302,133
302,134
302,136
302,286
302,319
302,143
302,53
302,150
302,152
302,156
302,157
302,158
302,162
302,163
302,166
302,176
302,177
302,64
302,66
302,168
302,170
302,175
302,171
302,182
302,186
302,187
302,193
302,195
302,198
302,199
302,202
302,207
302,290
302,210
302,216
302,272
302,230
302,229
302,233
302,58
302,242
302,243
302,246
302,249
302,200
302,263
302,260
302,261
302,10
302,266
302,269
302,273
302,274
302,356
302,275
302,281
302,283
302,293
302,296
302,297
302,298
302,299
302,301
302,308
302,309
302,314
302,316
302,325
302,330
302,334
302,83
302,338
302,340
302,345
302,348
302,252
302,70
302,350
302,353
302,238
302,337
302,354
302,360
302,361
302,362
302,364
302,368
302,137
302,310
302,374
302,377
302,376
302,373
302,379
302,382
302,381
302,27
302,385
302,386
302,391
302,396
302,398
302,397
302,117
302,375
302,73
302,61
302,349
302,99
302,14
302,251
302,11
302,305
302,322
302,285
302,68
302,250
302,258
302,151
302,365
302,220
302,8
302,221
302,184
302,237
302,341
302,55
302,145
302,219
302,103
302,118
302,253
302,241
302,307
302,371
302,240
302,109
302,209
302,259
302,254
302,211
302,357
302,247
302,244
302,5
302,139
302,135
302,336
302,323
302,116
302,24
302,23
302,2
302,321
302,56
302,239
302,84
302,146
302,86
302,154
302,9
302,214
302,213
302,46
302,343
302,222
302,255
302,12
302,344
302,380
302,328
302,6
302,395
976,2
976,57
976,76
976,93
976,105
976,120
976,143
976,150
976,156
976,159
976,167
976,198
976,202
976,205
976,290
976,210
976,231
976,232
976,153
976,264
976,299
976,303
976,342
976,364
976,368
976,376
976,373
976,399
976,375
976,14
976,68
976,95
976,51
976,118
976,172
976,240
976,109
976,209
976,1
976,4
976,320
976,144
976,321
976,332
976,73
976,189
976,245
976,128
115,3
115,160
115,18
115,22
115,33
115,256
115,37
115,270
115,80
115,81
115,85
115,96
115,107
115,113
115,120
115,123
115,126
115,132
115,134
115,319
115,101
115,147
115,150
115,158
115,159
115,177
115,65
115,170
115,174
115,175
115,171
115,191
115,192
115,194
115,196
115,199
115,203
115,204
115,206
115,326
115,233
115,242
115,261
115,10
115,266
115,273
115,279
115,294
115,313
115,312
115,314
115,316
115,325
115,348
115,70
115,360
115,362
115,364
115,137
115,376
115,373
115,27
115,396
115,397
115,95
115,89
115,48
115,304
115,45
115,36
115,16
115,118
115,172
115,241
115,371
115,340
115,259
115,94
115,4
115,323
115,183
115,46
115,128
115,125
115,289
1159,2
1159,3
1159,160
1159,7
1159,18
1159,22
1159,26
1159,28
1159,94
1159,32
1159,33
1159,256
1159,37
1159,42
1159,248
1159,44
1159,103
1159,59
1159,270
1159,62
1159,69
1159,72
1159,212
1159,80
1159,81
1159,85
1159,124
1159,96
1159,100
1159,101
1159,107
1159,113
1159,120
1159,123
1159,126
1159,131
1159,284
1159,132
1159,366
1159,134
1159,136
1159,138
1159,286
1159,161
1159,319
1159,143
1159,147
1159,53
1159,150
1159,152
1159,158
1159,162
1159,164
1159,177
1159,64
1159,65
1159,66
1159,168
1159,49
1159,169
1159,174
1159,175
1159,171
1159,182
1159,192
1159,190
1159,194
1159,196
1159,198
1159,199
1159,202
1159,203
1159,204
1159,205
1159,206
1159,210
1159,326
1159,317
1159,233
1159,242
1159,243
1159,249
1159,263
1159,257
1159,153
1159,264
1159,265
1159,266
1159,269
1159,273
1159,279
1159,293
1159,294
1159,297
1159,298
1159,299
1159,278
1159,308
1159,309
1159,313
1159,312
1159,314
1159,316
1159,325
1159,329
1159,83
1159,337
1159,340
1159,253
1159,346
1159,348
1159,70
1159,360
1159,362
1159,137
1159,372
1159,377
1159,376
1159,373
1159,27
1159,392
1159,396
1159,397
1159,117
1159,73
1159,180
1159,285
1159,181
1159,252
1159,95
1159,89
1159,48
1159,262
1159,255
1159,55
1159,304
1159,45
1159,36
1159,16
1159,339
1159,118
1159,227
1159,172
1159,241
1159,371
1159,259
1159,1
1159,4
1159,320
1159,185
1159,52
1159,341
1159,336
1159,323
1159,183
1159,47
1159,321
1159,56
1159,50
1159,217
1159,146
1159,228
1159,189
1159,245
1159,9
1159,201
1159,214
1159,213
1159,46
1159,236
1159,99
1159,222
1159,10
1159,328
1159,327
1159,289
1159,12
59,3
59,160
59,28
59,94
59,33
59,256
59,37
59,42
59,212
59,80
59,81
59,107
59,113
59,120
59,123
59,147
59,158
59,166
59,177
59,64
59,192
59,216
59,87
59,253
59,266
59,273
59,294
59,296
59,376
59,373
59,396
59,241
59,52
59,272
59,201
59,214
59,213
59,45
1128,3
1128,160
1128,23
1128,26
1128,29
1128,33
1128,256
1128,42
1128,248
1128,57
1128,59
1128,69
1128,267
1128,212
1128,80
1128,81
1128,82
1128,85
1128,100
1128,107
1128,113
1128,122
1128,123
1128,131
1128,161
1128,319
1128,101
1128,143
1128,147
1128,37
1128,150
1128,157
1128,158
1128,177
1128,64
1128,187
1128,194
1128,198
1128,199
1128,202
1128,204
1128,290
1128,210
1128,216
1128,326
1128,242
1128,265
1128,266
1128,273
1128,274
1128,356
1128,291
1128,293
1128,294
1128,297
1128,278
1128,301
1128,309
1128,257
1128,338
1128,340
1128,253
1128,346
1128,138
1128,372
1128,377
1128,376
1128,373
1128,379
1128,27
1128,391
1128,396
1128,398
1128,117
1128,285
1128,250
1128,241
1128,371
1128,240
1128,109
1128,148
1128,209
1128,259
1128,94
1128,1
1128,4
1128,135
1128,183
1128,393
1128,272
1128,146
1128,48
1128,214
1128,213
1128,128
1128,302
1128,228
1128,222
1128,327
1128,325
1128,344
4,22
4,33
4,256
4,85
4,298
4,124
4,100
4,113
4,284
4,319
4,101
4,53
4,177
4,194
4,198
4,199
4,205
4,233
4,261
4,10
4,266
4,293
4,314
4,316
4,83
4,253
4,348
4,70
4,362
4,137
4,372
4,379
4,396
4,397
4,73
4,95
4,220
4,55
4,219
4,259
4,222
401,7
401,17
401,22
401,28
401,94
401,32
401,33
401,256
401,37
401,72
401,212
401,79
401,81
401,234
401,112
401,96
401,100
401,113
401,123
401,126
401,284
401,53
401,177
401,192
401,193
401,199
401,200
401,266
401,281
401,297
401,299
401,311
401,378
401,314
401,315
401,330
401,377
401,396
401,398
401,397
401,117
401,305
401,51
401,55
401,36
401,240
401,109
401,148
401,209
401,259
401,120
401,56
401,86
401,85
401,343
401,222
401,331
401,265
401,344
596,23
596,26
596,32
596,248
596,72
596,124
596,107
596,113
596,123
596,126
596,131
596,319
596,101
596,143
596,53
596,158
596,177
596,63
596,64
596,66
596,198
596,205
596,210
596,242
596,266
596,273
596,293
596,308
596,314
596,317
596,352
596,354
596,362
596,137
596,376
596,373
596,379
596,27
596,73
596,14
596,285
596,388
596,220
596,371
596,340
596,240
596,109
596,148
596,209
596,1
596,244
596,149
596,71
596,103
596,324
596,50
596,189
596,245
596,46
46,319
46,101
46,314
46,137
46,104
46,212
427,3
427,160
427,17
427,25
427,28
427,94
427,29
427,34
427,37
427,39
427,40
427,42
427,248
427,75
427,67
427,72
427,76
427,78
427,148
427,79
427,81
427,124
427,98
427,100
427,101
427,107
427,108
427,113
427,120
427,121
427,123
427,126
427,127
427,131
427,132
427,366
427,134
427,138
427,286
427,319
427,143
427,147
427,53
427,150
427,156
427,157
427,158
427,176
427,177
427,64
427,170
427,175
427,171
427,182
427,186
427,191
427,193
427,194
427,198
427,199
427,202
427,204
427,207
427,290
427,112
427,215
427,88
427,253
427,294
427,233
427,184
427,261
427,10
427,266
427,273
427,274
427,356
427,280
427,281
427,293
427,278
427,301
427,309
427,314
427,318
427,383
427,329
427,333
427,83
427,338
427,340
427,343
427,350
427,195
427,353
427,238
427,337
427,360
427,368
427,374
427,376
427,373
427,379
427,391
427,395
427,396
427,397
427,117
427,180
427,14
427,68
427,181
427,151
427,155
427,262
427,255
427,304
427,45
427,241
427,371
427,258
427,240
427,109
427,209
427,259
427,256
427,357
427,247
427,5
427,111
427,179
427,135
427,183
427,141
427,321
427,197
427,246
427,56
427,221
427,189
427,245
427,344
427,351
427,222
427,12
1235,3
1235,160
1235,7
1235,18
1235,21
1235,22
1235,25
1235,28
1235,94
1235,29
1235,31
1235,32
1235,33
1235,256
1235,34
1235,37
1235,38
1235,40
1235,248
1235,59
1235,270
1235,67
1235,69
1235,267
1235,72
1235,76
1235,212
1235,78
1235,148
1235,81
1235,234
1235,112
1235,124
1235,96
1235,97
1235,98
1235,106
1235,107
1235,108
1235,113
1235,120
1235,121
1235,123
1235,126
1235,127
1235,129
1235,131
1235,284
1235,134
1235,138
1235,286
1235,319
1235,101
1235,140
1235,147
1235,53
1235,150
1235,157
1235,158
1235,159
1235,163
1235,176
1235,177
1235,63
1235,65
1235,170
1235,175
1235,171
1235,186
1235,187
1235,188
1235,193
1235,198
1235,199
1235,202
1235,207
1235,216
1235,224
1235,35
1235,291
1235,272
1235,229
1235,231
1235,242
1235,87
1235,253
1235,200
1235,153
1235,261
1235,10
1235,266
1235,269
1235,273
1235,274
1235,356
1235,275
1235,281
1235,287
1235,292
1235,293
1235,296
1235,299
1235,301
1235,309
1235,311
1235,378
1235,314
1235,315
1235,317
1235,316
1235,329
1235,330
1235,333
1235,338
1235,340
1235,345
1235,70
1235,350
1235,195
1235,353
1235,238
1235,337
1235,354
1235,358
1235,360
1235,362
1235,364
1235,365
1235,368
1235,372
1235,310
1235,374
1235,377
1235,376
1235,373
1235,379
1235,382
1235,381
1235,27
1235,385
1235,386
1235,391
1235,392
1235,396
1235,397
1235,117
1235,375
1235,73
1235,14
1235,251
1235,11
1235,285
1235,68
1235,252
1235,348
1235,250
1235,8
1235,221
1235,262
1235,184
1235,237
1235,145
1235,16
1235,339
1235,371
1235,240
1235,109
1235,209
1235,259
1235,254
1235,357
1235,247
1235,139
1235,71
1235,5
1235,135
1235,393
1235,197
1235,258
1235,56
1235,277
1235,278
1235,146
1235,86
1235,85
1235,154
1235,351
1235,214
1235,213
1235,343
1235,344
1318,0
1318,3
1318,160
1318,18
1318,23
1318,22
1318,25
1318,37
1318,72
1318,77
1318,212
1318,101
1318,107
1318,113
1318,120
1318,126
1318,130
1318,284
1318,134
1318,319
1318,147
1318,53
1318,150
1318,158
1318,159
1318,177
1318,168
1318,170
1318,175
1318,171
1318,182
1318,198
1318,207
1318,210
1318,225
1318,231
1318,242
1318,243
1318,87
1318,253
1318,266
1318,269
1318,273
1318,293
1318,295
1318,297
1318,299
1318,314
1318,337
1318,340
1318,352
1318,353
1318,238
1318,370
1318,376
1318,373
1318,379
1318,27
1318,384
1318,396
1318,73
1318,181
1318,341
1318,237
1318,172
1318,240
1318,109
1318,148
1318,209
1318,103
1318,179
1318,323
1318,183
1318,2
1307,26
1307,33
1307,256
1307,37
1307,44
1307,103
1307,212
1307,80
1307,81
1307,107
1307,113
1307,284
1307,147
1307,150
1307,161
1307,158
1307,177
1307,182
1307,195
1307,204
1307,265
1307,266
1307,273
1307,297
1307,368
1307,372
1307,379
1307,27
1307,398
1307,73
1307,285
1307,181
1307,236
1307,241
1307,371
1307,340
1307,183
1307,341
1307,214
1307,213
20,3
20,160
20,18
20,23
20,22
20,28
20,94
20,33
20,256
20,59
20,79
20,80
20,85
20,107
20,126
20,284
20,366
20,138
20,319
20,101
20,147
20,37
20,53
20,157
20,158
20,177
20,49
20,198
20,207
20,210
20,231
20,263
20,266
20,273
20,279
20,297
20,299
20,278
20,301
20,309
20,325
20,329
20,346
20,360
20,396
20,180
20,252
20,348
20,89
20,48
20,241
20,371
20,340
20,240
20,109
20,148
20,209
20,259
20,4
20,359
20,288
20,289
20,183
20,239
20,217
20,236
20,328
421,2
421,3
421,160
421,248
421,107
421,113
421,120
421,123
421,319
421,101
421,147
421,37
421,150
421,158
421,177
421,215
421,266
421,273
421,299
421,396
421,371
421,340
421,222
421,344
324,15
324,18
324,23
324,28
324,94
324,32
324,69
324,78
324,148
324,107
324,133
324,319
324,101
324,142
324,147
324,37
324,53
324,152
324,177
324,198
324,207
324,290
324,216
324,231
324,233
324,266
324,293
324,299
324,83
324,348
324,360
324,379
324,396
324,298
324,219
324,307
324,240
324,109
324,209
324,259
324,256
324,185
324,179
324,393
33,26
33,33
33,256
33,37
33,60
33,107
33,319
33,101
33,152
33,177
33,123
33,266
33,314
33,137
33,379
33,385
33,386
33,240
33,109
33,148
33,209
33,259
33,4
33,149
33,24
33,23
574,319
574,101
574,299
574,314
574,137
574,379
574,118
574,104
574,212
574,347
574,293
994,0
994,3
994,23
994,26
994,101
994,107
994,126
994,150
994,63
994,198
994,87
994,253
994,266
994,317
994,379
994,396
994,365
994,2
994,146
994,331
994,265
166,3
166,160
166,15
166,23
166,22
166,33
166,256
166,37
166,42
166,59
166,72
166,212
166,80
166,85
166,96
166,107
166,113
166,120
166,126
166,284
166,138
166,319
166,101
166,147
166,53
166,156
166,158
166,159
166,177
166,64
166,196
166,210
166,216
166,326
166,233
166,242
166,265
166,266
166,273
166,279
166,293
166,308
166,309
166,314
166,325
166,360
166,364
166,372
166,376
166,373
166,379
166,396
166,285
166,181
166,155
166,36
166,16
166,237
166,241
166,371
166,340
166,240
166,109
166,148
166,209
166,259
166,94
166,1
166,4
166,185
166,48
166,71
166,183
166,151
166,47
166,321
166,146
166,9
166,214
166,213
166,46
166,128
166,298
166,182
166,328
166,327
1001,108
1001,113
1001,114
1001,344
1001,177
1001,175
1001,171
1001,215
1001,266
1001,293
1001,354
1001,255
1001,14
1001,393
1155,3
1155,160
1155,15
1155,18
1155,23
1155,22
1155,30
1155,173
1155,26
1155,28
1155,94
1155,33
1155,256
1155,39
1155,248
1155,270
1155,74
1155,212
1155,80
1155,85
1155,90
1155,100
1155,105
1155,107
1155,311
1155,113
1155,114
1155,344
1155,123
1155,126
1155,284
1155,133
1155,366
1155,138
1155,319
1155,101
1155,53
1155,158
1155,176
1155,177
1155,64
1155,49
1155,170
1155,182
1155,198
1155,204
1155,210
1155,225
1155,226
1155,233
1155,242
1155,266
1155,271
1155,369
1155,273
1155,276
1155,278
1155,279
1155,287
1155,295
1155,297
1155,298
1155,300
1155,309
1155,313
1155,312
1155,314
1155,318
1155,383
1155,329
1155,83
1155,346
1155,348
1155,360
1155,364
1155,137
1155,377
1155,376
1155,373
1155,379
1155,27
1155,384
1155,391
1155,396
1155,180
1155,184
1155,237
1155,236
1155,339
1155,241
1155,371
1155,340
1155,223
1155,185
1155,183
1155,24
1155,306
1155,307
1155,272
1155,190
1155,146
1155,214
1155,213
1155,46
1155,128
1155,222
1155,178
1155,93
1155,289
99,270
99,124
99,66
99,206
99,275
99,317
99,348
934,107
934,113
934,319
934,101
934,147
934,37
934,150
934,152
934,177
934,314
934,4
934,3
934,158
934,123
1076,3
1076,160
1076,15
1076,22
1076,28
1076,94
1076,33
1076,256
1076,37
1076,60
1076,72
1076,78
1076,148
1076,80
1076,107
1076,120
1076,123
1076,126
1076,133
1076,136
1076,319
1076,101
1076,143
1076,53
1076,150
1076,158
1076,177
1076,182
1076,198
1076,210
1076,225
1076,233
1076,266
1076,279
1076,293
1076,298
1076,299
1076,314
1076,83
1076,337
1076,360
1076,396
1076,304
1076,45
1076,36
1076,16
1076,339
1076,371
1076,340
1076,259
1076,179
1076,183
1076,47
1076,71
1076,46
1076,222
775,3
775,160
775,107
775,113
775,284
775,150
775,158
775,195
775,266
775,273
775,293
775,396
775,220
775,371
775,340
775,324
775,137
775,347
124,3
124,160
124,18
124,22
124,28
124,94
124,33
124,256
124,42
124,212
124,80
124,81
124,85
124,107
124,113
124,122
124,123
124,126
124,133
124,319
124,101
124,147
124,37
124,53
124,150
124,157
124,161
124,158
124,177
124,216
124,225
124,226
124,231
124,242
124,87
124,253
124,257
124,265
124,266
124,271
124,369
124,273
124,293
124,297
124,301
124,308
124,309
124,314
124,325
124,330
124,348
124,352
124,354
124,372
124,377
124,384
124,396
124,117
124,180
124,181
124,184
124,237
124,36
124,240
124,109
124,148
124,209
124,259
124,4
124,185
124,179
124,323
124,183
124,47
124,50
124,146
124,214
124,213
124,302
124,228
124,236
124,222
1304,17
1304,22
1304,33
1304,256
1304,37
1304,40
1304,42
1304,44
1304,103
1304,72
1304,79
1304,81
1304,85
1304,108
1304,113
1304,126
1304,131
1304,284
1304,319
1304,101
1304,142
1304,143
1304,53
1304,152
1304,158
1304,177
1304,178
1304,64
1304,175
1304,171
1304,193
1304,190
1304,195
1304,198
1304,199
1304,202
1304,210
1304,215
1304,216
1304,35
1304,291
1304,257
1304,261
1304,10
1304,266
1304,273
1304,293
1304,301
1304,309
1304,314
1304,334
1304,307
1304,350
1304,353
1304,238
1304,337
1304,379
1304,27
1304,391
1304,68
1304,89
1304,48
1304,220
1304,219
1304,241
1304,371
1304,340
1304,240
1304,109
1304,148
1304,209
1304,116
1304,393
1304,306
1304,394
1304,395
1304,343
1304,236
1304,255
1077,15
1077,20
1077,23
1077,22
1077,173
1077,28
1077,94
1077,39
1077,78
1077,148
1077,79
1077,80
1077,107
1077,113
1077,114
1077,344
1077,126
1077,284
1077,132
1077,133
1077,366
1077,138
1077,319
1077,101
1077,143
1077,147
1077,37
1077,53
1077,150
1077,152
1077,158
1077,177
1077,123
1077,170
1077,182
1077,198
1077,210
1077,216
1077,225
1077,326
1077,233
1077,249
1077,87
1077,253
1077,263
1077,266
1077,268
1077,271
1077,369
1077,273
1077,282
1077,335
1077,202
1077,293
1077,314
1077,315
1077,318
1077,383
1077,337
1077,346
1077,360
1077,376
1077,373
1077,379
1077,384
1077,396
1077,399
1077,73
1077,184
1077,237
1077,236
1077,255
1077,55
1077,172
1077,371
1077,340
1077,1
1077,247
1077,111
1077,183
1077,146
1077,394
1077,395
1077,214
1077,213
1077,46
1077,327
1077,325
1077,102
899,3
899,160
899,18
899,22
899,30
899,173
899,26
899,28
899,94
899,33
899,256
899,248
899,57
899,60
899,72
899,212
899,80
899,96
899,100
899,107
899,113
899,114
899,344
899,123
899,126
899,127
899,133
899,319
899,101
899,143
899,147
899,37
899,53
899,150
899,158
899,177
899,64
899,170
899,182
899,199
899,290
899,210
899,224
899,225
899,226
899,231
899,233
899,242
899,246
899,87
899,253
899,266
899,271
899,369
899,273
899,279
899,296
899,297
899,298
899,299
899,278
899,313
899,312
899,314
899,348
899,354
899,360
899,364
899,368
899,137
899,372
899,310
899,376
899,373
899,27
899,391
899,396
899,117
899,180
899,251
899,11
899,285
899,184
899,237
899,241
899,307
899,371
899,340
899,223
899,235
899,259
899,185
899,179
899,135
899,323
899,183
899,47
899,116
899,393
899,332
899,73
899,189
899,245
899,214
899,213
899,46
899,128
899,236
899,222
899,2
899,227
899,379
899,4
1056,3
1056,160
1056,21
1056,173
1056,25
1056,26
1056,28
1056,94
1056,29
1056,33
1056,256
1056,34
1056,37
1056,81
1056,85
1056,124
1056,107
1056,113
1056,120
1056,123
1056,126
1056,284
1056,133
1056,366
1056,134
1056,138
1056,319
1056,101
1056,147
1056,53
1056,157
1056,177
1056,182
1056,198
1056,204
1056,206
1056,207
1056,290
1056,216
1056,225
1056,326
1056,233
1056,266
1056,274
1056,356
1056,275
1056,296
1056,297
1056,298
1056,299
1056,313
1056,312
1056,314
1056,318
1056,383
1056,83
1056,333
1056,346
1056,353
1056,238
1056,337
1056,360
1056,364
1056,368
1056,372
1056,379
1056,384
1056,391
1056,396
1056,398
1056,117
1056,180
1056,51
1056,327
1056,236
1056,240
1056,109
1056,148
1056,209
1056,259
1056,135
1056,24
1056,23
1056,306
1056,307
1056,277
1056,278
1056,86
1056,351
1056,195
1056,222
1056,178
1056,93
1056,325
1056,344
1056,395
243,2
243,3
243,160
243,15
243,18
243,22
243,28
243,94
243,29
243,33
243,256
243,37
243,42
243,248
243,57
243,270
243,69
243,267
243,72
243,212
243,78
243,148
243,80
243,81
243,85
243,90
243,96
243,100
243,107
243,113
243,122
243,123
243,126
243,127
243,284
243,134
243,319
243,101
243,143
243,147
243,53
243,152
243,158
243,177
243,64
243,170
243,174
243,186
243,195
243,198
243,199
243,202
243,205
243,207
243,210
243,231
243,233
243,242
243,264
243,265
243,266
243,269
243,273
243,293
243,294
243,295
243,296
243,299
243,301
243,303
243,308
243,314
243,83
243,257
243,253
243,354
243,360
243,362
243,364
243,368
243,137
243,372
243,310
243,377
243,376
243,373
243,27
243,391
243,396
243,397
243,399
243,73
243,285
243,89
243,48
243,55
243,118
243,241
243,371
243,340
243,240
243,109
243,209
243,259
243,4
243,71
243,336
243,183
243,393
243,214
243,213
243,46
243,128
243,302
243,228
243,222
243,258
243,178
243,93
243,344
754,15
754,23
754,173
754,26
754,28
754,94
754,29
754,37
754,54
754,57
754,60
754,78
754,148
754,81
754,96
754,100
754,107
754,108
754,113
754,114
754,344
754,126
754,366
754,319
754,101
754,143
754,147
754,152
754,158
754,176
754,64
754,198
754,207
754,290
754,210
754,224
754,233
754,242
754,87
754,253
754,260
754,266
754,273
754,280
754,296
754,297
754,298
754,314
754,83
754,346
754,138
754,350
754,195
754,354
754,360
754,368
754,376
754,373
754,379
754,391
754,396
754,117
754,375
754,14
754,251
754,11
754,240
754,109
754,209
754,324
754,137
754,227
754,56
754,351
754,222
754,182
754,311
754,1
754,331
754,265
1177,2
1177,3
1177,160
1177,17
1177,18
1177,25
1177,32
1177,38
1177,42
1177,248
1177,57
1177,72
1177,212
1177,80
1177,100
1177,107
1177,113
1177,122
1177,123
1177,126
1177,133
1177,136
1177,319
1177,101
1177,143
1177,147
1177,37
1177,150
1177,152
1177,156
1177,161
1177,158
1177,177
1177,64
1177,182
1177,191
1177,198
1177,205
1177,207
1177,210
1177,35
1177,291
1177,294
1177,242
1177,246
1177,87
1177,253
1177,153
1177,266
1177,269
1177,293
1177,301
1177,311
1177,378
1177,314
1177,338
1177,353
1177,238
1177,337
1177,372
1177,377
1177,376
1177,373
1177,379
1177,27
1177,391
1177,396
1177,221
1177,14
1177,251
1177,11
1177,285
1177,250
1177,36
1177,16
1177,241
1177,371
1177,340
1177,235
1177,259
1177,256
1177,211
1177,4
1177,247
1177,111
1177,1
1177,323
1177,183
1177,367
1177,146
1177,394
1177,395
1177,351
1177,195
1177,214
1177,213
1177,128
1177,343
1177,302
1177,228
1177,222
892,15
892,23
892,22
892,33
892,256
892,37
892,42
892,75
892,60
892,59
892,212
892,80
892,85
892,298
892,107
892,126
892,319
892,101
892,147
892,53
892,152
892,158
892,177
892,63
892,64
892,186
892,187
892,195
892,198
892,199
892,207
892,210
892,233
892,242
892,153
892,264
892,265
892,266
892,279
892,293
892,309
892,314
892,338
892,253
892,346
892,138
892,354
892,360
892,372
892,377
892,379
892,27
892,392
892,73
892,285
892,241
892,371
892,340
892,4
892,71
892,72
892,336
892,24
892,332
892,214
892,213
892,302
892,228
892,222
58,22
58,42
58,80
58,81
58,123
58,150
58,158
58,205
58,376
58,373
58,375
58,241
58,46
334,2
334,3
334,160
334,15
334,18
334,23
334,22
334,26
334,29
334,33
334,256
334,42
334,248
334,59
334,212
334,81
334,85
334,298
334,107
334,113
334,123
334,284
334,138
334,286
334,319
334,101
334,143
334,147
334,37
334,53
334,156
334,158
334,159
334,165
334,177
334,93
334,49
334,175
334,171
334,182
334,198
334,210
334,216
334,326
334,242
334,265
334,266
334,273
334,279
334,297
334,301
334,313
334,312
334,314
334,325
334,330
334,346
334,360
334,369
334,370
334,376
334,373
334,379
334,396
334,180
334,68
334,89
334,48
334,236
334,16
334,371
334,340
334,4
334,183
334,197
334,14
334,367
334,339
334,46
334,128
334,343
334,302
334,228
334,222
334,178
533,3
533,160
533,212
533,107
533,113
533,120
533,126
533,319
533,101
533,53
533,177
533,198
533,202
533,290
533,266
533,293
533,296
533,299
533,83
533,391
533,396
533,117
533,310
533,219
533,24
533,23
533,189
533,245
533,351
533,195
533,222
533,6
533,395
1078,3
1078,160
1078,7
1078,18
1078,22
1078,28
1078,94
1078,29
1078,33
1078,256
1078,34
1078,37
1078,38
1078,42
1078,60
1078,59
1078,270
1078,72
1078,212
1078,78
1078,148
1078,81
1078,85
1078,91
1078,92
1078,43
1078,106
1078,107
1078,113
1078,123
1078,126
1078,127
1078,129
1078,131
1078,134
1078,286
1078,319
1078,101
1078,143
1078,147
1078,53
1078,156
1078,157
1078,158
1078,166
1078,177
1078,169
1078,170
1078,174
1078,182
1078,187
1078,191
1078,192
1078,194
1078,196
1078,198
1078,199
1078,202
1078,204
1078,290
1078,216
1078,225
1078,35
1078,291
1078,229
1078,232
1078,233
1078,200
1078,153
1078,266
1078,269
1078,279
1078,51
1078,292
1078,293
1078,296
1078,297
1078,301
1078,308
1078,309
1078,313
1078,312
1078,314
1078,318
1078,383
1078,330
1078,83
1078,338
1078,340
1078,253
1078,353
1078,238
1078,337
1078,354
1078,360
1078,361
1078,362
1078,368
1078,372
1078,373
1078,374
1078,377
1078,379
1078,382
1078,381
1078,27
1078,385
1078,386
1078,396
1078,398
1078,397
1078,117
1078,349
1078,99
1078,14
1078,285
1078,250
1078,255
1078,145
1078,304
1078,45
1078,36
1078,16
1078,339
1078,118
1078,240
1078,109
1078,209
1078,259
1078,320
1078,185
1078,321
1078,239
1078,146
1078,351
1078,195
1078,9
1078,201
1078,52
1078,236
1078,222
1078,13
1078,125
1078,12
1078,344
1078,380
1050,22
1050,270
1050,96
1050,107
1050,284
1050,158
1050,233
1050,266
1050,279
1050,293
1050,298
1050,325
1050,352
1050,360
1050,137
1050,376
1050,373
1050,396
1050,285
1050,220
1050,46
23,396
438,2
438,3
438,160
438,18
438,22
438,26
438,28
438,94
438,33
438,256
438,37
438,42
438,248
438,62
438,72
438,212
438,79
438,80
438,81
438,85
438,298
438,96
438,100
438,107
438,113
438,120
438,123
438,126
438,127
438,134
438,319
438,101
438,143
438,147
438,53
438,161
438,158
438,177
438,64
438,170
438,187
438,191
438,194
438,195
438,202
438,205
438,210
438,231
438,233
438,242
438,257
438,265
438,266
438,269
438,273
438,279
438,293
438,294
438,297
438,299
438,278
438,309
438,313
438,312
438,314
438,316
438,325
438,330
438,253
438,348
438,354
438,360
438,364
438,137
438,372
438,377
438,376
438,373
438,27
438,391
438,396
438,397
438,117
438,73
438,285
438,252
438,95
438,255
438,55
438,36
438,16
438,118
438,227
438,241
438,371
438,340
438,223
438,259
438,276
438,185
438,336
438,183
438,217
438,189
438,245
438,214
438,213
438,46
438,128
438,222
438,331
438,289
113,3
113,160
113,15
113,18
113,22
113,30
113,26
113,28
113,94
113,79
113,81
113,124
113,105
113,107
113,120
113,123
113,133
113,319
113,101
113,143
113,150
113,159
113,162
113,164
113,170
113,225
113,233
113,243
113,266
113,279
113,298
113,278
113,313
113,312
113,314
113,348
113,360
113,379
113,396
113,397
113,223
113,179
113,395
220,3
220,160
220,15
220,23
220,30
220,173
220,28
220,94
220,37
220,75
220,62
220,72
220,74
220,79
220,81
220,105
220,107
220,113
220,123
220,366
220,138
220,319
220,101
220,53
220,150
220,177
220,65
220,175
220,171
220,198
220,199
220,225
220,326
220,233
220,243
220,261
220,10
220,266
220,279
220,298
220,309
220,314
220,329
220,83
220,337
220,346
220,348
220,360
220,238
220,382
220,381
220,396
220,318
220,117
220,180
220,181
220,36
220,223
220,170
220,158
220,38
220,321
220,197
220,14
220,121
220,222
220,208
220,327
220,325
220,344
583,23
583,91
583,92
583,43
583,127
583,170
583,198
583,24
1172,23
1172,26
1172,29
1172,33
1172,256
1172,37
1172,39
1172,248
1172,57
1172,212
1172,78
1172,148
1172,80
1172,81
1172,85
1172,100
1172,107
1172,113
1172,119
1172,291
1172,123
1172,126
1172,284
1172,319
1172,101
1172,143
1172,147
1172,158
1172,176
1172,177
1172,64
1172,195
1172,198
1172,202
1172,207
1172,210
1172,224
1172,231
1172,242
1172,265
1172,266
1172,273
1172,274
1172,356
1172,280
1172,296
1172,299
1172,314
1172,83
1172,353
1172,238
1172,337
1172,354
1172,368
1172,372
1172,310
1172,377
1172,376
1172,373
1172,379
1172,27
1172,391
1172,396
1172,397
1172,117
1172,73
1172,14
1172,99
1172,155
1172,36
1172,16
1172,241
1172,371
1172,340
1172,94
1172,1
1172,110
1172,111
1172,357
1172,247
1172,244
1172,5
1172,139
1172,135
1172,393
1172,56
1172,84
1172,394
1172,395
1172,189
1172,245
1172,115
1172,214
1172,213
1172,222
1172,344
1172,149
1169,265
1169,330
1169,85
1169,126
1169,143
1169,177
1169,273
1169,314
1169,377
1169,305
1169,68
1169,145
1169,227
1169,144
1169,116
1169,393
1169,38
617,22
617,25
617,40
617,60
617,72
617,212
617,80
617,85
617,106
617,113
617,126
617,319
617,101
617,158
617,177
617,64
617,194
617,198
617,205
617,210
617,242
617,257
617,265
617,266
617,273
617,296
617,299
617,309
617,314
617,338
617,253
617,354
617,368
617,372
617,391
617,117
617,285
617,262
617,241
617,371
617,340
617,259
617,256
617,71
617,38
617,214
617,213
617,331
617,289
1089,3
1089,160
1089,15
1089,23
1089,22
1089,25
1089,26
1089,37
1089,42
1089,44
1089,103
1089,72
1089,74
1089,212
1089,80
1089,81
1089,82
1089,102
1089,107
1089,113
1089,123
1089,126
1089,130
1089,284
1089,134
1089,319
1089,101
1089,143
1089,147
1089,158
1089,159
1089,177
1089,64
1089,169
1089,170
1089,174
1089,175
1089,171
1089,198
1089,207
1089,210
1089,225
1089,326
1089,242
1089,246
1089,266
1089,273
1089,291
1089,293
1089,294
1089,295
1089,314
1089,325
1089,337
1089,338
1089,253
1089,346
1089,138
1089,352
1089,353
1089,238
1089,354
1089,377
1089,376
1089,373
1089,379
1089,27
1089,396
1089,117
1089,181
1089,51
1089,155
1089,262
1089,371
1089,340
1089,240
1089,109
1089,148
1089,209
1089,4
1089,48
1089,323
1089,183
1089,47
1089,214
1089,213
1089,46
1089,182
1089,289
651,2
651,3
651,160
651,22
651,28
651,94
651,33
651,256
651,37
651,38
651,42
651,72
651,77
651,78
651,148
651,79
651,81
651,85
651,107
651,113
651,126
651,284
651,133
651,366
651,319
651,101
651,147
651,53
651,177
651,170
651,182
651,198
651,207
651,290
651,231
651,233
651,266
651,293
651,314
651,83
651,346
651,138
651,354
651,368
651,379
651,391
651,396
651,73
651,349
651,99
651,285
651,118
651,259
651,1
651,4
651,109
651,355
651,144
651,239
651,71
651,359
651,288
651,289
651,146
651,351
651,195
651,344
1220,23
1220,107
1220,133
1220,366
1220,138
1220,319
1220,101
1220,175
1220,171
1220,182
1220,198
1220,205
1220,226
1220,233
1220,266
1220,293
1220,314
1220,83
1220,346
1220,352
1220,360
1220,361
1220,379
1220,396
482,2
482,3
482,160
482,22
482,26
482,81
482,124
482,113
482,120
482,123
482,126
482,319
482,101
482,150
482,158
482,159
482,177
482,194
482,198
482,210
482,266
482,273
482,279
482,314
482,396
482,117
482,16
482,241
482,371
482,340
482,94
482,183
482,46
462,2
462,3
462,160
462,13
462,18
462,20
462,22
462,25
462,26
462,28
462,94
462,29
462,33
462,256
462,37
462,40
462,42
462,248
462,75
462,57
462,60
462,59
462,62
462,69
462,72
462,212
462,79
462,80
462,81
462,85
462,124
462,96
462,105
462,106
462,107
462,113
462,120
462,122
462,123
462,126
462,127
462,284
462,132
462,134
462,319
462,101
462,143
462,147
462,53
462,150
462,152
462,156
462,157
462,161
462,158
462,162
462,164
462,166
462,176
462,177
462,63
462,64
462,65
462,66
462,168
462,49
462,169
462,170
462,174
462,175
462,171
462,182
462,187
462,192
462,193
462,194
462,195
462,196
462,198
462,199
462,202
462,203
462,204
462,205
462,206
462,207
462,210
462,215
462,216
462,224
462,225
462,326
462,231
462,232
462,233
462,184
462,242
462,246
462,249
462,257
462,153
462,261
462,10
462,264
462,265
462,266
462,269
462,271
462,369
462,273
462,275
462,279
462,292
462,293
462,294
462,296
462,297
462,298
462,299
462,301
462,308
462,309
462,311
462,378
462,313
462,312
462,314
462,317
462,316
462,325
462,329
462,330
462,83
462,338
462,253
462,348
462,353
462,238
462,337
462,354
462,360
462,362
462,368
462,137
462,372
462,310
462,377
462,376
462,373
462,27
462,392
462,396
462,397
462,399
462,117
462,375
462,73
462,180
462,14
462,285
462,68
462,252
462,95
462,250
462,51
462,89
462,48
462,151
462,236
462,255
462,304
462,45
462,36
462,16
462,118
462,172
462,241
462,371
462,340
462,223
462,240
462,109
462,148
462,209
462,259
462,4
462,320
462,71
462,179
462,341
462,135
462,336
462,183
462,47
462,393
462,321
462,43
462,367
462,239
462,189
462,245
462,9
462,201
462,52
462,214
462,213
462,46
462,302
462,228
462,222
462,208
462,331
462,327
462,289
462,12
462,344
462,380
652,3
652,160
652,18
652,22
652,25
652,28
652,94
652,33
652,256
652,37
652,248
652,75
652,54
652,72
652,76
652,212
652,80
652,81
652,85
652,124
652,96
652,107
652,113
652,126
652,284
652,138
652,286
652,319
652,101
652,143
652,147
652,53
652,156
652,161
652,158
652,159
652,177
652,64
652,175
652,171
652,190
652,198
652,202
652,205
652,206
652,207
652,210
652,225
652,229
652,231
652,233
652,242
652,257
652,261
652,10
652,266
652,273
652,275
652,276
652,278
652,279
652,293
652,299
652,309
652,314
652,325
652,340
652,253
652,348
652,353
652,238
652,337
652,360
652,362
652,372
652,377
652,376
652,373
652,27
652,384
652,396
652,397
652,73
652,61
652,262
652,255
652,227
652,241
652,371
652,259
652,341
652,336
652,183
652,272
652,367
652,277
652,84
652,189
652,245
652,214
652,213
652,46
652,298
652,302
652,228
652,222
652,328
652,208
652,125
702,319
702,101
702,198
702,314
702,61
1113,3
1113,160
1113,21
1113,28
1113,94
1113,29
1113,37
1113,248
1113,212
1113,78
1113,148
1113,81
1113,107
1113,113
1113,119
1113,291
1113,120
1113,143
1113,147
1113,158
1113,176
1113,64
1113,199
1113,231
1113,242
1113,266
1113,273
1113,296
1113,301
1113,315
1113,348
1113,353
1113,238
1113,337
1113,354
1113,370
1113,27
1113,391
1113,396
1113,117
1113,251
1113,11
1113,252
1113,241
1113,240
1113,109
1113,209
1113,211
1113,110
1113,111
1113,244
1113,355
1113,139
1113,141
1113,388
1113,393
1113,347
1113,293
1113,214
1113,213
1113,128
1113,344
338,3
338,160
338,13
338,18
338,22
338,29
338,33
338,256
338,37
338,248
338,72
338,212
338,80
338,81
338,85
338,124
338,96
338,100
338,101
338,107
338,113
338,123
338,126
338,127
338,129
338,133
338,319
338,143
338,53
338,156
338,158
338,177
338,64
338,169
338,170
338,174
338,187
338,193
338,195
338,199
338,202
338,203
338,205
338,207
338,112
338,231
338,233
338,242
338,257
338,266
338,273
338,281
338,294
338,296
338,299
338,278
338,314
338,315
338,360
338,364
338,368
338,376
338,373
338,379
338,27
338,396
338,375
338,14
338,305
338,285
338,181
338,388
338,155
338,255
338,241
338,371
338,340
338,240
338,109
338,148
338,209
338,259
338,94
338,1
338,4
338,320
338,71
338,183
338,116
338,321
338,367
338,50
338,189
338,245
338,9
338,201
338,52
338,214
338,213
338,46
338,128
338,343
338,222
338,331
338,265
338,289
338,344
338,149
636,3
636,160
636,23
636,29
636,33
636,256
636,34
636,37
636,38
636,42
636,60
636,72
636,212
636,79
636,81
636,85
636,107
636,113
636,120
636,126
636,129
636,284
636,319
636,101
636,143
636,147
636,53
636,152
636,158
636,166
636,177
636,66
636,194
636,198
636,199
636,202
636,204
636,207
636,242
636,87
636,253
636,261
636,10
636,264
636,265
636,266
636,273
636,294
636,299
636,301
636,314
636,83
636,337
636,338
636,352
636,354
636,238
636,137
636,372
636,377
636,379
636,27
636,396
636,399
636,73
636,61
636,285
636,220
636,55
636,219
636,339
636,241
636,371
636,340
636,240
636,109
636,148
636,209
636,259
636,336
636,24
636,217
636,214
636,213
636,128
636,328
636,149
681,19
681,21
681,23
681,39
681,40
681,54
681,267
681,265
681,78
681,96
681,98
681,133
681,136
681,65
681,169
681,188
681,193
681,194
681,205
681,290
681,210
681,225
681,88
681,232
681,233
681,58
681,200
681,308
681,358
681,360
681,361
681,376
681,373
681,397
681,117
681,95
681,250
681,151
681,236
681,255
681,339
681,237
681,172
681,223
681,357
681,247
681,47
681,116
681,277
681,239
681,149
681,86
681,120
681,52
681,6
681,395
1146,3
1146,160
1146,18
1146,26
1146,33
1146,256
1146,248
1146,78
1146,148
1146,80
1146,81
1146,101
1146,107
1146,113
1146,123
1146,131
1146,133
1146,366
1146,319
1146,150
1146,161
1146,158
1146,177
1146,64
1146,49
1146,182
1146,198
1146,242
1146,257
1146,261
1146,10
1146,266
1146,273
1146,293
1146,294
1146,298
1146,299
1146,314
1146,83
1146,253
1146,346
1146,138
1146,348
1146,379
1146,27
1146,391
1146,396
1146,117
1146,285
1146,252
1146,55
1146,371
1146,340
1146,240
1146,109
1146,209
1146,259
1146,183
1146,239
1146,21
1146,46
1146,367
1146,222
1306,33
1306,256
1306,248
1306,57
1306,80
1306,234
1306,112
1306,107
1306,113
1306,120
1306,123
1306,143
1306,147
1306,37
1306,150
1306,157
1306,158
1306,176
1306,64
1306,195
1306,206
1306,224
1306,266
1306,273
1306,296
1306,299
1306,83
1306,368
1306,310
1306,396
1306,117
1306,14
1306,68
1306,250
1306,388
1306,241
1306,371
1306,340
1306,211
1306,94
1306,5
1306,135
1306,116
1306,393
1306,274
1306,222
1306,148
1306,344
518,26
518,270
518,107
518,53
518,169
518,199
518,205
518,207
518,266
518,293
518,353
518,238
518,337
518,377
518,396
518,172
518,47
232,3
232,160
232,23
232,22
232,29
232,37
232,42
232,81
232,102
232,107
232,113
232,120
232,123
232,126
232,319
232,101
232,147
232,53
232,158
232,177
232,194
232,195
232,198
232,199
232,206
232,210
232,153
232,266
232,273
232,293
232,294
232,303
232,314
232,83
232,253
232,361
232,137
232,310
232,379
232,27
232,396
232,117
232,73
232,14
232,285
232,155
232,236
232,36
232,16
232,241
232,371
232,340
232,1
232,48
232,321
232,189
232,245
232,214
232,213
232,222
232,344
232,149
1003,23
1003,22
1003,26
1003,40
1003,42
1003,270
1003,82
1003,85
1003,107
1003,113
1003,126
1003,130
1003,134
1003,319
1003,101
1003,143
1003,147
1003,37
1003,53
1003,158
1003,159
1003,177
1003,169
1003,170
1003,174
1003,175
1003,171
1003,193
1003,198
1003,199
1003,207
1003,210
1003,233
1003,242
1003,266
1003,269
1003,294
1003,70
1003,360
1003,376
1003,373
1003,27
1003,285
1003,371
1003,340
1003,323
1003,56
1003,46
1070,26
1070,104
1070,107
1070,131
1070,53
1070,177
1070,198
1070,210
1070,265
1070,266
1070,293
1070,314
1070,137
1070,61
1070,371
1070,340
480,3
480,160
480,25
480,26
480,42
480,248
480,273
480,72
480,212
480,78
480,148
480,81
480,85
480,107
480,113
480,120
480,123
480,127
480,319
480,101
480,143
480,147
480,37
480,150
480,157
480,161
480,158
480,177
480,64
480,198
480,242
480,266
480,296
480,314
480,340
480,354
480,372
480,377
480,376
480,373
480,379
480,391
480,117
480,375
480,285
480,155
480,16
480,118
480,371
480,1
480,4
480,179
480,183
480,116
480,393
480,146
480,214
480,213
480,128
480,302
480,228
480,222
480,344
1150,3
1150,160
1150,23
1150,42
1150,248
1150,60
1150,212
1150,80
1150,81
1150,85
1150,107
1150,113
1150,120
1150,53
1150,152
1150,158
1150,177
1150,63
1150,64
1150,198
1150,199
1150,202
1150,207
1150,210
1150,242
1150,266
1150,273
1150,293
1150,352
1150,354
1150,376
1150,373
1150,379
1150,27
1150,391
1150,396
1150,73
1150,241
1150,320
1150,56
1150,214
1150,213
1150,302
1150,228
1150,222
129,3
129,160
129,22
129,270
129,212
129,81
129,85
129,107
129,113
129,126
129,319
129,101
129,147
129,37
129,53
129,177
129,205
129,207
129,266
129,303
129,309
129,314
129,360
129,389
129,396
129,73
129,180
129,285
129,89
129,48
129,94
129,185
951,212
951,79
951,143
951,177
951,265
951,273
951,352
951,370
951,137
951,145
951,214
951,213
1173,177
1173,280
1173,372
1173,377
1173,16
1173,5
897,33
897,256
897,40
897,42
897,59
897,212
897,80
897,81
897,85
897,107
897,113
897,319
897,101
897,53
897,158
897,242
897,265
897,273
897,309
897,372
897,377
897,371
897,340
897,214
897,213
229,3
229,160
229,23
229,22
229,81
229,107
229,113
229,133
229,319
229,101
229,53
229,158
229,177
229,182
229,194
229,196
229,198
229,205
229,210
229,266
229,273
229,279
229,293
229,296
229,303
229,314
229,325
229,83
229,360
229,137
229,376
229,373
229,379
229,27
229,396
229,241
229,371
229,340
229,183
229,56
229,367
229,214
229,213
229,46
189,2
189,3
189,160
189,18
189,22
189,28
189,94
189,29
189,32
189,33
189,256
189,37
189,40
189,42
189,248
189,57
189,62
189,69
189,72
189,76
189,212
189,78
189,148
189,79
189,80
189,81
189,85
189,91
189,92
189,43
189,96
189,107
189,113
189,120
189,123
189,126
189,127
189,284
189,143
189,147
189,53
189,152
189,156
189,161
189,158
189,159
189,177
189,63
189,64
189,65
189,170
189,187
189,194
189,198
189,199
189,202
189,205
189,207
189,290
189,210
189,216
189,326
189,231
189,233
189,242
189,266
189,273
189,279
189,293
189,294
189,299
189,278
189,309
189,325
189,253
189,354
189,360
189,364
189,137
189,372
189,310
189,374
189,377
189,376
189,373
189,27
189,389
189,391
189,396
189,397
189,117
189,375
189,73
189,285
189,95
189,36
189,16
189,118
189,227
189,241
189,371
189,340
189,240
189,109
189,209
189,259
189,4
189,336
189,323
189,47
189,367
189,189
189,245
189,214
189,213
189,46
189,128
189,208
189,289
326,3
326,160
326,7
326,15
326,18
326,23
326,22
326,25
326,26
326,32
326,37
326,38
326,42
326,248
326,67
326,69
326,72
326,77
326,212
326,78
326,148
326,80
326,81
326,90
326,107
326,113
326,123
326,126
326,127
326,130
326,132
326,133
326,134
326,319
326,101
326,53
326,150
326,158
326,159
326,177
326,64
326,168
326,169
326,170
326,174
326,175
326,171
326,196
326,198
326,199
326,206
326,207
326,210
326,243
326,266
326,268
326,269
326,273
326,293
326,298
326,299
326,278
326,300
326,309
326,314
326,316
326,318
326,383
326,330
326,337
326,340
326,346
326,138
326,70
326,352
326,354
326,360
326,362
326,370
326,137
326,377
326,376
326,373
326,379
326,27
326,396
326,375
326,73
326,366
326,220
326,184
326,237
326,341
326,219
326,36
326,16
326,371
326,240
326,320
326,103
326,323
326,183
326,95
326,24
326,227
326,321
326,48
326,46
326,261
326,222
326,380
1252,23
1252,25
1252,26
1252,34
1252,37
1252,42
1252,60
1252,126
1252,319
1252,101
1252,53
1252,152
1252,177
1252,63
1252,65
1252,175
1252,171
1252,198
1252,207
1252,257
1252,266
1252,314
1252,83
1252,337
1252,354
1252,379
1252,384
1252,389
1252,73
1252,240
1252,109
1252,148
1252,209
1252,259
1252,256
1252,24
1252,56
1252,316
1232,3
1232,160
1232,22
1232,33
1232,256
1232,248
1232,54
1232,270
1232,69
1232,212
1232,85
1232,96
1232,107
1232,123
1232,126
1232,319
1232,101
1232,147
1232,37
1232,53
1232,156
1232,158
1232,177
1232,187
1232,199
1232,242
1232,257
1232,265
1232,266
1232,269
1232,273
1232,279
1232,299
1232,309
1232,314
1232,137
1232,372
1232,377
1232,396
1232,285
1232,241
1232,371
1232,340
1232,183
1232,48
1232,46
1232,222
120,26
120,37
120,80
120,85
120,107
120,113
120,319
120,101
120,147
120,158
120,290
120,242
120,266
120,273
120,314
120,253
120,172
120,48
120,327
120,325
715,18
715,23
715,25
715,28
715,94
715,32
715,33
715,256
715,34
715,37
715,38
715,42
715,59
715,267
715,72
715,76
715,212
715,81
715,124
715,113
715,120
715,123
715,126
715,131
715,284
715,134
715,136
715,319
715,101
715,53
715,156
715,157
715,158
715,63
715,194
715,199
715,216
715,229
715,243
715,153
715,261
715,10
715,269
715,293
715,297
715,301
715,309
715,314
715,330
715,338
715,350
715,195
715,353
715,238
715,337
715,354
715,391
715,392
715,396
715,117
715,73
715,251
715,11
715,68
715,250
715,151
715,262
715,36
715,16
715,241
715,240
715,109
715,148
715,209
715,259
715,211
715,135
715,2
715,239
715,86
715,85
715,214
715,213
715,222
634,2
634,3
634,160
634,15
634,23
634,22
634,30
634,173
634,26
634,28
634,94
634,29
634,32
634,33
634,256
634,34
634,37
634,57
634,72
634,81
634,85
634,124
634,101
634,106
634,107
634,113
634,120
634,123
634,126
634,284
634,366
634,134
634,286
634,319
634,147
634,53
634,150
634,152
634,161
634,165
634,166
634,177
634,182
634,194
634,195
634,196
634,198
634,205
634,206
634,207
634,290
634,216
634,225
634,226
634,233
634,87
634,253
634,261
634,10
634,266
634,271
634,369
634,274
634,356
634,279
634,282
634,335
634,202
634,293
634,297
634,299
634,301
634,309
634,314
634,317
634,325
634,329
634,330
634,343
634,353
634,238
634,337
634,354
634,360
634,364
634,368
634,372
634,379
634,384
634,391
634,396
634,398
634,399
634,221
634,117
634,14
634,251
634,11
634,55
634,307
634,240
634,109
634,148
634,209
634,259
634,211
634,4
634,137
634,393
634,258
634,56
634,285
634,149
634,255
634,189
634,245
634,387
634,201
634,52
634,84
634,236
634,327
634,344
634,395
1141,3
1141,160
1141,15
1141,18
1141,173
1141,26
1141,28
1141,94
1141,29
1141,37
1141,39
1141,42
1141,248
1141,44
1141,103
1141,75
1141,72
1141,78
1141,148
1141,81
1141,85
1141,124
1141,98
1141,107
1141,108
1141,113
1141,120
1141,121
1141,123
1141,126
1141,284
1141,319
1141,101
1141,140
1141,147
1141,150
1141,152
1141,156
1141,158
1141,159
1141,176
1141,177
1141,175
1141,171
1141,188
1141,125
1141,198
1141,199
1141,207
1141,290
1141,112
1141,294
1141,233
1141,87
1141,253
1141,260
1141,261
1141,10
1141,266
1141,274
1141,356
1141,280
1141,282
1141,335
1141,202
1141,293
1141,296
1141,299
1141,278
1141,303
1141,314
1141,318
1141,383
1141,83
1141,257
1141,333
1141,353
1141,238
1141,337
1141,360
1141,368
1141,372
1141,310
1141,374
1141,377
1141,376
1141,373
1141,379
1141,396
1141,398
1141,397
1141,117
1141,375
1141,14
1141,172
1141,240
1141,109
1141,209
1141,254
1141,110
1141,244
1141,139
1141,315
1141,393
1141,197
1141,154
1141,189
1141,245
1141,48
1141,351
1141,195
1141,222
1141,344
420,3
420,160
420,18
420,22
420,33
420,256
420,37
420,42
420,85
420,107
420,113
420,126
420,130
420,319
420,101
420,147
420,53
420,177
420,191
420,216
420,257
420,266
420,294
420,299
420,301
420,314
420,253
420,362
420,372
420,377
420,396
420,117
420,73
420,285
420,68
420,36
420,16
420,259
420,94
420,185
420,367
420,217
420,45
420,222
420,331
420,265
420,289
705,2
705,3
705,160
705,22
705,25
705,33
705,256
705,37
705,42
705,44
705,103
705,72
705,212
705,80
705,81
705,96
705,107
705,113
705,123
705,130
705,136
705,161
705,143
705,147
705,53
705,150
705,156
705,157
705,158
705,177
705,64
705,168
705,170
705,195
705,216
705,242
705,264
705,265
705,266
705,273
705,294
705,296
705,299
705,338
705,253
705,376
705,373
705,391
705,396
705,397
705,117
705,73
705,250
705,155
705,236
705,36
705,16
705,118
705,241
705,371
705,340
705,240
705,109
705,148
705,209
705,259
705,254
705,211
705,94
705,1
705,4
705,320
705,185
705,179
705,183
705,47
705,367
705,154
705,115
705,214
705,213
705,46
705,128
705,45
705,302
705,228
705,344
509,41
509,80
509,368
509,246
509,50
509,394
509,395
800,2
800,3
800,160
800,33
800,256
800,40
800,42
800,57
800,212
800,80
800,81
800,91
800,92
800,43
800,107
800,113
800,123
800,319
800,101
800,143
800,147
800,37
800,156
800,158
800,163
800,177
800,64
800,199
800,216
800,265
800,266
800,269
800,291
800,296
800,314
800,318
800,383
800,330
800,338
800,346
800,138
800,70
800,354
800,372
800,377
800,376
800,373
800,379
800,117
800,375
800,155
800,36
800,16
800,371
800,340
800,116
800,393
800,272
800,381
800,50
800,214
800,213
114,25
114,33
114,256
114,37
114,42
114,248
114,57
114,59
114,72
114,212
114,80
114,81
114,85
114,106
114,107
114,113
114,123
114,134
114,319
114,101
114,143
114,147
114,53
114,152
114,156
114,161
114,158
114,166
114,177
114,64
114,170
114,199
114,204
114,207
114,210
114,216
114,242
114,257
114,264
114,265
114,266
114,273
114,294
114,296
114,314
114,338
114,253
114,354
114,372
114,310
114,377
114,376
114,373
114,27
114,391
114,396
114,398
114,399
114,117
114,14
114,285
114,95
114,16
114,241
114,371
114,340
114,259
114,1
114,48
114,179
114,47
114,393
114,272
114,50
114,217
114,189
114,245
114,214
114,213
114,222
114,331
114,289
114,344
1216,3
1216,160
1216,26
1216,166
1216,40
1216,42
1216,248
1216,54
1216,57
1216,270
1216,72
1216,78
1216,148
1216,80
1216,81
1216,82
1216,85
1216,107
1216,113
1216,123
1216,126
1216,130
1216,134
1216,319
1216,101
1216,143
1216,147
1216,37
1216,53
1216,156
1216,158
1216,159
1216,167
1216,177
1216,64
1216,65
1216,66
1216,168
1216,169
1216,170
1216,174
1216,175
1216,171
1216,198
1216,199
1216,207
1216,210
1216,326
1216,242
1216,243
1216,249
1216,266
1216,273
1216,287
1216,299
1216,300
1216,314
1216,353
1216,238
1216,337
1216,376
1216,373
1216,27
1216,391
1216,396
1216,285
1216,241
1216,371
1216,340
1216,52
1216,48
1216,323
1216,56
1216,201
1216,128
1216,380
329,23
329,25
329,26
329,42
329,270
329,80
329,81
329,96
329,106
329,311
329,113
329,127
329,319
329,101
329,158
329,177
329,195
329,198
329,199
329,204
329,207
329,290
329,216
329,153
329,261
329,10
329,265
329,266
329,269
329,281
329,294
329,378
329,325
329,70
329,358
329,310
329,377
329,376
329,373
329,379
329,381
329,51
329,241
329,371
329,340
329,109
329,48
329,212
329,214
329,213
344,3
344,160
344,107
344,113
344,147
344,37
344,152
344,177
344,266
344,396
93,85
93,107
93,123
93,319
93,101
93,161
93,158
93,177
93,198
93,210
93,242
93,265
93,266
93,273
93,372
93,396
93,397
93,250
93,241
93,371
93,340
93,94
93,4
952,13
952,29
952,33
952,256
952,37
952,39
952,42
952,248
952,212
952,78
952,148
952,80
952,81
952,82
952,85
952,108
952,113
952,119
952,291
952,143
952,147
952,158
952,177
952,202
952,206
952,224
952,242
952,257
952,266
952,273
952,294
952,299
952,372
952,391
952,396
952,398
952,251
952,11
952,285
952,241
952,259
952,211
952,94
952,244
952,139
952,393
952,84
952,154
952,214
952,213
952,128
952,289
952,344
1303,80
1303,85
1303,107
1303,113
1303,120
1303,126
1303,143
1303,147
1303,37
1303,152
1303,158
1303,177
1303,64
1303,66
1303,195
1303,202
1303,207
1303,242
1303,264
1303,266
1303,273
1303,294
1303,295
1303,296
1303,299
1303,314
1303,27
1303,353
1303,390
1303,396
1303,117
1303,387
1303,61
1303,388
1303,227
1303,371
1303,340
1303,240
1303,109
1303,148
1303,209
1303,144
1303,71
1303,72
1303,56
1303,189
1303,245
1303,331
1303,265
1303,344
1303,149
1303,395
134,3
134,160
134,15
134,23
134,22
134,30
134,173
134,33
134,256
134,34
134,37
134,42
134,72
134,85
134,105
134,107
134,113
134,123
134,366
134,138
134,319
134,101
134,53
134,157
134,165
134,177
134,170
134,193
134,194
134,198
134,225
134,226
134,233
134,87
134,253
134,266
134,271
134,369
134,297
134,309
134,317
134,318
134,383
134,325
134,329
134,346
134,354
134,360
134,372
134,377
134,379
134,384
134,391
134,14
134,285
134,51
134,155
134,36
134,16
134,259
134,393
134,306
134,307
134,146
134,201
134,52
1133,2
1133,3
1133,160
1133,18
1133,22
1133,29
1133,33
1133,256
1133,37
1133,42
1133,81
1133,106
1133,107
1133,113
1133,147
1133,158
1133,177
1133,169
1133,175
1133,171
1133,193
1133,194
1133,199
1133,204
1133,205
1133,207
1133,216
1133,225
1133,265
1133,266
1133,293
1133,294
1133,297
1133,314
1133,137
1133,391
1133,396
1133,285
1133,155
1133,220
1133,36
1133,16
1133,118
1133,259
1133,94
1133,4
1133,56
1133,222
717,248
717,81
717,107
717,113
717,120
717,123
717,150
717,152
717,158
717,177
717,198
717,206
717,266
717,273
717,314
717,27
717,391
717,396
717,117
717,251
717,11
717,241
717,371
717,340
717,94
717,356
717,5
717,128
717,331
717,265
1315,22
1315,100
1315,108
1315,319
1315,101
1315,159
1315,175
1315,171
1315,10
691,23
691,26
691,33
691,256
691,42
691,212
691,81
691,85
691,107
691,319
691,101
691,158
691,177
691,198
691,204
691,210
691,242
691,265
691,294
691,297
691,340
691,372
691,377
691,379
691,398
691,241
691,371
691,259
691,341
691,106
691,214
691,213
3,113
3,126
3,152
3,177
3,198
3,266
3,71
3,50
936,2
936,3
936,160
936,18
936,22
936,28
936,94
936,33
936,256
936,37
936,248
936,57
936,270
936,72
936,212
936,80
936,85
936,96
936,107
936,113
936,120
936,123
936,126
936,284
936,132
936,134
936,319
936,101
936,143
936,147
936,150
936,152
936,158
936,159
936,177
936,64
936,65
936,66
936,168
936,170
936,174
936,175
936,171
936,188
936,191
936,195
936,199
936,202
936,225
936,231
936,233
936,242
936,243
936,246
936,249
936,257
936,261
936,10
936,266
936,273
936,279
936,293
936,297
936,299
936,313
936,312
936,314
936,316
936,340
936,342
936,253
936,348
936,70
936,353
936,238
936,337
936,360
936,362
936,137
936,376
936,373
936,27
936,396
936,397
936,117
936,73
936,180
936,285
936,181
936,252
936,95
936,51
936,89
936,48
936,155
936,262
936,236
936,304
936,45
936,36
936,16
936,118
936,241
936,307
936,371
936,259
936,4
936,320
936,185
936,179
936,341
936,339
936,323
936,183
936,47
936,393
936,56
936,50
936,146
936,189
936,245
936,214
936,213
936,46
936,206
936,222
936,331
936,265
936,125
936,289
936,12
936,344
936,380
42,18
42,42
42,248
42,212
42,79
42,80
42,81
42,85
42,91
42,92
42,43
42,96
42,107
42,113
42,120
42,123
42,126
42,134
42,319
42,101
42,143
42,147
42,37
42,53
42,158
42,177
42,205
42,242
42,265
42,266
42,273
42,309
42,314
42,325
42,340
42,253
42,348
42,372
42,377
42,376
42,373
42,396
42,397
42,252
42,36
42,16
42,118
42,241
42,371
42,223
42,94
42,336
42,183
42,116
42,214
42,213
42,222
42,331
42,327
146,177
146,145
146,144
146,393
90,23
90,22
90,57
90,80
90,82
90,106
90,130
90,134
90,319
90,101
90,143
90,158
90,159
90,168
90,169
90,170
90,174
90,175
90,171
90,198
90,207
90,210
90,242
90,243
90,246
90,249
90,266
90,273
90,300
90,353
90,113
90,238
90,337
90,360
90,376
90,373
90,27
90,155
90,236
90,36
90,16
90,371
90,340
90,323
90,183
90,47
90,367
90,46
90,45
90,380
163,2
163,3
163,160
163,13
163,15
163,18
163,20
163,21
163,22
163,26
163,29
163,32
163,33
163,256
163,34
163,37
163,40
163,42
163,248
163,57
163,59
163,62
163,67
163,69
163,267
163,72
163,76
163,212
163,78
163,148
163,79
163,80
163,81
163,85
163,93
163,124
163,96
163,100
163,101
163,105
163,106
163,107
163,113
163,120
163,123
163,126
163,127
163,131
163,132
163,133
163,134
163,319
163,143
163,147
163,53
163,150
163,152
163,156
163,157
163,161
163,158
163,162
163,164
163,166
163,177
163,64
163,186
163,191
163,192
163,190
163,194
163,195
163,198
163,199
163,202
163,205
163,207
163,210
163,216
163,224
163,231
163,233
163,242
163,246
163,249
163,257
163,264
163,265
163,266
163,269
163,273
163,275
163,279
163,281
163,292
163,293
163,294
163,295
163,296
163,297
163,298
163,299
163,278
163,301
163,309
163,314
163,316
163,330
163,333
163,338
163,342
163,253
163,346
163,138
163,348
163,353
163,238
163,337
163,354
163,360
163,364
163,137
163,310
163,377
163,376
163,373
163,379
163,27
163,391
163,396
163,397
163,399
163,117
163,73
163,14
163,251
163,11
163,305
163,285
163,252
163,95
163,250
163,220
163,255
163,55
163,145
163,118
163,227
163,241
163,307
163,371
163,340
163,240
163,109
163,209
163,259
163,94
163,1
163,4
163,111
163,244
163,320
163,71
163,135
163,336
163,323
163,183
163,116
163,393
163,321
163,239
163,217
163,201
163,52
163,214
163,213
163,46
163,128
163,343
163,222
163,328
163,247
163,178
163,315
163,125
163,289
163,395
710,29
710,42
710,248
710,212
710,78
710,148
710,80
710,81
710,85
710,100
710,106
710,107
710,113
710,319
710,101
710,143
710,147
710,37
710,157
710,158
710,177
710,66
710,195
710,199
710,204
710,210
710,215
710,242
710,257
710,265
710,266
710,273
710,253
710,368
710,372
710,377
710,27
710,395
710,396
710,117
710,73
710,285
710,241
710,371
710,340
710,94
710,110
710,139
710,247
710,111
710,116
710,393
710,214
710,213
710,222
710,289
561,3
561,160
561,107
561,123
561,319
561,101
561,147
561,37
561,150
561,158
561,177
561,266
561,273
561,396
561,241
561,94
561,1
561,4
1168,212
1168,107
1168,158
1168,377
1168,4
1168,381
1168,214
1168,213
101,113
101,353
101,238
101,337
101,355
54,23
54,26
54,106
54,319
54,101
54,177
54,198
54,204
54,265
54,297
54,346
54,138
54,372
54,379
1065,3
1065,160
1065,18
1065,22
1065,37
1065,212
1065,80
1065,107
1065,132
1065,366
1065,138
1065,319
1065,101
1065,147
1065,53
1065,157
1065,161
1065,158
1065,177
1065,64
1065,175
1065,171
1065,191
1065,199
1065,203
1065,205
1065,206
1065,233
1065,242
1065,261
1065,10
1065,266
1065,269
1065,273
1065,279
1065,293
1065,313
1065,312
1065,346
1065,348
1065,360
1065,368
1065,376
1065,373
1065,27
1065,396
1065,397
1065,117
1065,262
1065,36
1065,16
1065,118
1065,237
1065,241
1065,371
1065,340
1065,94
1065,185
1065,183
1065,201
1065,52
1065,214
1065,213
1065,46
1065,258
1065,125
35,212
35,85
35,106
35,107
35,143
35,158
35,177
35,65
35,242
35,265
35,273
35,291
35,330
35,338
35,354
35,376
35,373
35,396
35,117
35,375
35,393
35,214
35,213
35,125
1244,22
1244,248
1244,62
1244,212
1244,101
1244,107
1244,113
1244,143
1244,152
1244,158
1244,177
1244,199
1244,202
1244,210
1244,266
1244,273
1244,296
1244,299
1244,278
1244,314
1244,354
1244,379
1244,27
1244,396
1244,371
1244,340
1244,393
1244,367
1244,214
1244,213
1244,46
1244,298
1244,222
1244,395
1114,3
1114,160
1114,23
1114,26
1114,33
1114,256
1114,212
1114,101
1114,113
1114,123
1114,319
1114,147
1114,37
1114,150
1114,156
1114,157
1114,158
1114,177
1114,198
1114,204
1114,210
1114,265
1114,266
1114,297
1114,314
1114,338
1114,340
1114,360
1114,372
1114,377
1114,379
1114,396
1114,318
1114,285
1114,241
1114,371
1114,259
1114,48
1114,135
1114,146
1114,214
1114,213
120,27
120,285
120,371
120,340
120,52
120,201
1130,25
1130,42
1130,270
1130,79
1130,108
1130,136
1130,158
1130,175
1130,171
1130,196
1130,204
1130,88
1130,232
1130,243
1130,295
1130,309
1130,330
1130,372
1130,377
1130,285
1130,220
1130,339
1130,241
1130,294
1130,332
1130,239
1130,6
1130,395
1085,2
1085,3
1085,160
1085,22
1085,212
1085,81
1085,124
1085,107
1085,113
1085,123
1085,134
1085,156
1085,157
1085,161
1085,158
1085,177
1085,64
1085,174
1085,175
1085,171
1085,207
1085,242
1085,264
1085,266
1085,273
1085,296
1085,27
1085,396
1085,285
1085,214
1085,213
487,293
487,137
487,220
487,219
1339,2
1339,13
1339,18
1339,20
1339,21
1339,26
1339,29
1339,33
1339,256
1339,37
1339,39
1339,77
1339,78
1339,148
1339,81
1339,234
1339,112
1339,97
1339,106
1339,113
1339,119
1339,291
1339,121
1339,133
1339,134
1339,319
1339,101
1339,140
1339,147
1339,53
1339,165
1339,167
1339,176
1339,63
1339,182
1339,193
1339,194
1339,198
1339,199
1339,207
1339,290
1339,225
1339,231
1339,233
1339,266
1339,279
1339,297
1339,309
1339,314
1339,316
1339,329
1339,83
1339,345
1339,350
1339,195
1339,353
1339,238
1339,337
1339,354
1339,360
1339,368
1339,374
1339,379
1339,396
1339,398
1339,397
1339,117
1339,375
1339,387
1339,14
1339,285
1339,95
1339,155
1339,304
1339,45
1339,36
1339,307
1339,211
1339,135
1339,183
1339,24
1339,23
1339,56
1339,154
1339,47
1339,222
1339,52
1339,344
1283,33
1283,256
1283,40
1283,42
1283,267
1283,212
1283,80
1283,82
1283,85
1283,107
1283,113
1283,123
1283,319
1283,101
1283,158
1283,177
1283,64
1283,242
1283,265
1283,266
1283,273
1283,294
1283,301
1283,309
1283,330
1283,338
1283,354
1283,372
1283,377
1283,391
1283,375
1283,371
1283,340
1283,259
1283,4
1283,387
1283,214
1283,213
419,33
419,256
419,37
419,42
419,81
419,85
419,107
419,113
419,123
419,319
419,101
419,147
419,150
419,161
419,177
419,266
419,293
419,294
419,296
419,250
419,4
419,289
211,22
211,28
211,94
211,33
211,256
211,37
211,42
211,212
211,81
211,85
211,107
211,113
211,126
211,147
211,53
211,177
211,63
211,64
211,66
211,192
211,194
211,199
211,202
211,205
211,206
211,326
211,233
211,266
211,279
211,293
211,294
211,278
211,309
211,325
211,253
211,360
211,372
211,396
211,73
211,180
211,285
211,262
211,36
211,276
211,48
211,336
211,222
211,10
1120,4
307,7
307,22
307,32
307,212
307,81
307,107
307,108
307,113
307,120
307,123
307,126
307,284
307,319
307,101
307,143
307,147
307,37
307,53
307,158
307,64
307,202
307,205
307,233
307,242
307,266
307,273
307,275
307,279
307,299
307,278
307,309
307,316
307,353
307,238
307,337
307,372
307,376
307,373
307,395
307,396
307,397
307,180
307,61
307,305
307,285
307,181
307,151
307,155
307,255
307,304
307,45
307,36
307,16
307,172
307,241
307,371
307,340
307,223
307,94
307,185
307,336
307,183
307,393
307,56
307,367
307,277
307,146
307,394
307,154
307,214
307,213
307,46
307,328
697,13
697,23
697,26
697,28
697,94
697,29
697,248
697,81
697,234
697,112
697,100
697,107
697,108
697,113
697,121
697,126
697,366
697,319
697,101
697,143
697,147
697,37
697,53
697,158
697,176
697,177
697,64
697,182
697,195
697,198
697,199
697,210
697,224
697,242
697,260
697,261
697,10
697,266
697,273
697,296
697,83
697,346
697,138
697,70
697,354
697,368
697,379
697,396
697,398
697,397
697,117
697,14
697,241
697,371
697,340
697,123
697,4
697,11
697,139
697,135
697,183
697,315
697,393
697,50
697,394
697,395
697,274
697,222
697,344
535,3
535,160
535,23
535,29
535,37
535,40
535,248
535,57
535,69
535,267
535,72
535,212
535,78
535,148
535,80
535,85
535,107
535,113
535,120
535,123
535,126
535,129
535,319
535,101
535,143
535,147
535,53
535,150
535,152
535,158
535,165
535,176
535,177
535,64
535,170
535,194
535,196
535,198
535,199
535,202
535,203
535,205
535,207
535,210
535,242
535,87
535,253
535,265
535,266
535,273
535,293
535,294
535,296
535,299
535,303
535,314
535,337
535,333
535,354
535,368
535,137
535,310
535,377
535,376
535,373
535,379
535,391
535,396
535,117
535,61
535,262
535,219
535,227
535,241
535,371
535,340
535,71
535,94
535,1
535,5
535,24
535,332
535,73
535,56
535,351
535,195
535,214
535,213
535,128
535,302
535,228
535,12
535,149
535,6
535,395
1248,3
1248,160
1248,22
1248,32
1248,33
1248,256
1248,37
1248,42
1248,248
1248,54
1248,270
1248,69
1248,212
1248,80
1248,81
1248,85
1248,96
1248,107
1248,113
1248,120
1248,284
1248,134
1248,319
1248,101
1248,143
1248,147
1248,53
1248,158
1248,177
1248,64
1248,66
1248,170
1248,175
1248,171
1248,191
1248,192
1248,194
1248,195
1248,196
1248,199
1248,203
1248,205
1248,206
1248,326
1248,233
1248,242
1248,243
1248,266
1248,269
1248,273
1248,279
1248,294
1248,297
1248,314
1248,325
1248,329
1248,253
1248,348
1248,360
1248,137
1248,377
1248,376
1248,373
1248,27
1248,396
1248,117
1248,73
1248,322
1248,285
1248,252
1248,89
1248,48
1248,155
1248,304
1248,45
1248,36
1248,16
1248,118
1248,241
1248,371
1248,340
1248,259
1248,94
1248,1
1248,4
1248,320
1248,323
1248,116
1248,393
1248,321
1248,56
1248,214
1248,213
1248,222
1248,289
1248,380
1139,18
1139,137
1139,118
875,3
875,160
875,113
875,319
875,101
875,152
875,177
875,207
875,266
875,296
875,354
875,364
875,14
875,254
875,29
875,56
875,351
875,195
875,71
875,208
423,33
423,256
423,212
423,91
423,92
423,43
423,96
423,106
423,311
423,127
423,207
423,290
423,153
423,266
423,281
423,378
423,314
423,353
423,113
423,238
423,337
423,358
423,372
423,310
423,377
423,376
423,373
423,27
423,241
423,381
423,277
423,278
423,48
423,214
423,213
1298,0
1298,3
1298,23
1298,25
1298,32
1298,311
1298,63
1298,198
1298,266
1298,295
1298,378
1298,337
1298,350
1298,195
1298,368
1298,379
1298,391
1298,396
1298,60
1298,262
1282,3
1282,160
1282,113
1282,122
1282,147
1282,37
1282,177
1282,266
1282,371
1282,340
1282,4
1282,9
734,21
734,29
734,33
734,256
734,37
734,42
734,248
734,59
734,212
734,80
734,107
734,113
734,134
734,147
734,158
734,177
734,169
734,170
734,199
734,202
734,229
734,233
734,257
734,265
734,273
734,279
734,299
734,301
734,309
734,314
734,330
734,83
734,338
734,360
734,372
734,310
734,376
734,373
734,27
734,391
734,285
734,255
734,118
734,371
734,340
734,111
734,244
734,336
734,189
734,245
734,214
734,213
734,46
734,222
734,258
734,221
725,22
725,59
725,212
725,284
725,177
725,207
725,216
725,265
725,273
725,301
725,377
725,27
725,185
725,151
725,214
725,213
725,46
1230,22
1230,81
1230,126
1230,319
1230,101
1230,147
1230,37
1230,158
1230,177
1230,191
1230,242
1230,266
1230,314
1230,307
1230,371
1230,340
1230,259
1230,256
1230,183
1230,212
1230,47
1230,306
1230,222
937,3
937,160
937,22
937,29
937,33
937,256
937,37
937,40
937,248
937,270
937,212
937,80
937,81
937,82
937,85
937,298
937,96
937,107
937,113
937,123
937,126
937,134
937,319
937,101
937,143
937,147
937,53
937,158
937,177
937,175
937,171
937,199
937,231
937,242
937,257
937,266
937,269
937,273
937,279
937,278
937,300
937,309
937,325
937,338
937,253
937,348
937,360
937,372
937,52
937,377
937,27
937,396
937,73
937,285
937,172
937,241
937,371
937,340
937,154
937,94
937,393
937,201
937,214
937,213
937,222
937,289
1109,3
1109,160
1109,18
1109,23
1109,22
1109,25
1109,28
1109,94
1109,29
1109,32
1109,33
1109,256
1109,34
1109,42
1109,60
1109,59
1109,270
1109,67
1109,72
1109,212
1109,79
1109,80
1109,81
1109,85
1109,91
1109,92
1109,43
1109,100
1109,101
1109,107
1109,311
1109,113
1109,120
1109,123
1109,126
1109,129
1109,131
1109,284
1109,134
1109,319
1109,143
1109,147
1109,37
1109,53
1109,150
1109,152
1109,156
1109,158
1109,163
1109,177
1109,170
1109,182
1109,198
1109,199
1109,203
1109,207
1109,210
1109,216
1109,35
1109,291
1109,272
1109,294
1109,242
1109,87
1109,253
1109,257
1109,261
1109,10
1109,264
1109,266
1109,273
1109,275
1109,281
1109,293
1109,295
1109,296
1109,299
1109,301
1109,309
1109,378
1109,314
1109,318
1109,383
1109,330
1109,83
1109,338
1109,340
1109,342
1109,70
1109,353
1109,238
1109,337
1109,354
1109,358
1109,361
1109,364
1109,368
1109,137
1109,372
1109,376
1109,373
1109,379
1109,27
1109,391
1109,395
1109,396
1109,398
1109,221
1109,117
1109,73
1109,14
1109,285
1109,68
1109,250
1109,365
1109,220
1109,118
1109,241
1109,371
1109,259
1109,254
1109,211
1109,149
1109,355
1109,320
1109,324
1109,24
1109,393
1109,218
1109,217
1109,321
1109,258
1109,239
1109,394
1109,189
1109,245
1109,351
1109,195
1109,214
1109,213
1109,222
1109,178
1109,93
1109,125
1109,363
1109,12
1109,344
306,2
306,7
306,23
306,26
306,38
306,248
306,212
306,80
306,113
306,126
306,130
306,132
306,143
306,152
306,158
306,163
306,177
306,64
306,66
306,175
306,171
306,194
306,195
306,198
306,199
306,205
306,210
306,232
306,263
306,266
306,273
306,297
306,300
306,314
306,83
306,137
306,379
306,27
306,391
306,396
306,398
306,221
306,255
306,241
306,371
306,340
306,240
306,109
306,148
306,209
306,211
306,151
306,214
306,213
306,319
306,101
306,354
306,285
306,56
722,2
722,3
722,160
722,23
722,22
722,26
722,29
722,33
722,256
722,37
722,40
722,42
722,248
722,57
722,62
722,69
722,72
722,77
722,212
722,78
722,148
722,80
722,81
722,85
722,124
722,107
722,113
722,120
722,121
722,123
722,126
722,131
722,284
722,133
722,319
722,101
722,143
722,147
722,53
722,150
722,152
722,158
722,159
722,164
722,176
722,177
722,63
722,64
722,65
722,194
722,196
722,198
722,199
722,204
722,205
722,207
722,210
722,225
722,326
722,232
722,242
722,87
722,253
722,263
722,153
722,266
722,273
722,293
722,294
722,299
722,278
722,308
722,309
722,313
722,312
722,314
722,325
722,329
722,346
722,138
722,348
722,353
722,238
722,337
722,354
722,360
722,364
722,368
722,137
722,377
722,376
722,373
722,379
722,382
722,381
722,27
722,391
722,396
722,399
722,117
722,285
722,220
722,236
722,255
722,304
722,45
722,103
722,322
722,36
722,16
722,241
722,371
722,340
722,259
722,94
722,327
722,109
722,144
722,48
722,359
722,288
722,289
722,336
722,183
722,141
722,393
722,332
722,73
722,367
722,239
722,274
722,115
722,351
722,195
722,214
722,213
722,46
722,128
722,302
722,228
722,222
722,54
886,7
886,22
886,26
886,60
886,69
886,212
886,80
886,107
886,113
886,133
886,138
886,319
886,101
886,142
886,158
886,177
886,64
886,198
886,204
886,210
886,242
886,266
886,273
886,314
886,354
886,379
886,396
886,399
886,285
886,36
886,16
886,241
886,371
886,340
886,259
886,256
886,201
886,52
886,47
886,214
886,213
886,46
1314,0
1314,3
1314,160
1314,29
1314,107
1314,319
1314,101
1314,147
1314,37
1314,53
1314,152
1314,177
1314,175
1314,171
1314,207
1314,266
1314,282
1314,335
1314,202
1314,295
1314,297
1314,83
1314,353
1314,113
1314,238
1314,337
1314,354
1314,379
1314,384
1314,396
1314,235
1314,1
1314,56
1314,4
1314,351
1314,195
1314,150
1314,2
1314,363
1314,299
621,23
621,25
621,26
621,29
621,33
621,256
621,37
621,38
621,42
621,60
621,59
621,69
621,72
621,212
621,78
621,148
621,85
621,102
621,107
621,113
621,114
621,344
621,126
621,129
621,284
621,134
621,319
621,101
621,143
621,147
621,158
621,165
621,177
621,65
621,175
621,171
621,198
621,199
621,204
621,205
621,207
621,210
621,216
621,224
621,229
621,242
621,261
621,10
621,265
621,266
621,273
621,274
621,356
621,292
621,293
621,296
621,299
621,278
621,301
621,308
621,309
621,314
621,330
621,83
621,337
621,338
621,343
621,350
621,195
621,352
621,353
621,238
621,354
621,358
621,368
621,137
621,372
621,310
621,377
621,379
621,396
621,398
621,397
621,399
621,117
621,14
621,251
621,11
621,285
621,220
621,219
621,118
621,241
621,371
621,340
621,235
621,259
621,71
621,110
621,119
621,247
621,111
621,295
621,359
621,288
621,289
621,324
621,393
621,149
621,277
621,86
621,351
621,214
621,213
621,106
621,302
621,228
621,125
621,94
621,363
621,1
621,395
516,23
516,22
516,25
516,26
516,29
516,33
516,256
516,37
516,248
516,54
516,267
516,72
516,80
516,81
516,82
516,100
516,107
516,113
516,123
516,126
516,284
516,319
516,101
516,147
516,156
516,161
516,158
516,166
516,177
516,64
516,175
516,171
516,187
516,192
516,193
516,198
516,199
516,207
516,88
516,253
516,42
516,242
516,87
516,266
516,273
516,293
516,294
516,296
516,301
516,309
516,311
516,378
516,314
516,325
516,330
516,350
516,195
516,352
516,353
516,238
516,337
516,354
516,137
516,374
516,376
516,373
516,379
516,27
516,391
516,396
516,398
516,310
516,220
516,219
516,241
516,371
516,340
516,259
516,272
516,146
516,86
516,85
516,351
516,201
516,52
516,46
516,128
516,222
1326,3
1326,160
1326,13
1326,21
1326,26
1326,28
1326,94
1326,29
1326,33
1326,256
1326,37
1326,39
1326,40
1326,42
1326,248
1326,267
1326,72
1326,77
1326,212
1326,78
1326,148
1326,80
1326,81
1326,97
1326,107
1326,108
1326,113
1326,119
1326,291
1326,120
1326,123
1326,126
1326,127
1326,319
1326,101
1326,143
1326,147
1326,53
1326,158
1326,176
1326,177
1326,64
1326,190
1326,198
1326,202
1326,207
1326,290
1326,224
1326,326
1326,231
1326,242
1326,87
1326,253
1326,263
1326,266
1326,273
1326,274
1326,356
1326,283
1326,293
1326,294
1326,299
1326,314
1326,315
1326,329
1326,83
1326,338
1326,342
1326,345
1326,70
1326,364
1326,368
1326,238
1326,374
1326,376
1326,373
1326,27
1326,391
1326,396
1326,397
1326,117
1326,375
1326,61
1326,349
1326,99
1326,14
1326,305
1326,285
1326,103
1326,255
1326,36
1326,241
1326,371
1326,340
1326,259
1326,254
1326,4
1326,110
1326,111
1326,11
1326,244
1326,5
1326,100
1326,341
1326,336
1326,154
1326,393
1326,332
1326,73
1326,84
1326,394
1326,395
1326,351
1326,195
1326,214
1326,213
1326,128
1326,222
1326,247
1326,12
1326,344
1164,7
1164,15
1164,23
1164,26
1164,60
1164,105
1164,107
1164,113
1164,133
1164,366
1164,138
1164,319
1164,101
1164,53
1164,152
1164,177
1164,198
1164,326
1164,233
1164,266
1164,279
1164,293
1164,303
1164,314
1164,83
1164,346
1164,360
1164,361
1164,364
1164,137
1164,379
1164,391
1164,396
1164,324
1164,332
1164,73
1164,367
1164,178
1164,93
1074,22
1074,72
1074,212
1074,78
1074,148
1074,81
1074,91
1074,92
1074,43
1074,113
1074,126
1074,284
1074,134
1074,319
1074,101
1074,53
1074,158
1074,168
1074,169
1074,170
1074,175
1074,171
1074,198
1074,199
1074,205
1074,207
1074,210
1074,294
1074,242
1074,266
1074,273
1074,287
1074,293
1074,337
1074,361
1074,362
1074,377
1074,376
1074,373
1074,379
1074,27
1074,396
1074,375
1074,172
1074,241
1074,371
1074,340
1074,285
1074,24
1074,23
1074,214
1074,213
1074,222
161,3
161,160
161,23
161,22
161,25
161,29
161,40
161,42
161,75
161,72
161,212
161,78
161,148
161,80
161,82
161,123
161,126
161,130
161,134
161,319
161,101
161,143
161,53
161,158
161,159
161,177
161,64
161,168
161,169
161,170
161,174
161,175
161,171
161,198
161,199
161,207
161,210
161,242
161,243
161,261
161,10
161,266
161,273
161,274
161,356
161,287
161,293
161,300
161,308
161,317
161,325
161,337
161,353
161,113
161,238
161,360
161,362
161,376
161,373
161,379
161,27
161,389
161,390
161,396
161,375
161,220
161,219
161,172
161,371
161,340
161,336
161,56
161,115
161,46
161,128
161,222
426,3
426,160
426,7
426,23
426,25
426,28
426,94
426,29
426,33
426,256
426,37
426,42
426,248
426,54
426,62
426,69
426,212
426,79
426,81
426,82
426,85
426,100
426,106
426,107
426,113
426,120
426,130
426,133
426,319
426,101
426,143
426,147
426,53
426,161
426,158
426,177
426,64
426,49
426,169
426,170
426,186
426,194
426,198
426,202
426,207
426,210
426,215
426,216
426,224
426,272
426,242
426,87
426,253
426,264
426,266
426,273
426,275
426,279
426,280
426,293
426,294
426,297
426,299
426,278
426,309
426,314
426,325
426,338
426,360
426,368
426,137
426,376
426,373
426,391
426,396
426,397
426,117
426,73
426,155
426,220
426,219
426,36
426,118
426,241
426,371
426,340
426,240
426,259
426,4
426,111
426,109
426,355
426,359
426,288
426,289
426,336
426,183
426,332
426,239
426,217
426,351
426,195
426,9
426,214
426,213
426,46
426,128
426,222
426,327
167,23
167,22
167,29
167,31
167,32
167,33
167,256
167,37
167,38
167,40
167,75
167,60
167,72
167,212
167,78
167,148
167,81
167,107
167,113
167,123
167,126
167,319
167,101
167,53
167,159
167,63
167,41
167,64
167,65
167,66
167,175
167,171
167,194
167,198
167,199
167,205
167,207
167,210
167,225
167,326
167,232
167,261
167,10
167,266
167,287
167,303
167,308
167,309
167,314
167,317
167,316
167,325
167,83
167,337
167,70
167,354
167,360
167,361
167,362
167,377
167,376
167,373
167,379
167,27
167,389
167,390
167,396
167,375
167,180
167,387
167,14
167,285
167,388
167,262
167,327
167,236
167,16
167,339
167,336
167,24
167,56
167,86
167,85
167,46
167,222
903,2
903,3
903,160
903,126
903,131
903,319
903,101
903,158
903,177
903,198
903,210
903,266
903,273
903,352
903,220
903,240
903,109
903,148
903,209
903,324
903,137
903,24
903,23
903,380
21,42
21,81
21,107
21,113
21,127
21,147
21,37
21,177
21,198
21,58
21,266
21,293
21,343
21,372
21,310
21,377
21,375
21,285
21,189
21,245
579,3
579,160
579,18
579,23
579,26
579,28
579,94
579,31
579,33
579,256
579,34
579,248
579,75
579,54
579,60
579,80
579,85
579,107
579,113
579,114
579,344
579,127
579,130
579,131
579,138
579,319
579,101
579,143
579,147
579,37
579,53
579,152
579,158
579,177
579,49
579,175
579,171
579,198
579,202
579,207
579,210
579,224
579,242
579,266
579,273
579,276
579,278
579,293
579,294
579,299
579,301
579,314
579,83
579,340
579,350
579,195
579,352
579,353
579,238
579,337
579,360
579,364
579,137
579,372
579,379
579,27
579,384
579,391
579,396
579,73
579,258
579,220
579,236
579,255
579,241
579,371
579,240
579,109
579,148
579,209
579,259
579,355
579,324
579,24
579,218
579,217
579,277
579,239
579,394
579,395
579,214
579,213
579,46
36,2
36,7
36,212
36,81
36,107
36,113
36,130
36,132
36,319
36,101
36,53
36,158
36,177
36,64
36,66
36,198
36,199
36,224
36,242
36,264
36,266
36,273
36,297
36,300
36,83
36,337
36,27
36,391
36,396
36,398
36,251
36,11
36,255
36,241
36,371
36,340
36,211
36,94
36,137
36,151
36,351
36,195
36,9
36,214
36,213
558,23
558,198
558,199
558,207
558,266
558,354
558,396
558,50
558,115
889,126
889,132
889,152
889,63
889,207
889,354
889,238
889,115
882,3
882,160
882,23
882,26
882,29
882,33
882,256
882,37
882,42
882,59
882,72
882,212
882,78
882,148
882,80
882,82
882,106
882,107
882,114
882,344
882,123
882,284
882,319
882,101
882,143
882,147
882,158
882,165
882,177
882,198
882,204
882,210
882,215
882,242
882,264
882,265
882,266
882,273
882,274
882,356
882,293
882,294
882,296
882,278
882,301
882,314
882,330
882,83
882,338
882,340
882,350
882,195
882,352
882,368
882,238
882,372
882,377
882,379
882,392
882,396
882,398
882,285
882,151
882,220
882,55
882,241
882,371
882,247
882,111
882,295
882,324
882,137
882,218
882,217
882,277
882,214
882,213
882,102
882,1
589,3
589,160
589,23
589,37
589,59
589,212
589,107
589,122
589,126
589,284
589,319
589,101
589,53
589,165
589,177
589,198
589,204
589,205
589,207
589,216
589,266
589,293
589,278
589,301
589,314
589,330
589,350
589,195
589,352
589,354
589,238
589,377
589,398
589,399
589,285
589,220
589,8
589,221
589,259
589,256
589,324
589,137
589,86
589,85
589,351
589,106
1063,7
1063,23
1063,22
1063,26
1063,60
1063,212
1063,78
1063,148
1063,85
1063,107
1063,123
1063,126
1063,131
1063,284
1063,134
1063,319
1063,101
1063,53
1063,152
1063,156
1063,159
1063,177
1063,63
1063,65
1063,168
1063,169
1063,170
1063,174
1063,175
1063,171
1063,198
1063,207
1063,210
1063,242
1063,266
1063,293
1063,309
1063,314
1063,316
1063,83
1063,337
1063,361
1063,379
1063,27
1063,385
1063,386
1063,389
1063,390
1063,396
1063,73
1063,14
1063,181
1063,365
1063,220
1063,327
1063,236
1063,341
1063,219
1063,36
1063,172
1063,371
1063,340
1063,336
1063,323
1063,56
1063,146
1063,189
1063,245
1063,48
1063,351
1063,195
1063,222
1063,380
1163,3
1163,160
1163,28
1163,94
1163,33
1163,256
1163,85
1163,113
1163,147
1163,37
1163,177
1163,198
1163,204
1163,266
1163,297
1163,301
1163,396
1163,220
1163,221
696,2
696,3
696,160
696,23
696,26
696,28
696,94
696,59
696,270
696,212
696,81
696,96
696,107
696,113
696,123
696,126
696,284
696,319
696,101
696,147
696,37
696,150
696,156
696,161
696,158
696,177
696,64
696,198
696,204
696,207
696,210
696,326
696,265
696,266
696,273
696,296
696,297
696,314
696,354
696,137
696,372
696,376
696,373
696,379
696,396
696,220
696,241
696,240
696,109
696,148
696,209
696,1
696,4
696,48
696,214
696,213
696,327
696,325
337,3
337,160
337,7
337,18
337,23
337,22
337,32
337,33
337,256
337,37
337,40
337,42
337,248
337,54
337,57
337,81
337,234
337,112
337,100
337,106
337,107
337,113
337,126
337,127
337,319
337,101
337,143
337,147
337,53
337,158
337,167
337,177
337,64
337,65
337,194
337,195
337,198
337,199
337,202
337,207
337,210
337,215
337,58
337,242
337,257
337,261
337,10
337,266
337,273
337,281
337,293
337,296
337,314
337,253
337,352
337,137
337,310
337,377
337,376
337,373
337,379
337,27
337,396
337,398
337,397
337,117
337,73
337,285
337,220
337,255
337,304
337,45
337,241
337,371
337,340
337,240
337,109
337,148
337,209
337,94
337,1
337,135
337,183
337,47
337,393
337,258
337,367
337,217
337,189
337,245
337,46
337,222
337,247
337,327
337,325
621,3
621,160
621,7
621,17
621,18
621,20
621,28
621,34
621,248
621,75
621,57
621,67
621,76
621,77
621,79
621,81
621,82
621,91
621,92
621,43
621,124
621,104
621,120
621,122
621,123
621,131
621,132
621,53
621,152
621,156
621,157
621,161
621,162
621,166
621,41
621,64
621,169
621,170
621,190
621,196
621,215
621,35
621,291
621,317
621,246
621,200
621,269
621,275
621,303
621,311
621,378
621,318
621,383
621,342
621,361
621,376
621,373
621,382
621,381
621,27
621,392
621,250
621,258
621,8
621,221
621,255
621,55
621,145
621,339
621,307
621,103
621,2
621,218
621,217
621,197
621,56
621,239
621,146
621,189
621,245
621,362
621,6
724,23
724,26
724,32
724,42
724,212
724,80
724,107
724,113
724,123
724,158
724,177
724,198
724,204
724,210
724,216
724,266
724,273
724,296
724,354
724,372
724,379
724,396
724,220
724,241
724,371
724,340
724,24
724,214
724,213
724,344
1176,3
1176,160
1176,29
1176,33
1176,256
1176,248
1176,72
1176,74
1176,212
1176,80
1176,85
1176,102
1176,126
1176,152
1176,158
1176,177
1176,64
1176,66
1176,216
1176,242
1176,266
1176,273
1176,297
1176,299
1176,352
1176,353
1176,113
1176,238
1176,337
1176,376
1176,373
1176,27
1176,396
1176,285
1176,220
1176,219
1176,241
1176,371
1176,340
1176,94
1176,183
1176,214
1176,213
1176,343
464,2
464,3
464,160
464,18
464,23
464,26
464,28
464,94
464,29
464,33
464,256
464,37
464,42
464,248
464,57
464,72
464,77
464,212
464,80
464,81
464,85
464,96
464,100
464,107
464,113
464,120
464,123
464,136
464,147
464,150
464,157
464,161
464,158
464,177
464,175
464,171
464,195
464,198
464,199
464,204
464,205
464,210
464,216
464,326
464,242
464,257
464,265
464,266
464,273
464,294
464,314
464,325
464,83
464,338
464,253
464,354
464,238
464,137
464,372
464,377
464,376
464,373
464,379
464,27
464,396
464,397
464,73
464,220
464,219
464,241
464,371
464,340
464,1
464,4
464,106
464,135
464,274
464,115
464,48
464,214
464,213
464,222
464,208
464,327
464,289
464,344
690,2
690,3
690,160
690,212
690,96
690,107
690,113
690,123
690,319
690,101
690,147
690,37
690,150
690,161
690,158
690,177
690,198
690,205
690,290
690,243
690,273
690,338
690,372
690,379
690,27
690,396
690,241
690,371
690,340
690,94
690,323
690,214
690,213
888,3
888,160
888,29
888,107
888,152
888,207
888,266
888,297
888,353
888,113
888,238
888,337
888,354
888,396
888,1
888,56
888,363
888,299
945,22
945,75
945,198
945,207
945,297
945,314
945,337
945,336
945,24
945,23
650,3
650,160
650,33
650,256
650,57
650,212
650,80
650,107
650,113
650,129
650,319
650,101
650,158
650,167
650,177
650,204
650,242
650,264
650,265
650,266
650,273
650,330
650,364
650,372
650,399
650,36
650,371
650,340
650,259
650,179
650,190
650,367
650,47
650,214
650,213
650,128
650,289
1103,22
1103,212
1103,82
1103,113
1103,134
1103,147
1103,37
1103,53
1103,150
1103,158
1103,159
1103,177
1103,170
1103,175
1103,171
1103,187
1103,193
1103,273
1103,279
1103,314
1103,360
1103,377
1103,398
1103,397
1103,55
1103,16
1103,241
1103,371
1103,340
1103,183
1103,214
1103,213
1103,46
1103,298
45,177
45,216
45,265
45,144
45,347
45,293
857,32
857,42
857,106
857,113
857,126
857,319
857,101
857,177
857,65
857,198
857,199
857,204
857,207
857,210
857,266
857,273
857,314
857,350
857,195
857,27
857,396
857,387
857,89
857,48
857,388
857,56
857,115
857,327
857,325
1052,2
1052,3
1052,160
1052,18
1052,21
1052,22
1052,29
1052,33
1052,256
1052,34
1052,37
1052,42
1052,248
1052,57
1052,59
1052,270
1052,267
1052,212
1052,78
1052,148
1052,80
1052,81
1052,85
1052,97
1052,100
1052,101
1052,106
1052,107
1052,113
1052,120
1052,123
1052,133
1052,134
1052,136
1052,319
1052,143
1052,147
1052,53
1052,150
1052,156
1052,157
1052,161
1052,158
1052,162
1052,164
1052,165
1052,167
1052,176
1052,177
1052,64
1052,182
1052,186
1052,187
1052,193
1052,194
1052,195
1052,198
1052,199
1052,202
1052,210
1052,215
1052,216
1052,231
1052,184
1052,242
1052,263
1052,257
1052,261
1052,10
1052,264
1052,265
1052,266
1052,269
1052,273
1052,279
1052,280
1052,281
1052,293
1052,294
1052,296
1052,299
1052,278
1052,314
1052,315
1052,325
1052,329
1052,346
1052,138
1052,360
1052,364
1052,368
1052,369
1052,137
1052,372
1052,376
1052,373
1052,379
1052,27
1052,391
1052,396
1052,398
1052,397
1052,117
1052,73
1052,180
1052,14
1052,251
1052,11
1052,285
1052,250
1052,51
1052,388
1052,304
1052,45
1052,36
1052,16
1052,118
1052,241
1052,371
1052,340
1052,170
1052,240
1052,109
1052,209
1052,259
1052,211
1052,94
1052,1
1052,4
1052,111
1052,244
1052,5
1052,247
1052,48
1052,71
1052,72
1052,245
1052,135
1052,183
1052,47
1052,272
1052,321
1052,239
1052,146
1052,274
1052,99
1052,189
1052,102
1052,214
1052,213
1052,46
1052,128
1052,343
1052,222
1052,125
1052,327
1052,344
1052,395
959,23
959,198
987,3
987,160
987,15
987,18
987,21
987,23
987,22
987,30
987,173
987,25
987,26
987,28
987,94
987,29
987,32
987,37
987,38
987,60
987,72
987,77
987,212
987,78
987,148
987,79
987,81
987,82
987,91
987,92
987,43
987,93
987,105
987,104
987,107
987,113
987,114
987,344
987,123
987,126
987,127
987,130
987,131
987,284
987,133
987,366
987,134
987,136
987,138
987,286
987,319
987,101
987,53
987,150
987,152
987,156
987,159
987,164
987,176
987,177
987,66
987,168
987,170
987,175
987,171
987,182
987,194
987,196
987,198
987,199
987,204
987,207
987,225
987,233
987,243
987,246
987,261
987,10
987,266
987,271
987,369
987,274
987,356
987,287
987,293
987,296
987,297
987,298
987,299
987,300
987,309
987,311
987,378
987,313
987,312
987,314
987,318
987,383
987,325
987,83
987,346
987,348
987,350
987,195
987,352
987,353
987,238
987,337
987,354
987,358
987,360
987,364
987,368
987,370
987,137
987,310
987,379
987,384
987,391
987,396
987,398
987,117
987,73
987,180
987,327
987,339
987,240
987,109
987,209
987,211
987,1
987,144
987,179
987,341
987,336
987,323
987,151
987,393
987,306
987,307
987,239
987,222
987,178
116,18
116,248
116,72
116,80
116,85
116,100
116,107
116,113
116,120
116,126
116,134
116,319
116,101
116,143
116,147
116,37
116,158
116,177
116,198
116,207
116,210
116,242
116,266
116,273
116,137
116,27
116,117
116,305
116,145
116,227
116,371
116,340
116,259
116,256
116,4
116,144
116,116
116,393
116,50
116,302
116,228
116,222
116,331
116,265
116,395
1312,3
1312,160
1312,18
1312,20
1312,33
1312,256
1312,37
1312,42
1312,57
1312,270
1312,80
1312,81
1312,96
1312,107
1312,120
1312,123
1312,319
1312,101
1312,147
1312,158
1312,205
1312,206
1312,257
1312,266
1312,273
1312,293
1312,294
1312,314
1312,253
1312,396
1312,397
1312,51
1312,304
1312,45
1312,36
1312,241
1312,371
1312,340
1312,259
1312,94
1312,4
1312,179
1312,12
195,3
195,160
195,26
195,37
195,57
195,212
195,81
195,91
195,92
195,43
195,96
195,106
195,311
195,319
195,101
195,147
195,158
195,196
195,198
195,204
195,207
195,290
195,326
195,266
195,273
195,281
195,297
195,378
195,314
195,83
195,307
195,353
195,113
195,238
195,337
195,358
195,137
195,310
195,377
195,376
195,373
195,379
195,27
195,117
195,322
195,51
195,241
195,371
195,340
195,320
195,48
195,306
195,381
195,321
488,29
488,42
488,267
488,113
488,120
488,147
488,37
488,152
488,177
488,257
488,266
488,314
488,379
488,220
488,50
488,222
488,270
488,158
488,273
488,27
488,219
488,371
488,340
997,2
997,3
997,160
997,18
997,22
997,25
997,32
997,33
997,256
997,37
997,40
997,42
997,248
997,57
997,270
997,67
997,69
997,267
997,212
997,80
997,81
997,85
997,96
997,105
997,107
997,113
997,123
997,126
997,130
997,284
997,134
997,319
997,101
997,143
997,147
997,53
997,152
997,161
997,158
997,159
997,177
997,64
997,65
997,66
997,175
997,171
997,190
997,194
997,195
997,199
997,202
997,203
997,205
997,225
997,231
997,233
997,242
997,257
997,261
997,10
997,265
997,266
997,273
997,279
997,293
997,294
997,297
997,298
997,299
997,278
997,300
997,308
997,309
997,314
997,316
997,253
997,348
997,70
997,360
997,137
997,372
997,377
997,27
997,396
997,397
997,117
997,73
997,285
997,95
997,250
997,89
997,48
997,155
997,262
997,55
997,304
997,45
997,36
997,16
997,118
997,241
997,371
997,340
997,259
997,94
997,1
997,185
997,341
997,135
997,336
997,183
997,151
997,47
997,116
997,393
997,277
997,217
997,146
997,192
997,189
997,245
997,201
997,52
997,214
997,213
997,46
997,206
997,222
997,125
997,395
580,22
580,26
580,75
580,60
580,72
580,85
580,126
580,138
580,319
580,101
580,53
580,152
580,177
580,63
580,66
580,175
580,171
580,198
580,207
580,210
580,297
580,314
580,317
580,354
580,379
580,389
580,396
580,399
580,73
580,14
580,285
580,371
580,340
580,259
580,256
580,336
580,24
580,23
580,218
580,217
580,56
580,46
291,2
291,3
291,160
291,37
291,248
291,80
291,107
291,113
291,120
291,123
291,319
291,101
291,143
291,147
291,53
291,150
291,158
291,177
291,170
291,191
291,194
291,225
291,266
291,273
291,313
291,312
291,314
291,376
291,373
291,396
291,117
291,241
291,371
291,340
291,259
291,256
291,211
291,5
291,183
291,47
291,272
291,343
291,222
291,327
291,325
291,344
1162,248
1162,212
1162,85
1162,100
1162,107
1162,113
1162,158
1162,177
1162,242
1162,273
1162,372
1162,117
1162,357
1162,247
1162,5
1162,214
1162,213
1162,222
1162,344
1273,3
1273,160
1273,23
1273,22
1273,26
1273,28
1273,94
1273,33
1273,256
1273,37
1273,42
1273,248
1273,57
1273,59
1273,67
1273,72
1273,212
1273,79
1273,80
1273,81
1273,85
1273,234
1273,112
1273,100
1273,106
1273,107
1273,113
1273,123
1273,126
1273,127
1273,284
1273,132
1273,319
1273,101
1273,147
1273,158
1273,167
1273,177
1273,194
1273,198
1273,199
1273,216
1273,88
1273,253
1273,294
1273,58
1273,261
1273,10
1273,266
1273,273
1273,293
1273,296
1273,278
1273,301
1273,314
1273,330
1273,83
1273,337
1273,340
1273,70
1273,361
1273,377
1273,376
1273,373
1273,27
1273,395
1273,396
1273,375
1273,251
1273,11
1273,285
1273,181
1273,95
1273,220
1273,255
1273,55
1273,145
1273,219
1273,304
1273,45
1273,172
1273,241
1273,240
1273,109
1273,148
1273,209
1273,259
1273,135
1273,277
1273,189
1273,245
1273,214
1273,213
1273,222
1273,299
1273,2
1273,18
1273,29
1273,44
1273,103
1273,78
1273,120
1273,134
1273,143
1273,53
1273,150
1273,166
1273,195
1273,207
1273,210
1273,215
1273,224
1273,231
1273,242
1273,87
1273,257
1273,265
1273,291
1273,318
1273,383
1273,364
1273,379
1273,391
1273,398
1273,397
1273,117
1273,51
1273,36
1273,16
1273,371
1273,211
1273,244
1273,139
1273,48
1273,393
1273,332
1273,73
1273,50
1273,217
1273,394
1273,9
1273,46
1273,128
1273,258
1273,344
241,23
241,82
241,177
241,163
241,198
241,210
241,266
241,314
241,352
241,137
241,220
241,324
241,24
241,85
241,319
241,101
241,207
241,189
241,245
834,18
834,28
834,94
834,33
834,256
834,37
834,72
834,79
834,81
834,91
834,92
834,43
834,234
834,112
834,100
834,107
834,113
834,120
834,126
834,127
834,129
834,284
834,134
834,319
834,101
834,156
834,167
834,177
834,186
834,58
834,261
834,10
834,266
834,269
834,274
834,356
834,287
834,296
834,299
834,308
834,314
834,316
834,330
834,83
834,337
834,338
834,70
834,374
834,379
834,391
834,396
834,398
834,397
834,251
834,11
834,181
834,95
834,145
834,118
834,237
834,241
834,223
834,259
834,211
834,248
834,321
834,246
834,84
834,189
834,245
834,351
834,195
834,9
834,2
834,222
834,255
834,380
585,19
585,22
585,33
585,256
585,37
585,42
585,248
585,57
585,267
585,212
585,80
585,81
585,82
585,234
585,112
585,100
585,113
585,122
585,127
585,134
585,147
585,152
585,158
585,167
585,177
585,64
585,169
585,192
585,193
585,215
585,224
585,272
585,231
585,184
585,58
585,242
585,246
585,249
585,266
585,273
585,293
585,294
585,296
585,314
585,83
585,337
585,352
585,368
585,137
585,310
585,376
585,373
585,27
585,396
585,398
585,397
585,375
585,251
585,11
585,285
585,250
585,388
585,55
585,36
585,237
585,241
585,371
585,340
585,240
585,109
585,148
585,209
585,259
585,254
585,211
585,1
585,355
585,325
585,135
585,183
585,151
585,217
585,189
585,245
585,351
585,195
585,46
585,170
585,222
585,299
585,327
585,363
1131,18
1131,22
1131,29
1131,33
1131,256
1131,37
1131,42
1131,72
1131,212
1131,80
1131,81
1131,85
1131,107
1131,113
1131,123
1131,126
1131,319
1131,101
1131,143
1131,147
1131,53
1131,161
1131,158
1131,177
1131,224
1131,242
1131,265
1131,266
1131,273
1131,279
1131,293
1131,298
1131,314
1131,253
1131,396
1131,397
1131,117
1131,73
1131,14
1131,250
1131,118
1131,172
1131,241
1131,371
1131,340
1131,259
1131,94
1131,1
1131,111
1131,244
1131,183
1131,47
1131,393
1131,217
1131,214
1131,213
1131,46
1131,222
191,3
191,160
191,7
191,18
191,20
191,25
191,29
191,33
191,256
191,37
191,39
191,40
191,248
191,44
191,103
191,57
191,212
191,78
191,148
191,79
191,80
191,81
191,124
191,96
191,97
191,107
191,113
191,120
191,123
191,127
191,129
191,132
191,286
191,319
191,101
191,143
191,147
191,158
191,159
191,177
191,63
191,64
191,170
191,175
191,171
191,191
191,199
191,203
191,205
191,206
191,207
191,326
191,242
191,153
191,266
191,273
191,279
191,295
191,297
191,299
191,278
191,309
191,313
191,312
191,316
191,329
191,336
191,342
191,253
191,345
191,348
191,360
191,364
191,368
191,238
191,137
191,376
191,373
191,27
191,396
191,397
191,73
191,68
191,304
191,45
191,36
191,16
191,118
191,241
191,371
191,340
191,94
191,111
191,5
191,183
191,393
191,50
191,146
191,214
191,213
191,128
191,328
191,178
191,93
191,125
191,289
191,12
191,380
403,2
403,3
403,160
403,7
403,22
403,29
403,33
403,256
403,42
403,60
403,59
403,267
403,265
403,330
403,212
403,78
403,148
403,79
403,85
403,100
403,122
403,123
403,126
403,366
403,138
403,53
403,152
403,162
403,176
403,177
403,182
403,199
403,202
403,207
403,215
403,216
403,326
403,233
403,153
403,264
403,293
403,299
403,303
403,318
403,383
403,257
403,338
403,346
403,348
403,352
403,354
403,364
403,370
403,137
403,117
403,381
403,349
403,99
403,322
403,285
403,51
403,36
403,4
403,240
403,109
403,209
403,259
403,158
403,355
403,320
403,1
403,359
403,288
403,289
403,321
403,50
403,302
403,228
403,222
403,12
403,344
1197,23
1197,173
1197,26
1197,28
1197,94
1197,33
1197,256
1197,124
1197,105
1197,107
1197,133
1197,286
1197,319
1197,101
1197,53
1197,164
1197,198
1197,266
1197,279
1197,360
1197,379
1197,396
1197,180
1197,123
1197,185
1197,306
1197,307
1197,246
797,3
797,160
797,15
797,18
797,23
797,173
797,26
797,28
797,94
797,33
797,256
797,34
797,39
797,42
797,60
797,59
797,270
797,74
797,212
797,81
797,85
797,124
797,101
797,105
797,107
797,113
797,123
797,126
797,133
797,366
797,138
797,286
797,319
797,147
797,37
797,162
797,164
797,177
797,178
797,182
797,191
797,198
797,199
797,202
797,216
797,225
797,326
797,233
797,266
797,271
797,369
797,279
797,293
797,297
797,298
797,299
797,301
797,309
797,314
797,325
797,330
797,83
797,337
797,338
797,346
797,348
797,353
797,238
797,360
797,364
797,379
797,384
797,391
797,396
797,117
797,180
797,252
797,8
797,221
797,219
797,36
797,235
797,240
797,109
797,148
797,209
797,259
797,24
797,393
797,306
797,307
797,38
797,246
797,239
797,344
797,251
27,18
27,75
27,101
27,107
27,53
27,158
27,175
27,171
27,198
27,243
27,246
27,249
27,266
27,269
27,370
27,379
27,396
27,184
27,237
27,341
27,170
27,94
1300,18
1300,23
1300,33
1300,256
1300,34
1300,37
1300,40
1300,42
1300,270
1300,212
1300,80
1300,81
1300,85
1300,107
1300,113
1300,120
1300,133
1300,366
1300,319
1300,101
1300,143
1300,147
1300,53
1300,158
1300,177
1300,64
1300,198
1300,207
1300,242
1300,257
1300,266
1300,269
1300,273
1300,294
1300,278
1300,314
1300,346
1300,138
1300,307
1300,137
1300,27
1300,384
1300,396
1300,397
1300,285
1300,155
1300,118
1300,241
1300,371
1300,340
1300,259
1300,94
1300,185
1300,306
1300,321
1300,332
1300,73
1300,214
1300,213
920,23
920,173
920,26
920,28
920,94
920,124
920,105
920,107
920,133
920,286
920,319
920,101
920,164
920,198
920,266
920,279
920,360
920,379
920,396
920,306
920,307
920,246
672,3
672,160
672,23
672,26
672,33
672,256
672,38
672,42
672,54
672,60
672,59
672,270
672,77
672,212
672,80
672,85
672,100
672,107
672,120
672,131
672,284
672,319
672,101
672,157
672,165
672,177
672,65
672,187
672,198
672,199
672,204
672,207
672,210
672,215
672,216
672,261
672,10
672,273
672,293
672,294
672,278
672,301
672,314
672,330
672,337
672,338
672,70
672,352
672,238
672,372
672,377
672,379
672,398
672,285
672,68
672,220
672,8
672,221
672,219
672,241
672,371
672,340
672,259
672,359
672,288
672,289
672,324
672,137
672,277
672,86
672,106
672,395
1192,33
1192,256
1192,248
1192,72
1192,80
1192,100
1192,123
1192,319
1192,101
1192,158
1192,64
1192,175
1192,171
1192,194
1192,199
1192,202
1192,257
1192,266
1192,273
1192,293
1192,294
1192,296
1192,299
1192,278
1192,314
1192,253
1192,352
1192,379
1192,27
1192,396
1192,285
1192,220
1192,219
1192,371
1192,340
1192,259
1192,4
1192,189
1192,245
1192,222
1192,258
411,23
411,82
411,107
411,147
411,37
411,53
411,177
411,198
411,265
411,266
411,293
411,314
411,137
411,372
411,379
411,396
411,220
411,4
323,3
323,160
323,18
323,22
323,32
323,33
323,256
323,37
323,42
323,248
323,54
323,270
323,69
323,212
323,80
323,81
323,85
323,96
323,107
323,113
323,284
323,134
323,319
323,101
323,143
323,147
323,53
323,158
323,177
323,66
323,170
323,175
323,171
323,191
323,192
323,194
323,195
323,196
323,198
323,199
323,203
323,205
323,206
323,207
323,210
323,326
323,233
323,242
323,265
323,266
323,269
323,271
323,369
323,273
323,279
323,294
323,297
323,314
323,325
323,253
323,348
323,360
323,137
323,377
323,376
323,373
323,27
323,396
323,117
323,73
323,322
323,285
323,89
323,48
323,155
323,304
323,45
323,36
323,16
323,118
323,241
323,371
323,340
323,259
323,94
323,1
323,4
323,320
323,103
323,393
323,321
323,332
323,217
323,214
323,213
323,222
323,289
323,380
799,3
799,160
799,25
799,26
799,33
799,256
799,248
799,80
799,147
799,37
799,53
799,158
799,177
799,64
799,169
799,198
799,199
799,257
799,266
799,269
799,273
799,293
799,294
799,296
799,313
799,312
799,314
799,352
799,137
799,27
799,396
799,73
799,285
799,220
799,236
799,36
799,16
799,240
799,109
799,148
799,209
799,259
799,355
799,179
799,183
799,218
799,217
799,222
1022,18
1022,22
1022,37
1022,42
1022,248
1022,212
1022,80
1022,85
1022,107
1022,319
1022,101
1022,147
1022,158
1022,177
1022,191
1022,242
1022,257
1022,266
1022,301
1022,314
1022,316
1022,377
1022,396
1022,117
1022,53
1022,285
1022,95
1022,36
1022,16
1022,241
1022,371
1022,340
1022,259
1022,256
1022,94
1022,183
1022,217
1022,214
1022,213
1022,46
1022,302
1022,228
1022,222
325,3
325,160
325,22
325,60
325,62
325,212
325,107
325,113
325,133
325,319
325,101
325,152
325,158
325,159
325,177
325,204
325,210
325,233
325,242
325,243
325,266
325,273
325,279
325,300
325,303
325,314
325,360
325,379
325,27
325,396
325,241
325,371
325,340
325,185
325,183
325,24
325,23
325,367
325,214
325,213
325,46
325,45
1123,2
1123,3
1123,160
1123,18
1123,22
1123,29
1123,33
1123,256
1123,37
1123,42
1123,81
1123,106
1123,107
1123,113
1123,147
1123,177
1123,193
1123,194
1123,199
1123,204
1123,205
1123,207
1123,216
1123,265
1123,266
1123,294
1123,314
1123,391
1123,396
1123,285
1123,155
1123,220
1123,36
1123,16
1123,118
1123,259
1123,94
1123,4
1123,222
391,3
391,160
391,248
391,107
391,113
391,319
391,101
391,147
391,37
391,150
391,158
391,177
391,182
391,194
391,198
391,210
391,215
391,266
391,273
391,279
391,314
391,376
391,373
391,391
391,396
391,16
391,371
391,340
391,1
391,4
391,5
391,183
391,321
391,48
391,47
391,222
391,327
391,325
1186,15
1186,23
1186,22
1186,26
1186,28
1186,94
1186,38
1186,248
1186,57
1186,76
1186,81
1186,107
1186,113
1186,123
1186,126
1186,284
1186,366
1186,319
1186,101
1186,143
1186,147
1186,37
1186,156
1186,158
1186,159
1186,177
1186,64
1186,65
1186,168
1186,182
1186,198
1186,210
1186,233
1186,243
1186,261
1186,10
1186,266
1186,273
1186,296
1186,314
1186,343
1186,346
1186,138
1186,348
1186,360
1186,137
1186,376
1186,373
1186,379
1186,27
1186,391
1186,396
1186,117
1186,241
1186,307
1186,371
1186,340
1186,1
1186,183
1186,394
1186,395
1186,46
1186,128
341,23
341,173
341,26
341,28
341,94
341,124
341,105
341,107
341,113
341,133
341,138
341,319
341,101
341,164
341,177
341,182
341,198
341,326
341,266
341,279
341,297
341,346
341,360
341,364
341,379
341,396
341,180
341,33
341,306
341,307
341,246
341,394
341,395
578,18
578,38
578,212
578,90
578,284
578,142
578,53
578,177
578,66
578,169
578,175
578,171
578,198
578,261
578,10
578,266
578,268
578,293
578,303
578,314
578,330
578,337
578,70
578,360
578,362
578,370
578,137
578,379
578,396
578,73
578,341
578,24
578,23
578,227
578,151
600,284
600,198
600,305
600,393
18,2
18,18
18,22
18,29
18,34
18,248
18,57
18,59
18,212
18,79
18,80
18,91
18,92
18,43
18,100
18,107
18,120
18,319
18,101
18,143
18,157
18,158
18,177
18,64
18,190
18,196
18,198
18,199
18,210
18,216
18,326
18,229
18,233
18,242
18,246
18,257
18,261
18,10
18,266
18,273
18,275
18,279
18,293
18,296
18,297
18,299
18,278
18,301
18,314
18,330
18,338
18,354
18,360
18,372
18,310
18,377
18,376
18,373
18,27
18,396
18,397
18,61
18,155
18,36
18,16
18,241
18,371
18,340
18,223
18,259
18,256
18,4
18,185
18,48
18,393
18,9
18,214
18,213
18,46
1218,2
1218,3
1218,160
1218,7
1218,23
1218,22
1218,28
1218,94
1218,37
1218,40
1218,42
1218,75
1218,62
1218,67
1218,72
1218,74
1218,212
1218,78
1218,148
1218,81
1218,106
1218,107
1218,113
1218,120
1218,123
1218,126
1218,130
1218,133
1218,319
1218,101
1218,53
1218,150
1218,161
1218,158
1218,164
1218,177
1218,66
1218,186
1218,188
1218,191
1218,194
1218,196
1218,198
1218,199
1218,203
1218,204
1218,205
1218,206
1218,207
1218,210
1218,225
1218,232
1218,233
1218,242
1218,266
1218,273
1218,274
1218,356
1218,279
1218,293
1218,296
1218,297
1218,301
1218,303
1218,308
1218,309
1218,311
1218,378
1218,314
1218,346
1218,138
1218,350
1218,195
1218,353
1218,238
1218,337
1218,354
1218,360
1218,361
1218,368
1218,377
1218,379
1218,382
1218,381
1218,27
1218,391
1218,396
1218,117
1218,73
1218,180
1218,387
1218,285
1218,51
1218,89
1218,48
1218,388
1218,220
1218,327
1218,184
1218,237
1218,236
1218,219
1218,304
1218,45
1218,36
1218,16
1218,339
1218,241
1218,371
1218,340
1218,240
1218,109
1218,209
1218,259
1218,256
1218,254
1218,336
1218,183
1218,24
1218,306
1218,307
1218,321
1218,56
1218,86
1218,85
1218,214
1218,213
1218,46
1218,222
1218,344
1218,6
1218,395
403,356
403,102
723,3
723,160
723,23
723,26
723,62
723,124
723,107
723,108
723,113
723,286
723,143
723,158
723,164
723,177
723,182
723,198
723,210
723,225
723,266
723,273
723,279
723,297
723,314
723,334
723,346
723,138
723,348
723,360
723,379
723,382
723,381
723,396
723,180
723,4
723,320
723,183
723,47
723,393
723,306
723,307
723,367
723,394
723,395
723,339
723,46
723,45
938,42
938,248
938,80
938,131
938,319
938,101
938,143
938,147
938,37
938,158
938,64
938,210
938,242
938,265
938,273
938,280
938,296
938,314
938,27
938,305
938,220
938,227
938,371
938,340
938,355
938,116
938,332
938,73
938,217
938,128
938,331
827,23
827,81
827,120
827,123
827,136
827,319
827,101
827,158
827,314
827,396
827,36
827,16
827,241
1320,26
1320,72
1320,80
1320,319
1320,101
1320,177
1320,198
1320,205
1320,210
1320,232
1320,242
1320,257
1320,273
1320,317
1320,360
1320,137
1320,379
1320,220
1320,55
1320,219
1320,241
1320,371
1320,340
1320,223
1320,259
1320,256
1320,46
1320,45
1320,328
298,3
298,160
298,22
298,25
298,28
298,94
298,29
298,33
298,256
298,34
298,38
298,42
298,72
298,81
298,124
298,107
298,2
298,311
298,113
298,114
298,344
298,123
298,126
298,127
298,130
298,284
298,136
298,319
298,101
298,147
298,37
298,150
298,177
298,170
298,175
298,171
298,188
298,198
298,112
298,184
298,261
298,10
298,266
298,293
298,297
298,299
298,353
298,238
298,337
298,361
298,364
298,370
298,379
298,391
298,396
298,398
298,397
298,399
298,262
298,1
298,323
298,239
298,275
298,120
653,2
653,3
653,160
653,7
653,13
653,15
653,18
653,20
653,21
653,23
653,22
653,30
653,173
653,25
653,26
653,28
653,94
653,29
653,32
653,33
653,256
653,34
653,37
653,38
653,39
653,40
653,42
653,248
653,75
653,54
653,57
653,60
653,59
653,62
653,69
653,72
653,76
653,77
653,212
653,78
653,148
653,79
653,80
653,81
653,82
653,85
653,90
653,91
653,92
653,43
653,93
653,234
653,112
653,124
653,96
653,97
653,100
653,101
653,106
653,107
653,108
653,113
653,120
653,122
653,123
653,126
653,127
653,129
653,131
653,284
653,132
653,366
653,134
653,136
653,138
653,286
653,319
653,140
653,143
653,147
653,53
653,150
653,152
653,156
653,157
653,158
653,159
653,162
653,164
653,166
653,167
653,176
653,177
653,63
653,64
653,65
653,66
653,49
653,169
653,170
653,174
653,175
653,171
653,186
653,187
653,191
653,192
653,190
653,194
653,198
653,199
653,202
653,203
653,207
653,290
653,210
653,215
653,224
653,225
653,35
653,291
653,229
653,88
653,253
653,233
653,58
653,242
653,243
653,246
653,200
653,263
653,257
653,153
653,261
653,10
653,264
653,266
653,269
653,271
653,369
653,273
653,274
653,356
653,275
653,276
653,278
653,279
653,280
653,281
653,283
653,287
653,292
653,293
653,294
653,295
653,296
653,297
653,298
653,299
653,301
653,303
653,308
653,309
653,311
653,378
653,314
653,315
653,317
653,316
653,318
653,383
653,325
653,328
653,329
653,330
653,83
653,333
653,338
653,340
653,345
653,346
653,348
653,252
653,70
653,353
653,238
653,337
653,354
653,358
653,360
653,361
653,362
653,364
653,365
653,368
653,137
653,372
653,310
653,374
653,377
653,376
653,373
653,379
653,382
653,381
653,27
653,384
653,391
653,392
653,395
653,396
653,398
653,397
653,399
653,117
653,73
653,180
653,349
653,99
653,14
653,251
653,11
653,305
653,285
653,181
653,250
653,51
653,220
653,262
653,255
653,55
653,145
653,219
653,36
653,339
653,118
653,241
653,307
653,371
653,240
653,109
653,209
653,259
653,254
653,211
653,4
653,357
653,247
653,320
653,111
653,185
653,135
653,336
653,178
653,323
653,183
653,116
653,141
653,393
653,306
653,218
653,217
653,227
653,321
653,197
653,332
653,56
653,367
653,277
653,239
653,84
653,146
653,154
653,189
653,245
653,351
653,195
653,201
653,52
653,214
653,213
653,46
653,128
653,343
653,222
653,216
653,208
653,331
653,265
653,125
653,327
653,12
653,344
653,380
653,6
